hotel_id,room_id,name,amenities
A-35078,RA-28644,Executive Suite,
A-41302,RA-70650,Pearlinn Executive · City view,Twin Bed|120 sq.ft|3 Adults|Blanket|Water bottle|Attached washroom|Clothes rack|Fan
A-80242,RA-50351,Superior Double Room,2 Guests
A-52528,RA-73608,Classic,Double Bed|130 sq.ft|2 Adults|Blanket|TV|Fan|Dustbin
A-39286,RA-79857,2 Bedroom Suite,253 sq.ft|4 Guests|Fridge|Blackout curtains|Flat-screen TV|Separate living room|Dining table
A-70230,RA-04241,Executive Room · City view,Double Bed|255 sq.ft|3 Adults|Fridge|Blackout curtains|Wardrobe/closet|Blanket|TV
A-35718,RA-59003,Deluxe AC · City view,Queen Bed|196 sq.ft|3 Adults|Blanket|Attached washroom|Fan
A-53678,RA-32340,Deluxe Room - Non Smoking · City view,Double Bed|225 sq.ft|2 Adults|Minibar|Sofa|Wardrobe/closet|Blanket|TV
A-98793,RA-44519,Non AC Executive · City view,Double Bed|150 sq.ft|3 Adults|Flat-screen TV|Blanket|TV|Toiletries|Towels
A-89937,RA-89225,Double Room Ac,Double Bed|150 sq.ft|3 Adults|Blanket|Air conditioning|Fan
A-49503,RA-34883,Standard room,Twin Bed|150 sq.ft|2 Adults|Minibar|Feather pillow|TV|Ironing facilities|Air conditioning
A-76099,RA-98732,Premium Executive Room · City view,Double Bed|220 sq.ft|3 Adults|Blanket|Air conditioning|WiFi access|Water bottle|Housekeeping
A-79738,RA-30772,Queen Deluxe,
A-04222,RA-59855,Superior · City view,Double Bed|256 sq.ft|2 Adults|Blanket|TV|Air conditioning|Hairdryer|WiFi access
A-34136,RA-94817,Premium Room,Double Bed|180 sq.ft|3 Adults|Blanket|TV|Toiletries|WiFi access|Water bottle
A-22034,RA-40155,Deluxe AC Room · City view,Double Bed|312 sq.ft|2 Adults|Fridge|Blanket|TV|Air conditioning|Heating
A-29026,RA-47195,Deluxe - Room · City view,Double Bed|132 sq.ft|3 Adults|Minibar|Flat-screen TV|Linens|Blanket|TV
A-78488,RA-76706,Deluxe Room,1938 sq.ft|1 Adult|TV|Air conditioning|Toiletries|Towels|Water bottle
A-02886,RA-16540,Premium Suite - 2 Double Beds City View,1251 sq.ft|4 Guests|Tea/coffee maker|Fridge|Minibar|Sofa|Linens
A-75381,RA-15220,Deluxe Non-AC,1292 sq.ft|2 Guests|Flat-screen TV|TV|Toiletries|Towels|Private bathroom
A-43823,RA-13034,Hoodo Zoe - Scandinavian Apartment - 301,King Bed|475 sq.ft|3 Adults|Fridge|Blackout curtains|Dining table|Sofa|Blanket
A-29206,RA-51217,Standard Twin,Twin Bed|120 sq.ft|2 Adults|Flat-screen TV|WiFi access|Attached washroom|Fan
A-77213,RA-27843,Royal Club Twin Room · City view,Twin Bed|500 sq.ft|3 Adults|Fridge|Wardrobe/closet|Ironing facilities|Clothes dryer|Dental kit
A-22358,RA-60248,Deluxe Room,Queen Bed|324 sq.ft|3 Adults|Blackout curtains|Flat-screen TV|Wardrobe/closet|Blanket|TV
A-01031,RA-73550,King Suite · City view,King Bed|350 sq.ft|3 Adults|Blanket|TV|WiFi access|Water bottle|Attached washroom
A-80265,RA-07728,2 BHK KMR-301,Double Bed|300 sq.ft|6 Adults|Blanket|TV|Towels|WiFi access|Water bottle
A-82813,RA-84239,"Club Room, 1 Queen Bed",
A-81789,RA-02003,Executive Queen,Queen Bed|130 sq.ft|2 Adults|Blanket|Towels|WiFi access|Water bottle|Housekeeping
A-83821,RA-91919,Classic,Double Bed|100 sq.ft|2 Adults|Flat-screen TV|Fan
A-36218,RA-24374,DELUXE KING ROOM · City view,Double Bed|150 sq.ft|3 Adults|Fridge|Blanket|Air conditioning|WiFi access|Water bottle
A-45119,RA-23276,Superior Room · City view,Double Bed|225 sq.ft|3 Adults|Fridge|Minibar|Wardrobe/closet|TV|Ironing facilities
A-18175,RA-34328,2BHK Single Bathroom Private Flat · City view,Double Bed|120 sq.ft|3 Adults|Minibar|Linens|Blanket|TV|Towels
A-64013,RA-62785,Family Room · City view,Double Bed|300 sq.ft|3 Adults|Blanket|Air conditioning|WiFi access|Water bottle|Attached washroom|Shower
A-53948,RA-41980,Premium Queen Room - Non-Smoking Rooms · City view,Double Bed|175 sq.ft|2 Adults|Blanket|TV|Air conditioning|Toiletries|Towels
A-18357,RA-08789,Family Penthouse · City view,Double Bed|900 sq.ft|4 Adults|Blackout curtains|Sofa|Blanket|TV|Air conditioning
A-87452,RA-14664,Executive Room · City view,Double Bed|180 sq.ft|3 Adults|Fridge|Flat-screen TV|Blanket|TV|Air conditioning
A-83767,RA-02665,Couple Cabin,
A-22972,RA-53458,Standard Double Room · City view,Double Bed|154 sq.ft|3 Adults|Sofa|Wardrobe/closet|Blanket|TV|Air conditioning
A-14847,RA-97695,Suite Room · City view,Double Bed|375 sq.ft|3 Adults|Flat-screen TV|Linens|Blanket|TV|Air conditioning
A-93677,RA-00334,Standard double fan,1507 sq.ft|2 Guests|Linens|Wardrobe/closet|TV|Ironing facilities|Air conditioning
A-41021,RA-34102,Deluxe with Twin Bed,Double Bed|150 sq.ft|2 Adults|Blanket|Attached washroom|Fan
A-04189,RA-74093,Suite,Double Bed|100 sq.ft|2 Adults|Blackout curtains|Flat-screen TV|Blanket|Air conditioning|Toiletries
A-16062,RA-65463,Deluxe Room,King Bed|150 sq.ft|3 Adults|Flat-screen TV|Linens|Blanket|Air conditioning|Toiletries
A-03801,RA-86164,Family King room · City view,King Bed|180 sq.ft|3 Adults|Blanket|TV|Air conditioning|Toiletries|WiFi access
A-82813,RA-59091,"Room, Tower",
A-62202,RA-90053,Deluxe Twin Room · City view,Double Bed|425 sq.ft|3 Adults|Minibar|Blanket|Ironing facilities|Air conditioning|Water bottle
A-92253,RA-17327,Standard AC · City view,Double Bed|176 sq.ft|3 Adults|Blanket|TV|Air conditioning|Toiletries|Fan
A-65550,RA-06489,Premium Twin Room · City view,Twin Bed|200 sq.ft|2 Adults|Wardrobe/closet|Blanket|Water bottle|Attached washroom|Clothes rack
A-20053,RA-58748,2BHK · City view,King Bed|1000 sq.ft|4 Adults|Sofa|TV|Air conditioning|Toiletries|WiFi access
A-60785,RA-42887,Classic Room,Double Bed|100 sq.ft|2 Adults|Wardrobe/closet|TV|Towels|Fan|Shower
A-35486,RA-86672,Deluxe Room,Double Bed|200 sq.ft|3 Adults|Blackout curtains|Wardrobe/closet|Blanket|TV|WiFi access
A-38229,RA-58983,Deluxe Room · City view,Double Bed|200 sq.ft|3 Adults|Wardrobe/closet|Blanket|TV|WiFi access|Water bottle
A-25216,RA-73251,Premium Executive Room,
A-25561,RA-96902,Deluxe Double Room,215 sq.ft|3 Adults|Coffee machine|Wardrobe/closet|TV|Toiletries|Private bathroom
A-66313,RA-16098,Deluxe Double Non AC · City view,Double Bed|320 sq.ft|3 Adults|Blanket|TV|Toiletries|WiFi access|Water bottle
A-32648,RA-12951,DELUXE KING ROOM · City view,King Bed|200 sq.ft|3 Adults|Blanket|TV|Air conditioning|Water bottle|Clothes rack
A-40264,RA-69096,Deluxe Room with Sofa (AC) & Balcony · City view,Double Bed|175 sq.ft|3 Adults|Blanket|TV|Air conditioning|Toiletries|Towels
A-39467,RA-54902,Deluxe Room,
A-54473,RA-61546,Standard Non AC · City view,Double Bed|200 sq.ft|3 Adults|Blanket|Ironing facilities|Air conditioning|Toiletries|Towels
A-60358,RA-26995,Superior King · City view,Double Bed|300 sq.ft|3 Adults|Blanket|Water bottle|Attached washroom
A-10044,RA-72938,Deluxe Queen Room · City view,Queen Bed|260 sq.ft|3 Adults|Fridge|Wardrobe/closet|Blanket|TV|Ironing facilities
A-20270,RA-22024,Superior Queen Bed · City view,Queen Bed|180 sq.ft|2 Adults|Blackout curtains|Blanket|TV|Air conditioning|WiFi access
A-62556,RA-23828,Executive Suite,Double Bed|200 sq.ft|3 Adults|Fridge|Minibar|Sofa|TV|Ironing facilities
A-15916,RA-53914,Deluxe Twin Beds · City view,Double Bed|124 sq.ft|3 Adults|Minibar|Flat-screen TV|Linens|Blanket|TV
A-57611,RA-15146,Standard Room,
A-87208,RA-16553,Deluxe Room · City view,Double Bed|280 sq.ft|3 Adults|Minibar|Flat-screen TV|Linens|Blanket|TV
A-48736,RA-39724,House,TwinXLBed|107 sq.ft|2 Adults|Wardrobe/closet|TV|Private bathroom|Shower|Shampoo
A-16593,RA-77499,Deluxe Room,1292 sq.ft|2 Guests|Wardrobe/closet|TV|Air conditioning|Toiletries|Towels
A-76983,RA-09799,Standard Room,3 Adults
A-27830,RA-31222,Standard Balcony Room,Queen Bed|210 sq.ft|2 Adults|Toiletries|Attached washroom|Fan|Shower
A-25504,RA-28006,Night Stay with Morning Cruise In Sharing Houseboat Check In 6 PM Check Out 09 AM,
A-51506,RA-01850,Deluxe AC Room · City view,Queen Bed|100 sq.ft|2 Adults|Flat-screen TV|TV|Iron|Toiletries|Towels
A-08836,RA-56141,Deluxe Room AC · City view,Double Bed|120 sq.ft|3 Adults|Blanket|Air conditioning|Attached washroom|Fan
A-21571,RA-67080,Four Beded Executive AC Suite · City view,Double Bed|180 sq.ft|3 Adults|Fridge|Linens|Air conditioning|Towels|Cushions
A-20508,RA-29373,Standard Non AC Room,Queen Bed|150 sq.ft|2 Adults|Blanket|TV|Towels|WiFi access|Housekeeping
A-43062,RA-98510,Budget Triple Room,1 double bed|216 sq.ft|3 Guests|Flat-screen TV|Sofa|Linens|Wardrobe/closet|Extra long beds (> 6.5 ft)
A-19667,RA-73021,Deluxe Room · City view,Double Bed|3 Adults|Blanket|WiFi access|Water bottle|Housekeeping|Attached washroom
A-26483,RA-72328,Deluxe AC King Room,King Bed|200 sq.ft|2 Adults|Blanket|TV|Air conditioning|Attached washroom|Fan
A-40259,RA-74850,"Four Seasons, Suite, Corner · Garden view",689 sq.ft|4 Adults|Fridge|Wardrobe/closet|Attached washroom|Desk|Charging points|Trash can
A-05126,RA-20952,Premium Room,
A-55421,RA-16557,Studio Apartment,2369 sq.ft|2 Guests
A-11235,RA-66297,Deluxe Room,3 Adults|Air conditioning|Water bottle|Attached washroom|Accessible by elevator
A-35855,RA-44800,Suite Room,1 Adult|Fridge|Separate living room|Dining table|Sofa|Wardrobe/closet
A-54010,RA-39014,Suite,Double Bed|100 sq.ft|2 Adults|Blanket|Attached washroom|Fan
A-05398,RA-09090,Deluxe Double · City view,Double Bed|221 sq.ft|3 Adults|Blanket|Attached washroom|Fan
A-62202,RA-18230,Executive Club Twin Room · City view,Twin Bed|425 sq.ft|3 Adults|Minibar|Blanket|Ironing facilities|Air conditioning|Water bottle
A-21571,RA-00157,Executive AC Room · City view,Double Bed|150 sq.ft|3 Adults|Fridge|TV|Towels|Fan|Dental kit
A-25448,RA-55425,Balcony room,
A-42138,RA-82345,The Towers with Balcony · City view,Double Bed|520 sq.ft|2 Adults|Minibar|Blackout curtains|Sofa|Blanket|TV
A-94479,RA-19197,Deluxe Non AC · City view,Double Bed|120 sq.ft|3 Adults|Minibar|Flat-screen TV|Linens|Air conditioning|Toiletries
A-90806,RA-14743,Vista Suites · City view,Double Bed|200 sq.ft|3 Adults|TV|Air conditioning|WiFi access|Water bottle|Attached washroom
A-43062,RA-41759,Budget Double Room,1 double bed|130 sq.ft|2 Guests|Flat-screen TV|Linens|Wardrobe/closet|Extra long beds (> 6.5 ft)|Wake up service
A-24014,RA-18075,Standard · City view,Double Bed|125 sq.ft|2 Adults|Blanket|Water bottle|Attached washroom|Clothes rack|Fan
A-43389,RA-34362,Standard Room,Double Bed|125 sq.ft|2 Adults|Blanket|Attached washroom|Fan
A-16322,RA-44969,Standard Non AC · City view,King Bed|1030 sq.ft|2 Adults|Flat-screen TV|TV|Toiletries|WiFi access|Housekeeping
A-24911,RA-31293,Deluxe Villa,
A-51638,RA-10713,Standard Room · City view,Double Bed|120 sq.ft|3 Adults|Linens|Wardrobe/closet|Blanket|TV|Toiletries
A-70639,RA-80939,Premium AC Room · City view,Double Bed|200 sq.ft|3 Adults|Wardrobe/closet|Blanket|TV|Air conditioning|Toiletries
A-75381,RA-36357,Deluxe AC Room,1292 sq.ft|2 Guests|Flat-screen TV|Linens|TV|Air conditioning|Toiletries
A-21966,RA-53861,Standard Twin,Twin Bed|140 sq.ft|2 Adults|Blanket|Toiletries|WiFi access|Water bottle|Housekeeping
A-49789,RA-21703,Common Room,Double Bed|100 sq.ft|2 Adults|Blanket|Toiletries|WiFi access|Attached washroom
A-97536,RA-97096,The Studio Room · City view,Double Bed|180 sq.ft|3 Adults|Flat-screen TV|Linens|Blanket|TV|Towels
A-32214,RA-62862,Classic,2 Adults|Flat-screen TV|Attached washroom|Fan
A-40873,RA-05956,Standard Non AC Room · City view,Double Bed|110 sq.ft|3 Adults|Flat-screen TV|Linens|Blanket|TV|Towels
A-66219,RA-29427,Premium Double or Twin Room · City view,Twin Bed|255 sq.ft|3 Adults|Fridge|Minibar|Sofa|Wardrobe/closet|Blanket
A-64510,RA-67260,Deluxe Room,Double Bed|120 sq.ft|2 Adults|Flat-screen TV|Dining area|Walk-in closet|Wardrobe/closet|Blanket
A-37324,RA-66077,Deluxe Room,
A-99804,RA-53691,Deluxe Double Room,Double Bed|160 sq.ft|3 Adults|Flat-screen TV|Air conditioning|WiFi access|Attached washroom|Fan
A-96865,RA-68240,Royal Deluxe · City view,Double Bed|150 sq.ft|2 Adults|Blanket|TV|WiFi access|Water bottle|Attached washroom
A-35855,RA-59126,Executive Room,1 Adult|Fridge|Separate living room|Dining table|Wardrobe/closet|Blanket
A-39286,RA-21781,Double Executive Room,135 sq.ft|2 Guests|Blackout curtains|Wardrobe/closet|Air conditioning|Toiletries|Towels
A-30440,RA-71199,Deluxe Room,Double Bed|180 sq.ft|2 Adults|Flat-screen TV|Linens|Wardrobe/closet|Wake up service|Blanket
A-45999,RA-79895,Basic Room,
A-68485,RA-87779,Standard Room with Balcony · City view,Single Bed|110 sq.ft|3 Adults|Blanket|Attached washroom|Fan
A-95297,RA-98755,"Deluxe Room, City View",
A-55355,RA-21255,Queen Room · City view,3 Adults|Sofa|Wardrobe/closet|Air purifier|Water bottle|Housekeeping
A-70829,RA-40555,Double - 2 People,205 sq.ft|2 Guests|Blackout curtains|Flat-screen TV|Wardrobe/closet|TV|Ironing facilities
A-36138,RA-45208,Deluxe Double Room · City view,Double Bed|130 sq.ft|2 Adults|Flat-screen TV|Blanket|TV|Air conditioning|Toiletries
A-96180,RA-86742,Super Deluxe Room,2 Adults
A-82321,RA-95836,Deluxe EP,King Bed|284 sq.ft|3 Adults|Air conditioning|Water bottle|Attached washroom|Accessible by elevator
A-03019,RA-27043,Oak · City view,Double Bed|150 sq.ft|2 Adults|TV|Air conditioning|Towels|Fan|Conditioner|Shampoo
A-05468,RA-75327,Deluxe Room,"TwinBed,TwinXLBed|196 sq.ft|3 Adults|Bathtub or shower|Body soap|Shampoo|Toilet paper|Smoking policy – smoking available"
A-31408,RA-54962,STANDARD ROOMS · City view,Double Bed|120 sq.ft|3 Adults|Blanket|Air conditioning|WiFi access|Water bottle|Attached washroom|Shower
A-97677,RA-48640,Deluxe Suite · Pool view,King Bed|679 sq.ft|3 Adults|Fridge|Minibar|Blackout curtains|Flat-screen TV|Sofa
A-14908,RA-57924,Luxury Single Room,
A-61166,RA-90092,Standard Room · City view,Double Bed|200 sq.ft|3 Adults|Blanket|TV|Air conditioning|Toiletries|Towels
A-29504,RA-71966,Deluxe Queen Room,1 queen bed|216 sq.ft|2 Guests|Linens|Wardrobe/closet|Extra long beds (> 6.5 ft)|Streaming services|Ironing facilities
A-38229,RA-43261,Executive Twin Room · City view,Twin Bed|200 sq.ft|3 Adults|Minibar|Wardrobe/closet|TV|Ironing facilities|Air conditioning
A-54423,RA-36914,Deluxe Room,Double Bed|100 sq.ft|2 Adults|Blackout curtains|Blanket|Attached washroom|Fan|Charging points|Dustbin
A-01462,RA-02604,Superior Room · City view,Double Bed|250 sq.ft|3 Adults|Wardrobe/closet|Blanket|TV|Air conditioning|Toiletries
A-88903,RA-01298,1BHK,King Bed|180 sq.ft|2 Adults|Tea/coffee maker|Minibar|Blackout curtains|Flat-screen TV|Walk-in closet
A-74509,RA-78014,Premium King Room · City view,King Bed|220 sq.ft|3 Adults|Tea/coffee maker|Coffee machine|Fridge|Minibar|Blackout curtains
A-55394,RA-23223,Deluxe Luxury Ac,Queen Bed|150 sq.ft|2 Adults|Blackout curtains|Dining area|Wardrobe/closet|Air conditioning|Towels
A-04379,RA-89559,Deluxe Double Room,183 sq.ft|2 Guests|Linens|Wardrobe/closet|Extra long beds (> 6.5 ft)|Ironing facilities|Air conditioning
A-33372,RA-18539,Superior King · Grounds,375 sq.ft|3 Adults|Tea/coffee maker|Fridge|Flat-screen TV|Linens|TV
A-61546,RA-42852,Premium Room With Double Bed · City view,Double Bed|280 sq.ft|3 Adults|Fridge|Minibar|Blackout curtains|Flat-screen TV|Duvet
A-47801,RA-35894,One Bedroom Suite · Resort view,"KingBed,SofaBed|915 sq.ft|3 Adults|Coffee machine|Minibar|Blackout curtains|Wardrobe/closet|TV"
A-42163,RA-12300,Standard room · City view,Double Bed|120 sq.ft|3 Adults|Blanket|Attached washroom|Fan
A-82321,RA-75463,Premier Room CP,King Bed|200 sq.ft|3 Adults|Blanket|Attached washroom|Fan
A-64177,RA-11463,Standard Room · City view,Double Bed|186 sq.ft|3 Adults|Blanket|Air conditioning|Bathtub or shower|Attached washroom|Fan
A-51154,RA-03006,Deluxe Room · City view,Double Bed|240 sq.ft|3 Adults|Fridge|Blanket|TV|Air conditioning|WiFi access
A-04622,RA-53029,Classic,130 sq.ft|3 Adults|Flat-screen TV|Attached washroom|Fan
A-41194,RA-35209,Standard Room · City view,Double Bed|120 sq.ft|3 Adults|Blanket|Air conditioning|Toiletries|Water bottle|Housekeeping
A-91980,RA-55721,Premium Room,Double Bed|180 sq.ft|2 Adults|Flat-screen TV|Wardrobe/closet|TV|Air conditioning|Toiletries
A-85227,RA-72991,Deluxe Double Room AC,Double Bed|200 sq.ft|3 Adults|Wardrobe/closet|Blanket|TV|Air conditioning|Toiletries
A-91926,RA-44042,Economy Double Room · City view,Double Bed|130 sq.ft|3 Adults|TV|Ironing facilities|Air conditioning|Towels|Fan
A-77277,RA-17855,Deluxe,
A-72019,RA-13229,Deluxe Double Room · City view,Double Bed|224 sq.ft|3 Adults|Blanket|TV|Air conditioning|Towels|Housekeeping
A-95256,RA-56269,Deluxe Room,
A-64112,RA-66876,"Deluxe Room, Balcony, City View · City view",FullBed|350 sq.ft|2 Adults|Wardrobe/closet|TV|Private bathroom|Shower|Body soap
A-45541,RA-57091,"Superior Apartment, 1 Queen Bed",
A-27140,RA-46815,Superior Double Room,3230 sq.ft|2 Guests|Sofa|Linens|Wardrobe/closet|Extra long beds (> 6.5 ft)|Air conditioning
A-19664,RA-54147,Standard Four Bed Non AC · City view,Double Bed|180 sq.ft|4 Adults|Wardrobe/closet|Blanket|TV|Toiletries|Towels
A-04042,RA-47413,Superior · Canal view,Double Bed|200 sq.ft|2 Adults|Flat-screen TV|Blanket|Air conditioning|Towels|Cushions
A-95067,RA-45059,Premium Room,
A-04571,RA-56567,Standard Double Room,
A-22726,RA-81820,"Luxury Suite, 1 King Bed · Garden view",KingBed|840 sq.ft|4 Adults|Wine/champagne|Minibar|Blackout curtains|Dining area|Dining table
A-41609,RA-73244,Deluxe Room,Double Bed|150 sq.ft|2 Adults|Blanket|Attached washroom|Fan
A-19647,RA-78721,2 BHK Apartment · City view,Queen Bed|340 sq.ft|4 Adults|Blanket|Attached washroom|Fan
A-32035,RA-83062,Standard Room,Double Bed|150 sq.ft|3 Adults|Blanket|Toiletries|WiFi access|Attached washroom
A-03422,RA-47073,"Premium Room, Balcony, City View",
A-99080,RA-70518,Deluxe Double Room (Non-A/C) · City view,Double Bed|144 sq.ft|3 Adults|Fridge|TV|Ironing facilities|WiFi access|Water bottle
A-89894,RA-30678,Executive Double or Twin Room,
A-23921,RA-79902,Luxury Suite Room with King Bed,King Bed|300 sq.ft|3 Adults|Minibar|Wardrobe/closet|Ironing facilities|Air conditioning|Towels
A-43890,RA-23417,Deluxe Twin Room · City view,Twin Bed|200 sq.ft|2 Adults|Fridge|Sofa|Wardrobe/closet|Blanket|TV
A-03622,RA-54983,Classic,Double Bed|110 sq.ft|2 Adults
A-40927,RA-93854,Twin Room · City view,Twin Bed|200 sq.ft|2 Adults|Blanket|WiFi access|Water bottle|Attached washroom|Mirror
A-17084,RA-69840,Standard King Room AC · City view,Double Bed|301 sq.ft|3 Adults|Blanket|TV|WiFi access|Water bottle|Housekeeping
A-60772,RA-65900,Deluxe Room,
A-40259,RA-28407,Premier Room Two Twin · City view,463 sq.ft|3 Adults|Coffee machine|Fridge|Minibar|Sofa|Wardrobe/closet
A-89308,RA-42192,"Deluxe Double Room, 1 King Bed, Garden View · Garden view",KingBed|180 sq.ft|2 Adults|Wine/champagne|TV|Air conditioning|Hairdryer|Shower
A-04030,RA-76097,Classic,100 sq.ft|3 Adults|Flat-screen TV|Attached washroom|Fan
A-73861,RA-50502,Compact Villa · City view,Double Bed|150 sq.ft|3 Adults|Blanket|Attached washroom|Fan
A-71836,RA-64210,Deluxe Double Room,
A-80720,RA-25530,Large Penthouse Studio · City view,King Bed|225 sq.ft|7 Adults|Fridge|Wardrobe/closet|Blanket|TV|Attached washroom
A-53505,RA-92900,Deluxe-King/Twin 8 Hours - 1800 to 0600 hrs,Double Bed|250 sq.ft|3 Adults|Blackout curtains|Flat-screen TV|Wardrobe/closet|Blanket|TV
A-72019,RA-22283,Deluxe Twin Room · City view,Double Bed|150 sq.ft|3 Adults|Wine glasses|TV|Air conditioning|Towels|Attached washroom
A-40309,RA-07342,Double Non AC Room,Double Bed|180 sq.ft|3 Adults|TV|Towels|Water bottle|Fan|Shower
A-70816,RA-43097,Deluxe King · City view,King Bed|180 sq.ft|3 Adults|Blackout curtains|Blanket|TV|Ironing facilities|Air conditioning
A-78307,RA-00224,Classic Triple Room,108 sq.ft|3 Guests|Flat-screen TV|Linens|Wardrobe/closet|TV|Air conditioning
A-58567,RA-04175,Deluxe Room · Resort view,King Bed|200 sq.ft|3 Adults|Flat-screen TV|Wardrobe/closet|Blanket|TV|Air conditioning
A-98101,RA-06612,King Room · City view,Double Bed|250 sq.ft|3 Adults|Wardrobe/closet|Blanket|TV|Ironing facilities|Air conditioning
A-83693,RA-12898,AZURE Suite Apartment A7,
A-37212,RA-93809,Suite Room · City view,Queen Bed|200 sq.ft|3 Adults|Blanket|Water bottle|Attached washroom
A-77706,RA-76232,Guest House · City view,4 Adults|Fridge|Wardrobe/closet|Blanket|Ironing facilities|Water bottle
A-30243,RA-07172,Deluxe,Double Bed|125 sq.ft|2 Adults|Flat-screen TV|Wardrobe/closet|Blanket|TV|Air conditioning
A-25205,RA-01798,Standard Twin,Twin Bed|120 sq.ft|2 Adults|Duvet|Blanket|Toiletries|Towels|WiFi access
A-39865,RA-19446,Deluxe Twin Room,
A-94928,RA-72935,Classic Triple Room,130 sq.ft|3 Guests|Flat-screen TV|Linens|Wardrobe/closet|TV|Air conditioning
A-29218,RA-68626,Deluxe Room,Double Bed|180 sq.ft|2 Adults|Blanket|TV|Air conditioning|Toiletries|Towels
A-88760,RA-52615,Classic Triple Room,108 sq.ft|3 Guests|Linens|TV|Air conditioning|Toiletries|Towels
A-40309,RA-68264,Triple Non AC Room,Triple Bed|250 sq.ft|4 Adults|TV|Towels|Fan|Shower|Conditioner
A-39239,RA-25272,Classic Room,Double Bed|130 sq.ft|2 Adults|Coffee machine|Fridge|Blanket|TV|Air conditioning
A-74509,RA-48205,Premium Twin Room · City view,Twin Bed|220 sq.ft|3 Adults|Tea/coffee maker|Coffee machine|Fridge|Minibar|Blackout curtains
A-25141,RA-82351,One Bedroom Apartment,431 sq.ft|2 Guests|Fridge|TV|Washing machine|Toiletries|Towels
A-41302,RA-27943,ROYAL DELUXE · City view,King Bed|120 sq.ft|3 Adults|Blanket|Towels|Water bottle|Housekeeping|Attached washroom
A-53678,RA-22315,Deluxe Balcony Room · City view,Double Bed|289 sq.ft|2 Adults|Minibar|Wardrobe/closet|Blanket|TV|Ironing facilities
A-74642,RA-89381,"Room, 1 King Bed, City View",KingBed|2 Adults|Smoking policy – non-smoking available|Wheelchair
A-49665,RA-46640,Premium AC Room · City view,Double Bed|220 sq.ft|3 Adults|Blackout curtains|Flat-screen TV|Linens|Blanket|TV
A-46719,RA-04836,Deluxe Double or Twin,
A-88685,RA-53000,Standard Apartment 1 Bedroom,
A-24642,RA-72368,Super Deluxe Room,
A-08114,RA-79845,Executive Queen Room · City view,Queen Bed|250 sq.ft|2 Adults|Blackout curtains|Blanket|Toiletries|Towels|WiFi access
A-69188,RA-23406,Deluxe Double Room with Air Conditioning,22 sq.ft|3 Guests|Air conditioning
A-73600,RA-85882,Standard Twin,Twin Bed|140 sq.ft|2 Adults|Blanket|Toiletries|WiFi access|Water bottle|Housekeeping
A-85340,RA-77913,"Premium, Guest room, 1 King",King Bed|387 sq.ft|3 Adults|Tea/coffee maker|Minibar|Duvet|Feather pillow|Air conditioning
A-20974,RA-47951,Standard room,King Bed|180 sq.ft|2 Adults|Flat-screen TV|Wardrobe/closet|Wake up service|Blanket|Iron
A-49418,RA-14444,Kalyan Luxury Suite 201,
A-49665,RA-62146,Deluxe AC Room · City view,Double Bed|175 sq.ft|3 Adults|Flat-screen TV|Linens|Blanket|TV|Air conditioning
A-01779,RA-60212,Standard King Room,King Bed|150 sq.ft|2 Adults|Blanket|Attached washroom|Fan
A-33372,RA-69004,Superior Twin · Grounds,375 sq.ft|3 Adults|Tea/coffee maker|Fridge|Flat-screen TV|Linens|Blanket
A-31015,RA-06552,Standard Room,Double Bed|120 sq.ft|3 Adults|Flat-screen TV|Duvet|Blanket|Air conditioning|Cushions
A-23224,RA-41541,Deluxe AC · City view,King Bed|144 sq.ft|3 Adults|Blanket|TV|Cushions|Desk|Sanitizers
A-90037,RA-94291,Superior Room,
A-09115,RA-28707,Club Room · City view,3 Adults|Blanket|Water bottle|Attached washroom|Clothes rack|Fan
A-48328,RA-20772,"Standard Room, 1 Queen Bed, Balcony",200 sq.ft|2 Adults|Coffee machine|Fridge|Minibar|Blackout curtains|Wardrobe/closet
A-51723,RA-32535,Deluxe King Room,538 sq.ft|3 Adults|Fridge|Feather pillow|TV|Ironing facilities|Air conditioning
A-51141,RA-42779,Classic Triple Room,
A-97623,RA-55329,Super Deluxe Room,2 Adults
A-68739,RA-02462,Studio Room A/C · City view,Double Bed|120 sq.ft|2 Adults|Wardrobe/closet|Blanket|TV|Air conditioning|WiFi access
A-19834,RA-95452,Standard Twin,Twin Bed|140 sq.ft|2 Adults|Wardrobe/closet|Blanket|Toiletries|WiFi access|Water bottle
A-92830,RA-20876,Deluxe Twin Room,
A-99008,RA-80852,One-Bedroom Apartment · City view,Double Bed|750 sq.ft|4 Adults|Blackout curtains|Sofa|Blanket|TV|Air conditioning
A-06548,RA-59166,Classic Room,180 sq.ft|3 Adults|Separate living room|Dining table|Wardrobe/closet|Blanket|TV
A-04138,RA-87413,3 Bed Family Room Non AC · City view,Double Bed|240 sq.ft|3 Adults|Blanket|TV|Toiletries|WiFi access|Water bottle
A-31009,RA-14946,Premium,4306 sq.ft|2 Guests|Flat-screen TV|TV|Air conditioning|Desk|Charging points
A-09722,RA-45167,Deluxe with Twin Bed,Double Bed|150 sq.ft|2 Adults|Flat-screen TV|Attached washroom|Fan
A-94828,RA-40436,Deluxe Queen,Double Bed|160 sq.ft|2 Adults|Blackout curtains|Flat-screen TV|Duvet|Linens|Wardrobe/closet
A-32983,RA-47386,Executive Room - CP · City view,Double Bed|340 sq.ft|3 Adults|Wardrobe/closet|Blanket|Air conditioning|Water bottle|Attached washroom
A-21265,RA-10927,"Superior Room, 1 Double Bed · City view",FullBed|2 Adults|Minibar|Blackout curtains|Wardrobe/closet|TV|Ironing facilities
A-34143,RA-71886,Standard Ac Room · City view,Double Bed|144 sq.ft|3 Adults|Minibar|Flat-screen TV|Linens|Blanket|TV
A-79179,RA-58037,Standard Double Room · City view,Double Bed|160 sq.ft|2 Adults|Blanket|Air conditioning|Water bottle|Accessible by elevator
A-56634,RA-49077,Premium Double Room · City view,FullBed|2 Adults|Coffee machine|Wardrobe/closet|TV|Private bathroom|Shower
A-36024,RA-19202,Luxury Apartment,"KingBed,SofaBed|2 Adults|Toiletries|Hairdryer|Private bathroom|Shower|Body soap"
A-17743,RA-31603,Deluxe Twin Room,King Bed|220 sq.ft|2 Adults|Blanket|TV|Air conditioning|Toiletries|Towels
A-28311,RA-07454,Deluxe Room · City view,Double Bed|162 sq.ft|2 Adults|Wardrobe/closet|Blanket|TV|Ironing facilities|Air conditioning
A-18357,RA-39102,Executive Triple Bed - Breakfast Included · City view,Queen Bed|288 sq.ft|3 Adults|Blackout curtains|Sofa|Blanket|TV|Air conditioning
A-28234,RA-06464,Deluxe AC Room,Double Bed|200 sq.ft|2 Adults|Blanket|Attached washroom|Fan
A-59505,RA-33244,Studio Room,237 sq.ft|2 Guests|Air conditioning
A-82813,RA-19363,"Club Suite, 1 King Bed, Smoking",
A-80072,RA-17032,Executive Apartment,
A-96869,RA-34569,1 BHK Service Apartment,
A-47710,RA-20255,Deluxe Room,2 Adults|Air conditioning|Towels
A-76821,RA-68584,Premium AC Room,King Bed|240 sq.ft|3 Adults|Flat-screen TV|Blanket|TV|Air conditioning|Towels
A-22804,RA-43567,"Standard Room, 2 Twin Beds, City View · City view",TwinBed|237 sq.ft|2 Adults|Minibar|Blackout curtains|Flat-screen TV|Ironing facilities|Toiletries
A-95868,RA-14250,Executive Room,
A-17130,RA-40405,Superior Suite,QueenBed|151 sq.ft|2 Adults|Toiletries|Private bathroom|Shower|Desk|Room service
A-77213,RA-62530,Executive Suite · Park View,King Bed|721 sq.ft|3 Adults|Fridge|Minibar|Blackout curtains|Flat-screen TV|Sofa
A-59571,RA-47205,Standard Double Room,
A-32749,RA-24073,Classic · City view,Double Bed|143 sq.ft|2 Adults|Water bottle|Attached washroom|Fan|Accessible by elevator
A-17743,RA-82969,Deluxe Triple Suite Room,King Bed|220 sq.ft|2 Adults|Blanket|TV|Air conditioning|Toiletries|Towels
A-57198,RA-20025,Standard Room,151 sq.ft|2 Guests|Tea/coffee maker|Blackout curtains|Flat-screen TV|Sofa|Linens
A-85556,RA-19682,Standard Double Room · City view,Double Bed|150 sq.ft|3 Adults|TV|Air conditioning|Towels|Fan|Shower
A-72364,RA-40673,Deluxe Twin Room,227 sq.ft|1 Adult|Fridge|Linens|Wardrobe/closet|TV|Ironing facilities
A-53013,RA-99981,Deluxe Room,Double Bed|200 sq.ft|2 Adults|Blackout curtains|Blanket|TV|Air conditioning|WiFi access
A-65277,RA-42022,Premium Room,Double Bed|240 sq.ft|2 Adults|Flat-screen TV|Dining area|Walk-in closet|Linens|Wardrobe/closet
A-86460,RA-07603,Standard Non AC Room · City view,Double Bed|100 sq.ft|2 Adults|Blanket|TV|Toiletries|WiFi access|Attached washroom
A-18256,RA-08965,Suite · City view,King Bed|200 sq.ft|3 Adults|Blanket|Attached washroom|Fan
A-69031,RA-87282,"Superior Double Room, City View",
A-20053,RA-81198,3 Bedroom Suite Room · City view,King Bed|1000 sq.ft|6 Adults|Sofa|Blanket|TV|Air conditioning|Toiletries
A-78529,RA-31148,Executive Balcony Room · City view,Double Bed|240 sq.ft|3 Adults|Blanket|Air conditioning|Attached washroom
A-82321,RA-44048,Premier EP,King Bed|200 sq.ft|3 Adults|Blanket|Attached washroom|Fan
A-08026,RA-59443,Classic with Balcony,Double Bed|110 sq.ft|2 Adults|Flat-screen TV|Wardrobe/closet|Blanket|TV|Air conditioning
A-24746,RA-34233,DELUXE DOUBLE ROOM · City view,Double Bed|255 sq.ft|3 Adults|Blackout curtains|Blanket|TV|Air conditioning|Toiletries
A-38199,RA-93878,Premium,Double Bed|125 sq.ft|2 Adults|Blackout curtains|Fan|Charging points
A-47571,RA-43490,Apartment Suite · City view,Double Bed|490 sq.ft|3 Adults|Blanket|TV|Ironing facilities|Air conditioning|WiFi access
A-21949,RA-17175,Quad Studio Apartment · City view,Double Bed|3 Adults|Fridge|Blanket|TV|Air conditioning|WiFi access
A-89676,RA-45481,"Deluxe Room, 1 Bedroom, Non Smoking",
A-73962,RA-25558,Deluxe Double Room · City view,Double Bed|270 sq.ft|3 Adults|Blanket|Water bottle|Attached washroom
A-61951,RA-37073,EXECUTIVE ROOM · City view,Double Bed|150 sq.ft|3 Adults|Wardrobe/closet|TV|Towels|Housekeeping|Attached washroom
A-07393,RA-90021,Standard Room · City view,QueenBed|183 sq.ft|3 Adults|Wardrobe/closet|Toiletries|Private bathroom|Shower|Body soap
A-40057,RA-10249,Classic,Double Bed|130 sq.ft|3 Adults|Wardrobe/closet|Blanket|TV|Towels|Attached washroom
A-29901,RA-51033,Standard Room · City view,Double Bed|120 sq.ft|3 Adults|Minibar|Flat-screen TV|Linens|Blanket|TV
A-69042,RA-39348,Standard King Room,400 sq.ft|2 Guests|Tea/coffee maker|Fridge|Flat-screen TV|Sofa|Linens
A-28589,RA-31062,Standard Non Ac Room · City view,Double Bed|144 sq.ft|3 Adults|Blanket|TV|Toiletries|Towels|WiFi access
A-02343,RA-52383,Studio · City view,King Bed|270 sq.ft|3 Adults|Minibar|Flat-screen TV|Sofa|Duvet|Linens
A-74276,RA-39982,Standard Room,Double Bed|175 sq.ft|2 Adults|Flat-screen TV|Blanket|TV|Air conditioning|WiFi access
A-05741,RA-66455,Classic,130 sq.ft|3 Adults
A-21571,RA-59835,Triple Executive AC Room · City view,Double Bed|324 sq.ft|3 Adults|Fridge|Minibar|Electric blankets|Linens|TV
A-58183,RA-97343,Deluxe Room,Double Bed|220 sq.ft|2 Adults|Flat-screen TV|Wardrobe/closet|Blanket|TV|Air conditioning
A-77429,RA-84173,Superior Twin,
A-80010,RA-90596,Deluxe City View,
A-60992,RA-14406,Suite,Double Bed|170 sq.ft|3 Adults|Dining table|Sofa|Feather pillow|Wardrobe/closet|TV
A-37886,RA-37253,Executive Triple Room · City view,Double Bed|120 sq.ft|3 Adults|Separate living room|Sofa|TV|Air conditioning|Toiletries
A-40128,RA-01958,Deluxe Room,
A-64438,RA-81344,Deluxe Double Room,
A-48328,RA-37061,"Suite, 1 Queen Bed",441 sq.ft|3 Adults|Coffee machine|Fridge|Minibar|Blackout curtains|Dining area
A-18831,RA-18575,Deluxe Room,
A-94845,RA-09638,Classic,Double Bed|100 sq.ft|2 Adults|Wardrobe/closet|Blanket|TV|Air conditioning|Heating
A-41990,RA-42680,Classic Double or Twin,108 sq.ft|2 Guests|Flat-screen TV|Linens|Wardrobe/closet|TV|Air conditioning
A-75372,RA-36172,Tangerine,King Bed|300 sq.ft|2 Adults|Blanket|TV|WiFi access|Attached washroom
A-29605,RA-01701,Two Bedroom Apartment,496 sq.ft|3 Guests|Air conditioning
A-06027,RA-55195,Penthouse Studio,
A-07596,RA-70819,Standard Room · City view,Double Bed|156 sq.ft|3 Adults|Blackout curtains|Flat-screen TV|Blanket|TV|Air conditioning
A-66219,RA-11697,Executive Double or Twin Room · City view,Twin Bed|240 sq.ft|3 Adults|Fridge|Wardrobe/closet|Blanket|TV|Ironing facilities
A-33875,RA-09957,Standard Studio,291 sq.ft|2 Guests|Tea/coffee maker|Fridge|Wine glasses|Minibar|Blackout curtains
A-40349,RA-13642,Deluxe Room NON AC · City view,Double Bed|180 sq.ft|3 Adults|Minibar|Flat-screen TV|Linens|Blanket|Towels
A-99316,RA-33173,Superior Three Bedroom Apartment · City view,King Bed|850 sq.ft|7 Adults|Fridge|Wine glasses|Flat-screen TV|Dining table|Sofa
A-38522,RA-36859,"City Apartment, 3 Bedrooms",
A-90590,RA-19475,Deluxe Studio · City view,Double Bed|360 sq.ft|3 Adults|Wardrobe/closet|Blanket|TV|Air conditioning|Toiletries
A-11849,RA-30019,Family Suite · City view,4 Adults|Blanket|Air conditioning|Water bottle|Attached washroom|Clothes rack
A-46816,RA-95620,Executive Room · City view,Double Bed|3 Adults|Blanket|Air conditioning|WiFi access|Water bottle|Attached washroom
A-11664,RA-07629,Standard Room · City view,Double Bed|220 sq.ft|3 Adults|Linens|Blanket|TV|Toiletries|Towels
A-34673,RA-61989,Apartment 2,603 sq.ft|4 Guests|Fridge|Blackout curtains|Flat-screen TV|Separate living room|Dining table
A-77436,RA-71111,Executive Room · City view,Double Bed|250 sq.ft|3 Adults|Fridge|Blanket|TV|Heating|Microwave
A-68961,RA-05340,Twin Deluxe Room · City view,Twin Bed|420 sq.ft|3 Adults|Air conditioning|Water bottle|Accessible by elevator
A-99116,RA-23887,Deluxe AC Room · City view,Double Bed|200 sq.ft|2 Adults|Blanket|TV|Air conditioning|Toiletries|WiFi access
A-91926,RA-07757,Maharaja Suite Room · City view,King Bed|3875 sq.ft|3 Adults|Sofa|Wardrobe/closet|TV|Ironing facilities|Air conditioning
A-22549,RA-63027,Standard Room · City view,Double Bed|1938 sq.ft|3 Adults|Blanket|TV|WiFi access|Water bottle|Attached washroom
A-39672,RA-63957,Signature · City view,Double Bed|185 sq.ft|3 Adults|Blanket|Air conditioning|Water bottle|Attached washroom|Clothes rack
A-77955,RA-28275,"Deluxe Double Room, City View · City view",2 Adults|TV|Private bathroom|Attached washroom|Shower|Desk
A-13641,RA-68027,Premier Room · Garden view,King Bed|240 sq.ft|3 Adults|Blanket|TV|Toiletries|WiFi access|Water bottle
A-77970,RA-46850,Standard Queen Room · City view,Double Bed|172 sq.ft|3 Adults|Blanket|Air conditioning|Attached washroom|Fan
A-21571,RA-09449,Triple Executive NON AC Room · City view,Double Bed|180 sq.ft|3 Adults|Fridge|TV|Towels|Fan|Dental kit
A-65996,RA-06789,Stand Queen Room,2 Guests
A-11700,RA-96966,Executive Room,
A-65179,RA-02843,Business Suite · City view,Double Bed|348 sq.ft|3 Adults|Blanket|TV|Air conditioning|WiFi access|Water bottle
A-08901,RA-31635,Standard Six Bed Room · City view,Single Bed|500 sq.ft|6 Adults|Blackout curtains|Wardrobe/closet|Blanket|TV|Air conditioning
A-21473,RA-54841,"Club Room, 2 Twin Beds, City View · City view",3 Adults|Coffee machine|Minibar|TV|Ironing facilities|Toiletries
A-05014,RA-77086,Presidential Studio Suite,
A-28357,RA-77485,Triple Standard,6459 sq.ft|3 Guests
A-37944,RA-88344,Deluxe Ac Room · City view,Double Bed|120 sq.ft|3 Adults|Flat-screen TV|Linens|Blanket|TV|Towels
A-59662,RA-62816,The Best 2BHK Apartment In The Heart Of Bangalore,
A-27830,RA-59377,Deluxe Balcony Room,Queen Bed|240 sq.ft|2 Adults|Toiletries|Attached washroom|Fan|Shower
A-55752,RA-42961,Classic,Double Bed|100 sq.ft|2 Adults|Flat-screen TV|Fan
A-98790,RA-75951,Classic,Double Bed|100 sq.ft|3 Adults|Wardrobe/closet|TV|Air conditioning|Towels|Fan|Shower
A-34839,RA-88136,Deluxe One-Bedroom Apartment with Balcony · City view,Queen Bed|400 sq.ft|3 Adults|Fridge|Blackout curtains|Flat-screen TV|Separate living room|Sofa
A-03027,RA-59916,View Bedroom 1 · City view,Double Bed|180 sq.ft|3 Adults|Blanket|TV|Toiletries|WiFi access|Water bottle
A-60699,RA-84126,Deluxe Double Room · City view,Double Bed|200 sq.ft|3 Adults|Dining table|Sofa|TV|Air conditioning|Towels
A-89668,RA-46232,Premium Rooms with Balcony · City view,Double Bed|475 sq.ft|3 Adults|Blanket|Water bottle|Attached washroom
A-22593,RA-94878,Ac Standard Double · City view,King Bed|166 sq.ft|2 Adults|Chocolate/cookies|Free welcome drink|Coffee machine|Fridge|Blackout curtains
A-56393,RA-57651,Executive Room,Double Bed|165 sq.ft|3 Adults|Fridge|Blanket|TV|Ironing facilities|Air conditioning
A-66408,RA-35362,Classic Triple Room,108 sq.ft|3 Guests|Flat-screen TV|Linens|Wardrobe/closet|TV|Air conditioning
A-17818,RA-15947,Suite Room · City view,King Bed|140 sq.ft|3 Adults|Wardrobe/closet|Blanket|TV|Air conditioning|WiFi access
A-64438,RA-00788,Deluxe Twin Room,
A-95500,RA-82623,Standard Double Room · City view,Double Bed|140 sq.ft|2 Adults|TV|Towels|Fan|Shower|Desk|Trash can
A-34608,RA-57944,Deluxe Room with Fan,313 sq.ft|1 Adult|Air conditioning
A-15657,RA-38053,"Classic Apartment, 1 Bedroom, Balcony, City View",
A-29508,RA-34761,Villa · City view,King Bed|400 sq.ft|9 Adults|Blanket|Iron|WiFi access|Attached washroom|Fan
A-34136,RA-54093,Suite Room · Terrace,Double Bed|180 sq.ft|3 Adults|Blanket|TV|WiFi access|Water bottle|Fan
A-91182,RA-33004,Standard Room · City view,King Bed|198 sq.ft|2 Adults|Blackout curtains|Walk-in closet|Duvet|Feather pillow|Wardrobe/closet
A-18185,RA-90414,Deluxe Room · City view,Double Bed|165 sq.ft|2 Adults|Air conditioning|Towels|Bathtub|Shower|Conditioner
A-12030,RA-57513,Executive Double or Twin Room · City view,Double Bed|3 Adults|Fridge|Sofa|TV|Air conditioning|WiFi access
A-72501,RA-04472,Deluxe Room,Double Bed|150 sq.ft|3 Adults|TV|Air conditioning|Fan|Shower
A-60314,RA-85500,Queen Studio,270 sq.ft|2 Guests|Fridge|Blackout curtains|Flat-screen TV|Wardrobe/closet|TV
A-09718,RA-97383,"Deluxe Double Room, City View",
A-08901,RA-76951,Standard Quadruple Room A/C · City view,Double Bed|230 sq.ft|4 Adults|Blackout curtains|Wardrobe/closet|Blanket|TV|Air conditioning
A-11810,RA-89444,Premier Suite · City view,Double Bed|350 sq.ft|3 Adults|Flat-screen TV|Linens|TV|Air conditioning|Toiletries
A-07702,RA-75240,Premium Double room,Double Bed|320 sq.ft|2 Adults|Tea/coffee maker|Blackout curtains|Flat-screen TV|Linens|Wardrobe/closet
A-90331,RA-05710,Deluxe Room,2 Adults|Dining table|Ironing facilities|Air conditioning|Towels|Fan
A-19825,RA-57447,Deluxe Room,Double Bed|250 sq.ft|3 Adults|Chocolate/cookies|Tea/coffee maker|Coffee machine|Fridge|Wine glasses
A-89994,RA-71937,Deluxe Room · City view,Double Bed|300 sq.ft|3 Adults|Blanket|TV|Air conditioning|Toiletries|Towels
A-26976,RA-18765,Studio Room With Free Wifi · City view,Double Bed|210 sq.ft|3 Adults|Blanket|Air conditioning|WiFi access|Water bottle|Attached washroom
A-88510,RA-94952,Executive AC Room · City view,Double Bed|190 sq.ft|3 Adults|Wardrobe/closet|TV|Air conditioning|Toiletries|WiFi access
A-35870,RA-61384,Premium Studio Suite,QueenBed|120 sq.ft|2 Adults|Fridge|Wardrobe/closet|TV|Ironing facilities|Washing machine
A-13926,RA-23945,Studio Executive Twin,Queen Bed|400 sq.ft|2 Adults|Blackout curtains|Blanket|TV|Air conditioning|Toiletries
A-07702,RA-32641,Superior Double Room,Double Bed|226 sq.ft|2 Adults|Tea/coffee maker|Blackout curtains|Linens|Blanket|TV
A-71264,RA-54743,Non A/C suites · City view,Double Bed|110 sq.ft|3 Adults|Blanket|Attached washroom|Fan
A-35078,RA-33801,Premium Twin Room,270 sq.ft|2 Guests|Linens|Wardrobe/closet|Ironing facilities|Air conditioning|Toiletries
A-90883,RA-33444,Deluxe Room · City view,Double Bed|144 sq.ft|3 Adults|Water bottle|Fan
A-54010,RA-23064,Deluxe,2 Adults
A-67751,RA-95650,Premium,Double Bed|125 sq.ft|2 Adults
A-05827,RA-74799,Standard Twin Room,
A-77373,RA-48580,Deluxe Non AC Room,255 sq.ft|3 Adults|TV|Towels|Fan|Shower|Shampoo
A-88510,RA-39074,Standard Non AC Room · City view,Double Bed|210 sq.ft|3 Adults|Wardrobe/closet|Toiletries|WiFi access|Water bottle|Housekeeping
A-99774,RA-78423,Superior Apartment,377 sq.ft|2 Guests|Fridge|Blackout curtains|Flat-screen TV|Separate living room|Sofa
A-40065,RA-57644,Deluxe Double Room · City view,Twin Bed|180 sq.ft|3 Adults|Wine glasses|Blackout curtains|Wardrobe/closet|Blanket|TV
A-42508,RA-49222,Standard Room,Double Bed|200 sq.ft|2 Adults|Blanket|TV|Air conditioning|Toiletries|WiFi access|Attached washroom
A-82321,RA-47401,Deluxe CP,King Bed|284 sq.ft|3 Adults|Blanket|Air conditioning|Water bottle|Accessible by elevator
A-67751,RA-34043,Classic,Double Bed|130 sq.ft|2 Adults|Flat-screen TV|Attached washroom|Fan
A-41836,RA-10761,City View - 1 King Bed,3230 sq.ft|2 Guests|Tea/coffee maker|Fridge|Wine glasses|Minibar|Flat-screen TV
A-46648,RA-20866,Executive Suite Room - Pets Allowed · City view,King Bed|646 sq.ft|2 Adults|Tea/coffee maker|Flat-screen TV|Duvet|Feather pillow|Wardrobe/closet
A-25216,RA-77305,Premium Twin Room,216 sq.ft|2 Guests|Tea/coffee maker|Minibar|Blackout curtains|Linens|Wardrobe/closet
A-23551,RA-69425,Deluxe Room · City view,Double Bed|250 sq.ft|3 Adults|Blanket|Water bottle|Attached washroom
A-99778,RA-23684,Deluxe King Suite · City view,Double Bed|700 sq.ft|3 Adults|Tea/coffee maker|Flat-screen TV|Dining area|Linens|Wardrobe/closet
A-02886,RA-85576,"Deluxe Suite, 1 Double Bed",FullBed|3 Adults|Coffee machine|Minibar|Wardrobe/closet|TV|Ironing facilities
A-39672,RA-26069,Comfy · City view,Double Bed|142 sq.ft|3 Adults|Blanket|TV|Air conditioning|WiFi access|Water bottle
A-99031,RA-55911,Deluxe Double Room,Double Bed|160 sq.ft|3 Adults|Blackout curtains|Walk-in closet|Blanket|TV|Non-feather pillow
A-14371,RA-96560,Private Villa,
A-04618,RA-13755,Standard Room,Queen Bed|180 sq.ft|2 Adults|Flat-screen TV|Duvet|Feather pillow|Wardrobe/closet|Blanket
A-13926,RA-90998,Studio,Queen Bed|400 sq.ft|2 Adults|Blackout curtains|Blanket|TV|Air conditioning|Toiletries
A-13773,RA-99724,Classic Room,2 Adults|Wardrobe/closet|TV|Air conditioning|Towels|Fan|Shower
A-14908,RA-32475,"Luxury Single Room, City View",
A-06457,RA-40134,Standard Queen,Queen Bed|120 sq.ft|2 Adults|Duvet|Wardrobe/closet|Blanket|Toiletries|Towels
A-16053,RA-25579,Deluxe Room · City view,Double Bed|130 sq.ft|3 Adults|TV|Air conditioning|Toiletries|Towels|Separate dining area
A-58052,RA-79334,Suite Room · City view,Double Bed|230 sq.ft|2 Adults|Sofa|Blanket|TV|Air conditioning|WiFi access
A-01462,RA-46531,Deluxe Room · City view,Double Bed|200 sq.ft|3 Adults|Wardrobe/closet|Blanket|TV|Air conditioning|Toiletries
A-43261,RA-00387,"Deluxe Double Room, City View",
A-92314,RA-96037,Taj Club Room · Garden view,King Bed|420 sq.ft|3 Adults|Fridge|Minibar|Blackout curtains|Flat-screen TV|Duvet
A-72898,RA-40558,Classic Room,
A-15551,RA-64311,Deluxe Triple Non Ac Room · City view,Triple Bed|320 sq.ft|4 Adults|Wardrobe/closet|Blanket|Water bottle|Clothes rack|Fan
A-97536,RA-16760,2 BHK Apartments · City view,Double Bed|275 sq.ft|6 Adults|Flat-screen TV|Linens|TV|Toiletries|Cushions
A-42881,RA-19227,Deluxe Twin,Twin Bed|150 sq.ft|2 Adults|Blanket|Toiletries|WiFi access|Water bottle|Attached washroom
A-88310,RA-19941,Deluxe Room · City view,Double Bed|180 sq.ft|3 Adults|Blanket|Water bottle|Attached washroom
A-57709,RA-37172,Deluxe Double or Twin Room,
A-97677,RA-05685,Luxury Rooms City View King Bed · City view,King Bed|355 sq.ft|3 Adults|Fridge|Minibar|Blackout curtains|Flat-screen TV|Duvet
A-03286,RA-70847,Deluxe Room,
A-18568,RA-11757,Two-Bedroom Apartment · City view,Double Bed|225 sq.ft|6 Adults|Blanket|Air conditioning|Water bottle|Attached washroom|Clothes rack
A-32386,RA-62076,Premium Room · City view,301 sq.ft|3 Adults|Minibar|Blackout curtains|TV|Ironing facilities|Toiletries
A-90189,RA-43488,"Double Room, City View",
A-45999,RA-34399,Standard Room,
A-67135,RA-85281,"Deluxe Double Room, 1 Queen Bed · City view",QueenBed|150 sq.ft|2 Adults|Minibar|Blackout curtains|Ironing facilities|Toiletries|Hairdryer
A-35778,RA-67748,Standard Room AC,Double Bed|100 sq.ft|2 Adults|Blackout curtains|Blanket|Air conditioning|WiFi access|Attached washroom
A-49194,RA-62920,Suite Room,248 sq.ft|2 Guests|Flat-screen TV|Linens|Wardrobe/closet|TV|Air conditioning
A-49195,RA-01329,Deluxe King Room · City view,Double Bed|350 sq.ft|3 Adults|Blanket|TV|Air conditioning|WiFi access|Water bottle
A-34104,RA-15353,Suite Room · City view,Double Bed|512 sq.ft|2 Adults|Air conditioning|Towels|Water bottle|Housekeeping|Attached washroom
A-89120,RA-97051,"Deluxe Twin Room, 1 Bedroom",161 sq.ft|2 Adults|TV|Toiletries|Private bathroom|Shower|Desk
A-09603,RA-91484,Suite Room · City view,Double Bed|400 sq.ft|3 Adults|Fridge|Wardrobe/closet|Blanket|TV|Air conditioning
A-43890,RA-46308,Superior Queen Room · City view,Queen Bed|220 sq.ft|3 Adults|Fridge|Sofa|Wardrobe/closet|Blanket|TV
A-76947,RA-41165,Deluxe Room,Double Bed|306 sq.ft|3 Adults|Fridge|Blanket|Air conditioning|Water bottle|Attached washroom
A-83728,RA-35805,Classic · City view,Double Bed|97 sq.ft|3 Adults|Flat-screen TV|Linens|Blanket|TV|Air conditioning
A-05619,RA-26788,1 BHK · City view,Double Bed|150 sq.ft|3 Adults|Dining area|Wardrobe/closet|TV|Iron|Air conditioning
A-12539,RA-90893,CLASSIC,Double Bed|100 sq.ft|2 Adults|Blanket|Attached washroom|Fan
A-37324,RA-46476,Premium Room,
A-82813,RA-85042,ITC One,
A-17586,RA-51888,Quadruple Room,194 sq.ft|4 Guests|Blackout curtains|Linens|Wardrobe/closet|Ironing facilities|Air conditioning
A-68765,RA-81385,Classic Room,Queen Bed|97 sq.ft|2 Adults|Wardrobe/closet|Blanket|TV|Air conditioning|Toiletries
A-86935,RA-39137,Premier AC · Garden view,Queen Bed|195 sq.ft|3 Adults|Blanket|Attached washroom|Fan
A-27436,RA-14987,A/c Deluxe Rooms · City view,King Bed|150 sq.ft|3 Adults|Blanket|Air conditioning|Attached washroom|Fan|Desk
A-47245,RA-54128,TRIPLE BED,Triple Bed|200 sq.ft|3 Adults|Water bottle|Attached washroom|Fan
A-59423,RA-91602,Executive Rooms,2 Guests|Air conditioning
A-94747,RA-51939,Executive Room · City view,Double Bed|180 sq.ft|3 Adults|Fridge|TV|Air conditioning|WiFi access|Water bottle
A-08438,RA-98563,Superior Twin · City view,Twin Bed|129 sq.ft|2 Adults|Blanket|Water bottle|Attached washroom|Clothes rack|Fan
A-17743,RA-08536,Deluxe King Room,King Bed|180 sq.ft|2 Adults|Blanket|TV|Toiletries|Towels|Attached washroom
A-99294,RA-20253,Classic Twin Bed,Twin Bed|140 sq.ft|3 Adults|Wardrobe/closet|Blanket|TV|Air conditioning|Towels
A-04189,RA-32107,Premium,Double Bed|125 sq.ft|2 Adults|Blackout curtains|Flat-screen TV|Blanket|Air conditioning|Toiletries
A-40532,RA-75080,Classic Triple Room,
A-80720,RA-06745,Luxury 1 Bedroom Apartment · City view,King Bed|225 sq.ft|4 Adults|Fridge|Wardrobe/closet|Blanket|TV|Toiletries
A-20955,RA-35136,Classic,100 sq.ft|3 Adults|Flat-screen TV|Attached washroom|Fan
A-30256,RA-30603,Room (AC) with Kitchen & Balcony,Double Bed|205 sq.ft|3 Adults|Blanket|TV|Air conditioning|Toiletries|Towels
A-50988,RA-60243,"Superior Suite, Lake View",
A-17318,RA-61630,Standard Twin,Twin Bed|140 sq.ft|2 Adults|Wardrobe/closet|Blanket|TV|Toiletries|WiFi access
A-76271,RA-50147,Deluxe Double Room · City view,Double Bed|193 sq.ft|3 Adults|Blanket|Water bottle|Attached washroom|Clothes rack|Fan
A-90883,RA-81252,Standard Non AC · City view,Double Bed|110 sq.ft|3 Adults|Blanket|Water bottle|Attached washroom
A-64024,RA-62098,Classic,Double Bed|100 sq.ft|3 Adults|Flat-screen TV|Fan
A-30919,RA-83384,Classic Triple Room,130 sq.ft|3 Guests
A-46816,RA-57517,Superior Room,Double Bed|3 Adults|Desk|Trash can
A-17843,RA-31187,Executive AC Room · City view,Double Bed|250 sq.ft|3 Adults|Blanket|TV|Air conditioning|Water bottle|Attached washroom
A-68958,RA-25509,Standard Twin Room · City view,Twin Bed|220 sq.ft|2 Adults|Blackout curtains|Flat-screen TV|Duvet|Linens|Wardrobe/closet
A-32648,RA-72668,PREMIER KING ROOM · City view,King Bed|450 sq.ft|3 Adults|Blanket|TV|Air conditioning|Water bottle|Clothes rack
A-62527,RA-85195,Deluxe Room · City view,Double Bed|120 sq.ft|3 Adults|Minibar|Blanket|Air conditioning|WiFi access|Cushions
A-35201,RA-24215,"Presidential Suite, 1 King Bed",936 sq.ft|3 Adults|Coffee machine|Fridge|Minibar|Blackout curtains|Wardrobe/closet
A-86385,RA-20324,Double Room,194 sq.ft|2 Guests|Flat-screen TV|Linens|Wardrobe/closet|TV|Ironing facilities
A-83475,RA-62988,2 BHK Premium Residence · City view,Double Bed|400 sq.ft|6 Adults|Coffee machine|Fridge|Blackout curtains|Separate living room|Sofa
A-28295,RA-03776,Executive AC Room · City view,Double Bed|130 sq.ft|3 Adults|Blanket|TV|Air conditioning|WiFi access|Water bottle
A-46719,RA-71765,Deluxe,
A-12167,RA-27408,Villa · City view,King Bed|400 sq.ft|15 Adults|Blanket|Attached washroom|Fan|Desk
A-30420,RA-98050,Deluxe Double with Balcony,237 sq.ft|2 Guests|Blackout curtains|Flat-screen TV|Linens|Wardrobe/closet|Ironing facilities
A-68779,RA-67438,Executive Room,
A-49030,RA-90013,Deluxe Ac Room · City view,Double Bed|180 sq.ft|3 Adults|Minibar|Blackout curtains|Blanket|WiFi access|Water bottle
A-06346,RA-99753,Deluxe Double Room (sunshine) · City view,Queen Bed|301 sq.ft|3 Adults|Dining area|Blanket|TV|Air conditioning|Microwave
A-60352,RA-98074,Deluxe Non AC Room · City view,Double Bed|200 sq.ft|3 Adults|Wardrobe/closet|Blanket|TV|Toiletries|Towels
A-28197,RA-25769,Superior,216 sq.ft|2 Guests|Tea/coffee maker|Fridge|Blackout curtains|Flat-screen TV|Sofa
A-01300,RA-66138,Standard Double Room with Fan,22 sq.ft|3 Guests
A-42121,RA-04106,Standard King Room,
A-49631,RA-03929,Superior Room · City view,Double Bed|3 Adults|Blanket|TV|Ironing facilities|Air conditioning|Toiletries
A-01651,RA-83751,Deluxe Room NON AC · City view,Double Bed|180 sq.ft|3 Adults|Blanket|TV|WiFi access|Water bottle|Housekeeping
A-38815,RA-82082,"Deluxe Room, Balcony, City View",
A-73263,RA-33691,Superior Room,King Bed|400 sq.ft|3 Adults|Flat-screen TV|Linens|Blanket|Air conditioning|Toiletries
A-22910,RA-97009,Suite Room,Double Bed|200 sq.ft|3 Adults|Blanket|WiFi access|Attached washroom|Fan|Shower
A-10632,RA-96644,Standard Room · City view,Double Bed|150 sq.ft|3 Adults|Blanket|TV|Toiletries|WiFi access|Water bottle
A-19738,RA-57343,"Classic Room, Garden View",
A-25448,RA-46701,Executive Room,
A-99907,RA-70728,CLASSIC TWIN · City view,Twin Bed|200 sq.ft|3 Adults|Blanket|TV|Air conditioning|WiFi access|Water bottle
A-16623,RA-22162,Suite room · City view,King Bed|650 sq.ft|2 Adults|Flat-screen TV|Blanket|TV|Air conditioning|Toiletries
A-48724,RA-50371,Villa · City view,Double Bed|140 sq.ft|10 Adults|Blanket|Attached washroom|Fan
A-51037,RA-67967,Deluxe Room,King Bed|240 sq.ft|3 Adults|Tea/coffee maker|Fridge|Flat-screen TV|Duvet|Wardrobe/closet
A-35281,RA-89316,House,
A-01233,RA-14890,Poolside Rooms · Pool view,Double Bed|350 sq.ft|3 Adults|Blanket|Fan|Desk
A-41632,RA-16949,Standard Twin,Twin Bed|140 sq.ft|2 Adults|Wardrobe/closet|Blanket|Toiletries|WiFi access|Water bottle
A-30349,RA-55526,Standard Double Room · City view,Double Bed|140 sq.ft|3 Adults|Fridge|TV|Ironing facilities|Air conditioning|Towels
A-11819,RA-34681,Deluxe Double or Twin Room · City view,Double Bed|150 sq.ft|3 Adults|Fridge|Minibar|Ironing facilities|Air conditioning|Private bathroom
A-67662,RA-22131,Executive Room King,
A-18089,RA-52633,Deluxe,Double Bed|125 sq.ft|2 Adults|Flat-screen TV|Attached washroom|Fan
A-08146,RA-03732,Classic,100 sq.ft|2 Adults|Flat-screen TV|Attached washroom|Fan
A-92550,RA-29955,Deluxe Room,Double Bed|120 sq.ft|2 Adults|Flat-screen TV|Wake up service|TV|Air conditioning|Toiletries
A-36964,RA-75919,"Luxury Apartment, Balcony","QueenBed,TwinBed|68 sq.ft|3 Adults|Fridge|Dining area|Microwave|Stovetop|Oven"
A-70829,RA-01795,Triple Bed - AC Room,205 sq.ft|3 Guests|Blackout curtains|Flat-screen TV|Wardrobe/closet|TV|Ironing facilities
A-21949,RA-33360,Luxury Queen Room · City view,Double Bed|25 sq.ft|3 Adults|Fridge|Blanket|TV|Air conditioning|WiFi access
A-33337,RA-38117,Standard Non AC Room · City view,Queen Bed|100 sq.ft|2 Adults|Blanket|Towels|WiFi access|Housekeeping|Attached washroom
A-46195,RA-24758,2BHK Private Flat · City view,Double Bed|150 sq.ft|3 Adults|Minibar|Flat-screen TV|Linens|Blanket|Towels
A-26136,RA-65132,Deluxe Room · City view,Double Bed|220 sq.ft|3 Adults|Blanket|Air conditioning|WiFi access|Water bottle|Attached washroom
A-25532,RA-91148,Deluxe Double with AC · City view,Double Bed|100 sq.ft|3 Adults|Sofa|Blanket|TV|Toiletries|Towels
A-27436,RA-49872,Non A/C Standard Room · City view,Double Bed|150 sq.ft|3 Adults|Blanket|Attached washroom|Fan|Desk|Electric kettle
A-07424,RA-17434,Deluxe Room · City view,King Bed|452 sq.ft|3 Adults|Wardrobe/closet|Blanket|TV|Toiletries|Attached washroom
A-77763,RA-24451,Deluxe Double Room,
A-38706,RA-00985,Deluxe Room,Double Bed|100 sq.ft|3 Adults|Blanket|Fan|Desk|Accessible by elevator
A-99343,RA-92561,Luxury Suite,Double Bed|729 sq.ft|3 Adults|Air conditioning|Water bottle|Attached washroom|Desk|Trash can|Accessible by elevator
A-84518,RA-79431,Deluxe Queen Room,
A-69012,RA-07597,Deluxe,2 Adults
A-64228,RA-36565,Premium Room,Queen Bed|180 sq.ft|2 Adults|Blackout curtains|Blanket|TV|Air conditioning|WiFi access
A-51794,RA-63338,"Superior Suite, Multiple Beds (Two Bedroom Club Suite)",KingBed|1250 sq.ft|6 Adults|Coffee machine|Minibar|Wardrobe/closet|TV|Air conditioning
A-21175,RA-40885,Premium,Double Bed|125 sq.ft|2 Adults|Wardrobe/closet|Blanket|TV|Towels|Attached washroom
A-48544,RA-04706,Deluxe Double or Twin Room · City view,Queen Bed|120 sq.ft|3 Adults|Flat-screen TV|Duvet|Linens|Wardrobe/closet|Wake up service
A-24911,RA-09675,"Luxury Villa, Patio, Garden View",
A-61073,RA-67851,"Suite, 1 Bedroom, Balcony · City view",624 sq.ft|3 Adults|Fridge|Minibar|Separate living room|Dining table|Ironing facilities
A-64177,RA-29171,Deluxe Queen Bed Room with Balcony · City view,Queen Bed|187 sq.ft|3 Adults|Blanket|Air conditioning|Attached washroom|Fan|Desk|Accessible by elevator
A-93806,RA-86598,Classic Room,3 Adults|Wardrobe/closet|TV|Air conditioning|Towels|Fan|Shower
A-80317,RA-76250,Club Double Room · City view,Double Bed|288 sq.ft|3 Adults|Linens|Blanket|TV|Air conditioning|Towels
A-56173,RA-34509,Premium Double Room · City view,Double Bed|180 sq.ft|4 Adults|Fridge|TV|Air conditioning|Towels|Fan
A-89674,RA-52303,Standard Room · City view,Double Bed|216 sq.ft|3 Adults|Wardrobe/closet|Blanket|TV|Cushions|Water bottle
A-33322,RA-98950,"1 King Bed, View · City view",KingBed|246 sq.ft|2 Adults|Wine/champagne|Coffee machine|Fridge|Minibar|Blackout curtains
A-35494,RA-21229,Deluxe Non- Air Conditioning Room,130 sq.ft|2 Guests|Flat-screen TV|Linens|Toiletries|Satellite channels|Private bathroom
A-53013,RA-95089,Family Room · City view,King Bed|200 sq.ft|2 Adults|Blackout curtains|Blanket|TV|Air conditioning|WiFi access
A-38070,RA-94468,Executive Room,King Bed|300 sq.ft|3 Adults|Fridge|Blackout curtains|Flat-screen TV|Wardrobe/closet|Blanket
A-97408,RA-50479,Deluxe with Twin Bed,2 Adults
A-08029,RA-92492,Standard Queen,Queen Bed|140 sq.ft|2 Adults|Wardrobe/closet|Blanket|Toiletries|WiFi access|Water bottle
A-85183,RA-19206,Family Suite,
A-35449,RA-91391,Executive Club Room with 2 Single Beds,
A-53697,RA-99821,Two-Bedroom Apartment with Balcony · City view,Queen Bed|600 sq.ft|4 Adults|Blackout curtains|Flat-screen TV|Blanket|TV|Air conditioning
A-41143,RA-96765,CLASSIC,Double Bed|100 sq.ft|2 Adults|Blanket|Attached washroom|Fan
A-56173,RA-49258,Deluxe Double Room · City view,Double Bed|150 sq.ft|4 Adults|Fridge|TV|Air conditioning|Towels|Fan
A-05801,RA-81666,Entire Villa · City view,Double Bed|1000 sq.ft|14 Adults|Blanket|Attached washroom|Fan
A-80010,RA-48704,Standard Room,
A-32338,RA-46488,Deluxe Double or Twin,
A-06523,RA-29276,"Standard Room, 2 Twin Beds",139 sq.ft|2 Adults|Fridge|Separate living room|Blanket|TV|Ironing facilities
A-62641,RA-90356,Executive Room,2 Adults|Coffee machine|Wardrobe/closet|Toiletries|Private bathroom|Shower
A-09796,RA-90444,Standard Room,
A-85524,RA-93984,Double Air Conditioning,151 sq.ft|2 Guests|Linens|TV|Air conditioning|Bathtub or shower|Private bathroom
A-30055,RA-58638,Deluxe Room,
A-80720,RA-06735,Party House,Bunk Bed|220 sq.ft|10 Adults|Blackout curtains|Blanket|Attached washroom|Fan|Charging points|Dustbin
A-42329,RA-66053,Duplex Villa,
A-41510,RA-51274,QUAD STUDIO APARTMENT · City view,King Bed|275 sq.ft|4 Adults|Blanket|TV|Air conditioning|WiFi access|Attached washroom|Trash can
A-19625,RA-04350,Deluxe Double Room A/C,3 Guests
A-93984,RA-19692,Deluxe Double Room - AC · City view,Double Bed|180 sq.ft|3 Adults|Wardrobe/closet|Blanket|TV|Air conditioning|WiFi access
A-79338,RA-92812,"Deluxe Double Room, 1 Queen Bed",
A-97872,RA-44536,Deluxe Room · City view,Double Bed|182 sq.ft|3 Adults|Wardrobe/closet|TV|Air conditioning|Toiletries|WiFi access
A-60347,RA-75486,Deluxe Double Room with Air Conditioning,22 sq.ft|3 Guests
A-04037,RA-52813,Superior Room,
A-49190,RA-76150,Executive Suite · City view,Double Bed|324 sq.ft|3 Adults|Flat-screen TV|Linens|Blanket|Towels|WiFi access
A-31637,RA-26718,Deluxe Room Non AC · City view,Double Bed|180 sq.ft|3 Adults|Wardrobe/closet|TV|Water bottle|Attached washroom|Fan
A-61546,RA-65284,Deluxe Room With Double Bed · City view,Double Bed|280 sq.ft|3 Adults|Fridge|Minibar|Blackout curtains|Flat-screen TV|Duvet
A-76087,RA-13501,Deluxe Double Room,2 Adults|Private bathroom|Shower|Smoking policy – non-smoking available|Room service|Housekeeping - daily|Ironing service
A-88180,RA-59720,Standard Room · City view,Double Bed|120 sq.ft|3 Adults|Blanket|TV|Towels|WiFi access|Water bottle
A-02324,RA-69972,Premium Room,Double Bed|170 sq.ft|3 Adults|Flat-screen TV|Dining area|Wardrobe/closet|Wake up service|TV
A-62747,RA-98733,Club Non AC Suite Room · City view,Double Bed|242 sq.ft|3 Adults|Blanket|Water bottle|Attached washroom|Clothes rack|Fan|Charging points
A-18357,RA-23647,Premium Executive - Breakfast Included · City view,Queen Bed|350 sq.ft|3 Adults|Blackout curtains|Dining area|Sofa|Blanket|TV
A-31351,RA-43514,King Suite with Balcony,Queen Bed|380 sq.ft|2 Adults|Blackout curtains|Blanket|TV|Air conditioning|WiFi access
A-68264,RA-57497,Suite · City view,King Bed|300 sq.ft|2 Adults|Blackout curtains|Blanket|Air conditioning|Attached washroom|Fan|Dustbin
A-47245,RA-27830,Standard Non AC Room · City view,Double Bed|120 sq.ft|3 Adults|Air conditioning|Water bottle|Attached washroom|Accessible by elevator
A-33540,RA-14914,"Deluxe Room, 1 King Bed",
A-18170,RA-60847,Deluxe Queen,Double Bed|160 sq.ft|2 Adults|Blanket|Air conditioning|Toiletries|Towels|WiFi access
A-84962,RA-82373,Classic,Double Bed|100 sq.ft|2 Adults|Flat-screen TV|Blanket|Air conditioning|Fan
A-35985,RA-71253,One-Bedroom Apartment · City view,Double Bed|500 sq.ft|3 Adults|Blackout curtains|Blanket|TV|Air conditioning|Washing machine
A-01024,RA-04204,Amster Deluxe Room · City view,Double Bed|125 sq.ft|2 Adults|Linens|Blanket|TV|Towels|Cushions
A-68953,RA-99833,Executive/Twin Room · City view,Twin Bed|150 sq.ft|2 Adults|Blanket|Water bottle|Attached washroom
A-71269,RA-88836,Deluxe Room,Double Bed|180 sq.ft|2 Adults|Blackout curtains|Wardrobe/closet|Blanket|TV|Air conditioning
A-30580,RA-16877,Duke · City view,Double Bed|256 sq.ft|3 Adults|Fridge|Wardrobe/closet|TV|Air conditioning|Towels
A-54610,RA-19672,Deluxe Room With Balcony · City view,Double Bed|190 sq.ft|3 Adults|TV|Ironing facilities|Air conditioning|WiFi access|Attached washroom
A-84793,RA-39529,Suite Room,Super King Bed|278 sq.ft|4 Adults|Blanket|Air conditioning|Attached washroom|Fan|Desk
A-09280,RA-69401,2 BHK,Double Bed|250 sq.ft|4 Adults|Blackout curtains|Blanket|TV|Air conditioning|WiFi access
A-47563,RA-11931,Economy Double Room,
A-14375,RA-27989,Deluxe Double Room · City view,Double Bed|225 sq.ft|3 Adults|Linens|Blanket|TV|Towels|Cushions
A-65896,RA-57017,Premium Room · City view,Double Bed|250 sq.ft|3 Adults|Flat-screen TV|Linens|Wardrobe/closet|Wake up service|Blanket
A-62945,RA-70284,Standard Room · City view,Double Bed|196 sq.ft|3 Adults|Linens|Blanket|TV|Air conditioning|Towels
A-60163,RA-10913,Standard Room · City view,Queen Bed|180 sq.ft|3 Adults|Flat-screen TV|Duvet|Linens|Wardrobe/closet|TV
A-75219,RA-26778,Deluxe Room,Double Bed|150 sq.ft|3 Adults|Blanket|TV|WiFi access|Attached washroom|Fan
A-61522,RA-88994,Deluxe Non Ac Rooms,Double Bed|100 sq.ft|3 Adults|Blanket|Attached washroom|Fan
A-14575,RA-10772,Deluxe Room,Double Bed|180 sq.ft|2 Adults|Flat-screen TV|Dining area|Linens|Wardrobe/closet|Wake up service
A-29115,RA-24175,Deluxe Double Room · City view,Double Bed|200 sq.ft|3 Adults|Blanket|Air conditioning|WiFi access|Water bottle|Attached washroom|Shower
A-04397,RA-62725,Non A/C Room · City view,Double Bed|350 sq.ft|3 Adults
A-97162,RA-45084,Suite · City view,Double Bed|120 sq.ft|5 Adults|Blanket|Attached washroom|Fan
A-40806,RA-61981,Premium AC Rooms,Queen Bed|144 sq.ft|3 Adults|Blanket|Air conditioning|Water bottle|Attached washroom|Fan|Desk
A-21295,RA-91105,EXECUTIVE ROOM TWIN BED · City view,Twin Bed|201 sq.ft|3 Adults|Blanket|TV|Air conditioning|WiFi access|Water bottle
A-45700,RA-19337,Deluxe Non Ac Room · City view,Double Bed|100 sq.ft|2 Adults|Tea/coffee maker|Blackout curtains|Flat-screen TV|Linens|Feather pillow
A-45654,RA-76931,Standard Studio,
A-87878,RA-50958,Deluxe Room,King Bed|205 sq.ft|3 Adults|Blackout curtains|Blanket|TV|Air conditioning|WiFi access
A-50283,RA-96857,Economy Double Room,
A-86625,RA-25798,Classic Double or Twin Room,
A-78522,RA-94068,Standard NON AC · City view,Double Bed|110 sq.ft|1 Adult|Blanket|Attached washroom|Fan
A-21949,RA-39292,Cottage with Single Beds · City view,Twin Bed|35 sq.ft|3 Adults|Fridge|Blanket|TV|Air conditioning|WiFi access
A-87784,RA-53565,"Classic Double Room, City View",
A-62700,RA-10124,Deluxe Double Room,
A-16100,RA-06668,Non AC Deluxe Rooms · City view,Queen Bed|1399 sq.ft|3 Adults|Blanket|Attached washroom|Fan
A-96577,RA-69942,Standard Twin,Twin Bed|120 sq.ft|2 Adults|Flat-screen TV|WiFi access|Attached washroom|Fan
A-84863,RA-01862,Standard A/c Room · City view,Double Bed|175 sq.ft|3 Adults|Minibar|Linens|Blanket|TV|Towels
A-02842,RA-83407,Superior Room,220 sq.ft|3 Adults|Fridge|Minibar|Wardrobe/closet|Blanket|Air conditioning
A-20396,RA-95204,Deluxe Double Room · City view,Double Bed|110 sq.ft|3 Adults|Blanket|Attached washroom|Fan
A-09722,RA-87539,Classic,Double Bed|130 sq.ft|3 Adults|Flat-screen TV|Attached washroom|Fan
A-42037,RA-87035,Standard Room,Double Bed|200 sq.ft|2 Adults|Attached washroom|Fan|Accessible by elevator
A-67515,RA-95345,Deluxe Room,
A-32232,RA-06000,Family for 4,22 sq.ft|4 Guests|Flat-screen TV|Linens|Toiletries|Towels|Water bottle
A-03397,RA-62274,Classic,Double Bed|130 sq.ft|3 Adults|Blanket|Attached washroom|Fan
A-37411,RA-52852,Deluxe Suite · City view,Double Bed|400 sq.ft|3 Adults|Fridge|Separate living room|Dining table|Sofa|Wardrobe/closet
A-74171,RA-74407,Standard Room,Double Bed|150 sq.ft|3 Adults|Blanket|Toiletries|WiFi access|Attached washroom
A-13616,RA-59416,"Deluxe Double Room, City View · City view","QueenBed,TwinXLBed|195 sq.ft|3 Adults|Fridge|TV|Microwave|Oven|Kitchen"
A-29609,RA-45623,Home,10 Guests|Air conditioning|LAN Internet access
A-51386,RA-29794,Deluxe Double Room · City view,Queen Bed|150 sq.ft|3 Adults|Flat-screen TV|Wardrobe/closet|Blanket|TV|Iron
A-81265,RA-74771,Classic Room,King Bed|144 sq.ft|3 Adults|Wardrobe/closet|Blanket|TV|Air conditioning|Toiletries
A-14179,RA-83737,CLASSIC,Double Bed|100 sq.ft|2 Adults|Blanket|WiFi access|Attached washroom|Geyser|Fan
A-53722,RA-36287,"Deluxe Double or Twin Room, 1 Bedroom, Non Smoking, Garden View · Garden view",2 Adults|Blackout curtains|Ironing facilities|Private bathroom|Shower|Body soap
A-21720,RA-64539,Deluxe Room,King Bed|212 sq.ft|2 Adults|Fridge|Blackout curtains|Flat-screen TV|Duvet|Linens
A-61546,RA-14860,Deluxe Room With Twin Bed · City view,Twin Bed|3 sq.ft|2 Adults|Fridge|Minibar|Blackout curtains|Flat-screen TV|Duvet
A-69646,RA-74853,Deluxe Double Room · City view,Double Bed|160 sq.ft|3 Adults|Fridge|TV|Air conditioning|Towels|Fan
A-04042,RA-72232,Deluxe · City view,Double Bed|196 sq.ft|2 Adults|Linens|Blanket|Towels|Cushions|Water bottle
A-81378,RA-88168,Deluxe Room · City view,Double Bed|3 Adults|Blanket|TV|Air conditioning|WiFi access|Water bottle
A-94678,RA-21010,Classic,Double Bed|100 sq.ft|2 Adults|Flat-screen TV|Attached washroom|Fan
A-58472,RA-02933,Premium,Double Bed|125 sq.ft|2 Adults|Blanket|Attached washroom|Fan
A-11849,RA-47257,Standard Room · City view,375 sq.ft|3 Adults|Blanket|Water bottle|Attached washroom|Clothes rack|Fan
A-63628,RA-20665,"Superior Double Room, City View",
A-68961,RA-26610,Twin Club Room · City view,Twin Bed|420 sq.ft|3 Adults|Blanket|Air conditioning|Water bottle|Accessible by elevator
A-23224,RA-32586,Club Room · City view,Double Bed|252 sq.ft|3 Adults|Air conditioning|Heating|Water bottle|Housekeeping|Attached washroom|Desk
A-28234,RA-65934,Double Bed Non AC Room · City view,Double Bed|180 sq.ft|3 Adults|Flat-screen TV|Linens|TV|Toiletries|Towels
A-53948,RA-50702,Premium Executive Twin Room - Non-Smoking Rooms · City view,Single Bed|190 sq.ft|2 Adults|Blanket|TV|Toiletries|Towels|WiFi access
A-74052,RA-66296,Deluxe Room · City view,Queen Bed|200 sq.ft|3 Adults|Flat-screen TV|Wardrobe/closet|Blanket|TV|Bathtub
A-41935,RA-62546,Executive Room,
A-50472,RA-14552,Executive,151 sq.ft|2 Guests|TV|Shower|Mirror|LAN Internet access|Smoking policy – smoking available
A-28622,RA-09791,Deluxe Room,Double Bed|180 sq.ft|2 Adults|Wardrobe/closet|Wake up service|Blanket|TV|Air conditioning
A-95067,RA-82988,Family Room,
A-25031,RA-88692,"Apartment, 1 Bedroom · City view",KingBed|710 sq.ft|3 Adults|Pillow menu|Wine/champagne|Coffee machine|Fridge|Minibar
A-53505,RA-50029,Deluxe Double Room - 12 hours,QueenBed|312 sq.ft|2 Adults|Minibar|Wardrobe/closet|TV|Hairdryer|Private bathroom
A-23894,RA-55343,"Executive Suite, Club lounge access, Executive Suite, 1 King",King Bed|936 sq.ft|3 Adults|Tea/coffee maker|Minibar|Duvet|Feather pillow|Streaming services
A-19664,RA-71428,Standard Triple Non AC · City view,Triple Bed|360 sq.ft|3 Adults|Wardrobe/closet|Blanket|TV|Toiletries|Towels
A-94828,RA-04597,Deluxe King,Double Bed|180 sq.ft|2 Adults|Flat-screen TV|Duvet|Linens|Wardrobe/closet|Wake up service
A-61679,RA-94861,Quadruple Room,
A-57635,RA-49716,Premium Room,Queen Bed|230 sq.ft|3 Adults|TV|Air conditioning|Non-feather pillow|WiFi access|Cushions
A-32181,RA-82933,Triple Room without Air Conditioning,22 sq.ft|3 Guests
A-07897,RA-51637,Studio · City view,Double Bed|280 sq.ft|2 Adults|Sofa|Wardrobe/closet|Blanket|TV|Ironing facilities
A-46829,RA-77951,Saver Double,Double Bed|100 sq.ft|2 Adults|Blanket|Air conditioning|Attached washroom|Fan
A-92830,RA-47043,Deluxe Double Room,
A-39286,RA-74432,Double Executive,
A-38881,RA-91365,Standard Double Room,Double Bed|140 sq.ft|2 Adults|Blanket|TV|Air conditioning|Toiletries|Towels
A-39876,RA-62304,Premium Double Room · City view,KingBed|180 sq.ft|3 Adults|Toiletries|Private bathroom|Shower|Body soap|Shampoo
A-99116,RA-95729,Suite Room · City view,Double Bed|250 sq.ft|3 Adults|Blanket|TV|Air conditioning|Toiletries|WiFi access
A-40927,RA-92605,Premium Rooms · City view,King Bed|150 sq.ft|2 Adults|Blanket|WiFi access|Water bottle|Attached washroom|Mirror
A-65753,RA-53755,Deluxe Double Room,Double Bed|150 sq.ft|3 Adults|TV|Ironing facilities|Air conditioning|Towels|Private bathroom
A-55258,RA-00135,Deluxe,Double Bed|100 sq.ft|2 Adults|Blanket|Attached washroom|Fan
A-67316,RA-83314,Executive Room · City view,Double Bed|200 sq.ft|3 Adults|Blanket|TV|Air conditioning|WiFi access|Water bottle
A-93564,RA-76527,Deluxe Room · City view,Double Bed|120 sq.ft|2 Adults|Ironing facilities|Air conditioning|Towels|Fan|Shower
A-84623,RA-91631,Suite Room · City view,Double Bed|540 sq.ft|3 Adults|Blanket|Water bottle|Attached washroom|Dental kit|Trash can
A-55355,RA-00022,Standard Twin Bed · City view,144 sq.ft|3 Adults|Sofa|Wardrobe/closet|Blanket|TV|Ironing facilities
A-28021,RA-80424,Standard Room · City view,Double Bed|200 sq.ft|3 Adults|Blanket|TV|Air conditioning|Toiletries|WiFi access
A-31434,RA-76140,Deluxe Twin Room,
A-90073,RA-57288,SUITE AC · City view,King Bed|450 sq.ft|3 Adults|Wardrobe/closet|Blanket|TV|Air conditioning|WiFi access
A-10432,RA-99438,CLASSIC,Double Bed|130 sq.ft|2 Adults|Blanket|Air conditioning|Attached washroom
A-16455,RA-00732,Classic,Double Bed|100 sq.ft|2 Adults|Flat-screen TV|Air conditioning|Fan
A-91260,RA-11955,Royal Suite,Double Bed|225 sq.ft|3 Adults|Fridge|Minibar|Separate living room|Wardrobe/closet|Blanket
A-94927,RA-82994,Superior Double Room · City view,Double Bed|240 sq.ft|3 Adults|Dining table|Sofa|TV|Air conditioning|Toiletries
A-89867,RA-80943,One-Bedroom Apartment,399 sq.ft|4 Guests|Fridge|Sofa|Linens|Wardrobe/closet|Extra long beds (> 6.5 ft)
A-55099,RA-92409,Economy Double Room · City view,FullBed|180 sq.ft|2 Adults|Flat-screen TV|TV|Towels|WiFi access|Water bottle
A-09722,RA-44143,Super Deluxe Room,Double Bed|135 sq.ft|2 Adults|Flat-screen TV|Attached washroom|Fan
A-77970,RA-95571,Deluxe Queen Room with Balcony · City view,Queen Bed|269 sq.ft|3 Adults|Blanket|Air conditioning|Attached washroom|Fan
A-22726,RA-71198,"Basic Room, 2 Twin Beds",
A-94500,RA-11878,Deluxe Room,Double Bed|160 sq.ft|2 Adults|Flat-screen TV|Wake up service|TV|Air conditioning|Toiletries
A-49502,RA-44785,Deluxe Twin Room · City view,Double Bed|288 sq.ft|3 Adults|Minibar|Blackout curtains|Flat-screen TV|Wardrobe/closet|Blanket
A-26991,RA-71315,Garden Corner Suite,5167 sq.ft|2 Guests|Tea/coffee maker|Minibar|Flat-screen TV|Separate living room|Dining table
A-30073,RA-19744,Gold Club Room · City view,Double Bed|300 sq.ft|3 Adults|Fridge|TV|Air conditioning|Water bottle|Attached washroom
A-07404,RA-34742,Standard Room,Double Bed|120 sq.ft|2 Adults|Blanket|Attached washroom|Fan
A-55595,RA-30414,Deluxe Double Non Ac · City view,Double Bed|150 sq.ft|3 Adults|Blanket|Water bottle|Attached washroom
A-77230,RA-97121,A/C 2 Bedroom Apartment,King Bed|25 sq.ft|4 Adults|Blanket|Water bottle|Fan
A-05130,RA-28832,Executive Room,Double Bed|170 sq.ft|2 Adults|Blanket|Air conditioning|Attached washroom
A-15029,RA-82213,Premium Room · City view,Double Bed|220 sq.ft|2 Adults|TV|Air conditioning|Towels|Shower
A-10030,RA-11291,Club Room with free park entry · City view,Double Bed|9310 sq.ft|3 Adults|Blanket|TV|Air conditioning|WiFi access|Water bottle
A-78510,RA-19159,Super Deluxe Room · City view,Double Bed|196 sq.ft|3 Adults|Flat-screen TV|Linens|Blanket|TV|Air conditioning
A-10665,RA-43683,Club Room,King Bed|350 sq.ft|3 Adults|Blanket|TV|Air conditioning|Toiletries|WiFi access
A-74052,RA-77031,Deluxe Twin Bed · City view,Twin Bed|200 sq.ft|3 Adults|Flat-screen TV|Wardrobe/closet|Blanket|TV|Toiletries
A-08901,RA-96793,Standard Twin Room A/C · City view,Twin Bed|220 sq.ft|3 Adults|Wardrobe/closet|Blanket|TV|Air conditioning|WiFi access
A-07377,RA-38317,Standard Double Room with Fan · City view,Double Bed|130 sq.ft|3 Adults|Blanket|Attached washroom|Fan|Closet
A-85263,RA-49267,Deluxe Room,Double Bed|120 sq.ft|2 Adults|Blanket|TV|Air conditioning|Toiletries|Towels
A-36575,RA-75502,Bed in 6 male Dormitory,Bunk Bed|1009 sq.ft|6 Adults|Blackout curtains|Blanket|TV|Air conditioning|Towels
A-74642,RA-46712,"Suite, 1 King Bed, City View",KingBed|3 Adults|Smoking policy – non-smoking available|Wheelchair
A-98797,RA-84694,1BHK Fully Furnished Service Apartment · City view,Double Bed|350 sq.ft|4 Adults|Blanket|TV|Air conditioning|WiFi access|Water bottle
A-79331,RA-00705,1 Queen Bed Standard,151 sq.ft|1 Adult|Tea/coffee maker|Fridge|Blackout curtains|Linens|Wardrobe/closet
A-59467,RA-55669,Deluxe Room · City view,King Bed|625 sq.ft|3 Adults|Blanket|Water bottle|Attached washroom|Clothes rack|Fan
A-14060,RA-58065,Superior King · City view,King Bed|240 sq.ft|3 Adults|Blackout curtains|Blanket|TV|Ironing facilities|Air conditioning
A-12539,RA-66022,Deluxe,2 Adults
A-74596,RA-67086,Comfy Room,Double Bed|150 sq.ft|3 Adults|Blanket|TV|Air conditioning|Toiletries|Towels
A-07972,RA-06796,"Luxury Double Room, Balcony, City View · City view","QueenBed,TwinBed|375 sq.ft|3 Adults|Coffee machine|Minibar|Dining area|Microwave|Stovetop"
A-96882,RA-93459,Premium Suite,576 sq.ft|2 Guests|Tea/coffee maker|Fridge|Minibar|Flat-screen TV|Sofa
A-13773,RA-47461,Deluxe Room,Double Bed|130 sq.ft|2 Adults|Wardrobe/closet|Blanket|TV|Air conditioning|Towels
A-21006,RA-25360,Deluxe,230 sq.ft|2 Adults|Flat-screen TV|Attached washroom|Fan
A-56264,RA-54618,"Classic Double Room, Balcony, City View",
A-62718,RA-63636,Standard Room · City view,Double Bed|120 sq.ft|3 Adults|Blanket|Air conditioning|Attached washroom
A-91931,RA-23032,Standard double bed · City view,Double Bed|225 sq.ft|3 Adults|Linens|Blanket|TV|Towels|Cushions
A-35304,RA-63774,Deluxe Suite,1292 sq.ft|2 Guests
A-31516,RA-77462,"Superior Double Room, City View",
A-08445,RA-63750,Standard Room,Queen Bed|140 sq.ft|2 Adults|Flat-screen TV|Linens|Iron|Air conditioning|Toiletries
A-87495,RA-68636,Premier,
A-08555,RA-94123,Executive Room · City view,Queen Bed|150 sq.ft|3 Adults|Flat-screen TV|Blanket|Non-feather pillow|Attached washroom|Charging points
A-20508,RA-88118,Deluxe Room,Queen Bed|150 sq.ft|2 Adults|Blanket|TV|Towels|WiFi access|Housekeeping
A-70485,RA-00773,Studio Room · City view,Double Bed|250 sq.ft|3 Adults|Blanket|Water bottle|Attached washroom
A-24396,RA-02918,Classic,Double Bed|130 sq.ft|2 Adults|Blanket|Attached washroom|Fan
A-97430,RA-89859,Deluxe Room · City view,Double Bed|200 sq.ft|3 Adults|Fridge|Blanket|TV|Ironing facilities|Air conditioning
A-18851,RA-94629,House,
A-00822,RA-64509,Superior Room,
A-04397,RA-61036,A/C Room · City view,Double Bed|350 sq.ft|3 Adults
A-88465,RA-94894,Cassic Room · City view,Double Bed|300 sq.ft|3 Adults|Blackout curtains|Wardrobe/closet|Blanket|TV|Iron
A-82872,RA-83271,Classic Room,
A-73393,RA-90736,Classic,Double Bed|100 sq.ft|2 Adults|Blanket|Attached washroom|Fan
A-81588,RA-74064,Standard Room · City view,Double Bed|200 sq.ft|3 Adults|Blanket|TV|Air conditioning|Toiletries|WiFi access
A-97872,RA-75200,Junior Suite · City view,Double Bed|250 sq.ft|3 Adults|Sofa|Feather pillow|Wardrobe/closet|TV|Ironing facilities
A-89349,RA-08706,Double AC Room,Double Bed|180 sq.ft|2 Adults|Blanket|TV|Air conditioning|Toiletries|Towels
A-17145,RA-20137,Suite AC Room · City view,Double Bed|400 sq.ft|4 Adults|Blanket|Air conditioning|WiFi access|Water bottle|Attached washroom
A-02171,RA-07268,Triple Bed Executive AC Room · City view,Double Bed|300 sq.ft|3 Adults|Blanket|TV|Air conditioning|Toiletries|Towels
A-31351,RA-93161,Deluxe Twin Room with Balcony,Twin Bed|330 sq.ft|2 Adults|Blackout curtains|Blanket|TV|WiFi access|Attached washroom
A-84684,RA-65666,Deluxe,
A-07437,RA-86315,STANDARD DOUBLE ROOM WITH FAN,King Bed|192 sq.ft|2 Adults|Blackout curtains|Blanket|TV|WiFi access|Attached washroom
A-07710,RA-66062,SUITE ROOM · City view,Double Bed|180 sq.ft|3 Adults|Blanket|TV|Air conditioning|WiFi access|Water bottle
A-29006,RA-49205,CLASSIC,Double Bed|100 sq.ft|2 Adults|Blanket|Attached washroom|Fan
A-71269,RA-29385,Superior Room,Double Bed|200 sq.ft|2 Adults|Blackout curtains|Wardrobe/closet|Blanket|TV|Air conditioning
A-22601,RA-55665,Premium Double Room · City view,Double Bed|250 sq.ft|3 Adults|Fridge|TV|Air conditioning|Towels|Shampoo|Desk
A-81789,RA-73167,Deluxe Queen,Queen Bed|130 sq.ft|2 Adults|Blanket|TV|Air conditioning|Toiletries|Towels
A-30053,RA-08076,"Deluxe Room, 1 Double Bed",
A-21567,RA-16989,Deluxe City View,216 sq.ft|2 Guests|Toiletries|Satellite channels|Mirror|Trash can|First aid kit|Free WiFi
A-16046,RA-81024,Double Room,2476 sq.ft|2 Guests|Tea/coffee maker|Flat-screen TV|Linens|Wardrobe/closet|Extra long beds (> 6.5 ft)
A-87389,RA-09165,Premium Room · City view,King Bed|3 Adults|Wardrobe/closet|Blanket|Air conditioning|Toiletries|WiFi access
A-13156,RA-23831,Gold Superior Room · City view,Double Bed|190 sq.ft|3 Adults|Fridge|Blanket|TV|Ironing facilities|Air conditioning
A-87668,RA-97655,Studio Apartment with Kitchenette · City view,Queen Bed|220 sq.ft|3 Adults|Blanket|Attached washroom|Fan
A-90603,RA-78431,Deluxe,162 sq.ft|2 Guests|Minibar|Blackout curtains|Flat-screen TV|Linens|TV
A-44289,RA-97850,Deluxe Room · City view,Double Bed|199 sq.ft|3 Adults|Fridge|TV|Housekeeping|Desk
A-84473,RA-51228,Comfort Room,
A-21902,RA-72676,Executive Twin Room,Twin Bed|240 sq.ft|3 Adults|Blanket|TV|Toiletries|WiFi access|Water bottle
A-43047,RA-77374,Signature Room,
A-36964,RA-06635,Executive Apartment,
A-56634,RA-86224,Luxury Suite · City view,"TwinXLBed,TwinBed|2 Adults|Coffee machine|Wardrobe/closet|TV|Toiletries|Private bathroom"
A-16307,RA-38722,CLASSIC,Double Bed|100 sq.ft|2 Adults|Blanket|Attached washroom|Fan
A-39261,RA-30198,Deluxe AC Room · City view,Double Bed|225 sq.ft|3 Adults|TV|Air conditioning|WiFi access|Water bottle|Clothes rack
A-91387,RA-70150,Classic Double Room,
A-31011,RA-43768,Two-Bedroom Apartment · City view,Double Bed|2000 sq.ft|4 Adults|Fridge|Sofa|Blanket|TV|Air conditioning
A-60314,RA-55767,Deluxe Apartment with Balcony,
A-97536,RA-17545,1 BHK Apartments · City view,Double Bed|180 sq.ft|3 Adults|Flat-screen TV|Linens|Blanket|TV|Towels
A-60930,RA-94880,Superior Room · City view,King Bed|270 sq.ft|4 Adults|Minibar|Blanket|TV|Air conditioning|Towels
A-84876,RA-48914,"Apartment, Balcony",
A-15287,RA-40637,Premier Room,
A-62473,RA-58764,Standard Double Room with Fan,
A-92314,RA-00046,Luxury Room · Garden view,King Bed|377 sq.ft|3 Adults|Fridge|Blackout curtains|Flat-screen TV|Duvet|Linens
A-92962,RA-51613,Deluxe Room City View,
A-02324,RA-06357,Saver Room,1507 sq.ft|2 Guests|Air conditioning
A-14557,RA-54715,1 BHK,Double Bed|100 sq.ft|2 Adults|Blackout curtains|Blanket|TV|Air conditioning|WiFi access
A-67636,RA-94274,"Club lounge access, Guest room, 1 King",King Bed|420 sq.ft|3 Adults|Tea/coffee maker|Minibar|Duvet|Feather pillow|Streaming services
A-69127,RA-59539,Executive Double Room A/C · City view,Double Bed|275 sq.ft|3 Adults|Fridge|Wardrobe/closet|Blanket|TV|Air conditioning
A-15551,RA-66422,Deluxe Double Ac Room · City view,Double Bed|320 sq.ft|3 Adults|Wardrobe/closet|Blanket|Air conditioning|Water bottle|Clothes rack
A-00118,RA-95983,Suite,Double Bed|168 sq.ft|2 Adults|Blanket|TV|Air conditioning|Toiletries|Towels
A-44417,RA-56696,Classic,Queen Bed|100 sq.ft|3 Adults|Flat-screen TV|Blanket|Air conditioning|Toiletries|Towels
A-82813,RA-20468,Manor Exclusive,
A-47735,RA-33515,Executive Room · City view,Double Bed|144 sq.ft|3 Adults|Flat-screen TV|Linens|Blanket|TV|Air conditioning
A-02842,RA-55583,Deluxe Room,269 sq.ft|3 Adults|Fridge|Minibar|Sofa|Wardrobe/closet|Ironing facilities
A-29061,RA-41273,"Hazel, Suite, 1 King, City view · City view",King Bed|463 sq.ft|3 Adults|Tea/coffee maker|Minibar|Air conditioning|Hairdryer|Private bathroom
A-10842,RA-79691,Deluxe Room,Double Bed|150 sq.ft|2 Adults|Flat-screen TV|TV|Air conditioning|Toiletries|WiFi access
A-22358,RA-50225,Suite Room,Queen Bed|360 sq.ft|3 Adults|Blackout curtains|Sofa|Wardrobe/closet|Blanket|TV
A-22752,RA-25816,Classic,Double Bed|130 sq.ft|2 Adults|Flat-screen TV|Attached washroom|Fan
A-22748,RA-15887,Premium Room · City view,Double Bed|200 sq.ft|3 Adults|Coffee machine|Flat-screen TV|Duvet|Wake up service|Blanket
A-07255,RA-40879,Deluxe Double Room · Garden view,Double Bed|130 sq.ft|2 Adults|TV|Air conditioning|Towels|Fan|Shower
A-60468,RA-50863,Studio Premium · City view,Double Bed|121 sq.ft|3 Adults|Blackout curtains|Blanket|Air conditioning|Attached washroom|Charging points|Dustbin
A-54365,RA-70635,"Deluxe Double Room, City View",
A-47801,RA-02326,"Grand Suite, 1 Bedroom · Garden view","KingBed,SofaBed|915 sq.ft|3 Adults|Coffee machine|Minibar|Blackout curtains|Wardrobe/closet|TV"
A-64177,RA-84302,Luxury Queen Bed with City View · City view,Double Bed|200 sq.ft|3 Adults|Blanket|Air conditioning|Bathtub|Attached washroom|Fan
A-24331,RA-35013,Standard Room · City view,Double Bed|200 sq.ft|2 Adults|Fridge|Minibar|Sofa|Wardrobe/closet|Blanket
A-44932,RA-63913,Superior AC,Queen Bed|237 sq.ft|3 Adults|Blackout curtains|Blanket|TV|Air conditioning|Fan
A-33393,RA-07825,Superior Room · City view,Double Bed|200 sq.ft|2 Adults|Flat-screen TV|Linens|Blanket|TV|Towels
A-09267,RA-77156,Executive Room,
A-99759,RA-12716,Classic,Double Bed|100 sq.ft|2 Adults|Flat-screen TV|Attached washroom|Fan
A-93844,RA-42532,Executive Room AC · City view,Double Bed|200 sq.ft|2 Adults|Fridge|Wardrobe/closet|Blanket|TV|Air conditioning
A-53977,RA-73848,Executive Room,TwinBed|120 sq.ft|2 Adults|Coffee machine|Wardrobe/closet|TV|Toiletries|Private bathroom
A-09101,RA-05848,Executive Room - Non AC · City view,Double Bed|180 sq.ft|3 Adults|Blanket|Air conditioning|Water bottle|Attached washroom|Fan|Electric kettle
A-05192,RA-27692,Deluxe Apartment · Garden view,"KingBed,QueenBed|2500 sq.ft|6 Adults|Fridge|Dining area|Dining table|Wardrobe/closet|Microwave"
A-71905,RA-08666,Standard Non AC Room · City view,Double Bed|224 sq.ft|3 Adults|TV|Water bottle|Attached washroom|Fan|Shower
A-44264,RA-25283,Family Triple Room,
A-17818,RA-77124,Twin Rooms · City view,Twin Bed|110 sq.ft|2 Adults|Wardrobe/closet|Blanket|Water bottle|Attached washroom|Trash can
A-74547,RA-75987,Superior Room,
A-86600,RA-55141,Deluxe Room · City view,Double Bed|150 sq.ft|2 Adults|Blanket|Water bottle|Attached washroom
A-95850,RA-64776,Standard Room,Queen Bed|100 sq.ft|2 Adults|Blanket|Fan|Disabled access
A-93966,RA-39828,Classic Triple Room,108 sq.ft|3 Guests|Flat-screen TV|Linens|Wardrobe/closet|TV|Air conditioning
A-91260,RA-76903,Luxury Suite,Double Bed|225 sq.ft|3 Adults|Fridge|Wardrobe/closet|Air conditioning|Water bottle|Attached washroom
A-89308,RA-56278,Family Suite,"KingBed,SofaBed|380 sq.ft|2 Adults|Wine/champagne|TV|Air conditioning|Hairdryer|Shower"
A-74117,RA-77576,Standard Double Room · City view,Double Bed|170 sq.ft|2 Adults|Wardrobe/closet|TV|Air conditioning|Fan|Shampoo
A-79711,RA-79085,Standard Double Room · City view,Queen Bed|150 sq.ft|2 Adults|Wine glasses|Sofa|Wardrobe/closet|Blanket|TV
A-46490,RA-73443,Standard AC Room Twin Bed · City view,Twin Bed|130 sq.ft|2 Adults|Wardrobe/closet|Blanket|TV|Ironing facilities|Air conditioning
A-49989,RA-18525,"Deluxe Double Room, Balcony",QueenBed|2475 sq.ft|2 Adults|Streaming services|Ironing facilities|Air conditioning|Hairdryer|Private bathroom
A-63628,RA-42972,"Superior Twin Room, City View",
A-19289,RA-42202,One Bedroom Apartment · City view,Double Bed|110 sq.ft|3 Adults|Blanket|Attached washroom|Fan
A-66534,RA-23158,Triple Family Room,2 Guests
A-82730,RA-76539,Non - AC Standard Room,
A-67167,RA-15683,"Standard Double Room, City View",
A-54967,RA-75390,Eco Room · City view,Double Bed|190 sq.ft|3 Adults|Wardrobe/closet|Blanket|Water bottle|Housekeeping|Attached washroom
A-36126,RA-45717,Classic · City view,Double Bed|120 sq.ft|2 Adults|TV|Air conditioning|Attached washroom|Charging points
A-94827,RA-12196,Deluxe · City view,Double Bed|110 sq.ft|3 Adults|Air conditioning|WiFi access|Attached washroom
A-71720,RA-89293,Deluxe,205 sq.ft|3 Guests|Air conditioning|LAN Internet access|Smoking policy – non-smoking available
A-80360,RA-44128,Classic Room,King Bed|129 sq.ft|2 Adults|Wardrobe/closet|Blanket|TV|Air conditioning|Heating
A-06037,RA-72945,Deluxe Twin,Twin Bed|140 sq.ft|2 Adults|Blanket|Towels|WiFi access|Attached washroom|Fan
A-49533,RA-69572,Standard Room · City view,Double Bed|208 sq.ft|2 Adults|Blanket|TV|Air conditioning|WiFi access|Water bottle
A-40382,RA-05219,Executive Room · City view,Double Bed|200 sq.ft|3 Adults|Minibar|Flat-screen TV|Linens|Blanket|TV
A-58472,RA-99413,Suite,Double Bed|100 sq.ft|2 Adults|Blanket|Attached washroom|Fan
A-32094,RA-80992,"Winter Green, Guest room, 1 Queen, City view · City view",Queen Bed|247 sq.ft|3 Adults|Tea/coffee maker|Air conditioning|Water bottle|Geyser|Safe|Cable channels
A-83713,RA-32986,Deluxe Room,Double Bed|200 sq.ft|2 Adults|Flat-screen TV|Linens|Wardrobe/closet|Wake up service|Blanket
A-85631,RA-11562,"Deluxe Room, City View",
A-85170,RA-82218,Double Room · City view,Double Bed|144 sq.ft|3 Adults|Blanket|Air conditioning|Towels|Water bottle|Housekeeping
A-99907,RA-97366,CLASSIC ROOM · City view,Double Bed|200 sq.ft|3 Adults|TV|Air conditioning|WiFi access|Water bottle|Attached washroom|Shower
A-09785,RA-62927,Standard,
A-37013,RA-33561,House,
A-89937,RA-92120,Standard Room,Double Bed|170 sq.ft|3 Adults|Blanket|Air conditioning|Fan
A-91659,RA-70913,Deluxe AC Room · City view,Double Bed|200 sq.ft|3 Adults|Fridge|Wardrobe/closet|Ironing facilities|Air conditioning|WiFi access
A-45325,RA-49775,Deluxe · City view,Double Bed|225 sq.ft|3 Adults|Flat-screen TV|Linens|Blanket|Towels|Cushions
A-59562,RA-08808,Superior Two-Bedroom Apartment · City view,Double Bed|400 sq.ft|3 Adults|Fridge|Blanket|TV|Air conditioning|Microwave
A-51374,RA-90934,Cottage with Lagoon View · Lagoon view,Double Bed|200 sq.ft|3 Adults|Blanket|TV|Toiletries|WiFi access|Water bottle|Attached washroom
A-99316,RA-45521,Superior Two Bedroom Apartment · City view,King Bed|650 sq.ft|5 Adults|Fridge|Wine glasses|Blackout curtains|Flat-screen TV|Dining table
A-76286,RA-73344,Comfort Double Room,
A-52553,RA-49571,Standard · City view,King Bed|170 sq.ft|2 Adults|Blanket|TV|WiFi access|Water bottle|Attached washroom
A-93345,RA-34182,Apartment - 3 Bedrooms,
A-23039,RA-02337,"Studio, City View",
A-61951,RA-83805,Superior Room · City view,Double Bed|200 sq.ft|3 Adults|Wardrobe/closet|TV|Toiletries|Water bottle|Housekeeping
A-36878,RA-27095,Standard Twin,Twin Bed|140 sq.ft|2 Adults|Blanket|Toiletries|WiFi access|Water bottle|Attached washroom
A-56634,RA-52502,Executive Double Room · City view,FullBed|2 Adults|Coffee machine|Wardrobe/closet|TV|Private bathroom|Shower
A-61406,RA-57126,Classic Triple Room,
A-25561,RA-37883,Classic Double Room,194 sq.ft|2 Adults|Coffee machine|Wardrobe/closet|TV|Toiletries|Private bathroom
A-32232,RA-37112,Standard Room,1077 sq.ft|2 Guests|Flat-screen TV|Linens|Toiletries|Towels|Water bottle
A-51690,RA-33752,Deluxe Double Room,
A-05014,RA-84678,Executive Studio Suite,
A-49720,RA-51885,Deluxe Room,King Bed|240 sq.ft|3 Adults|Flat-screen TV|Wardrobe/closet|Wake up service|Blanket|Iron
A-27707,RA-08198,Deluxe Room,Queen Bed|200 sq.ft|3 Adults|Flat-screen TV|Linens|Wardrobe/closet|Wake up service|Blanket
A-37212,RA-90641,Executive AC Room · City view,Queen Bed|176 sq.ft|3 Adults|Blanket|Water bottle|Attached washroom
A-10104,RA-54310,Deluxe King Room · City view,Double Bed|132 sq.ft|3 Adults|Wardrobe/closet|Blanket|TV|Ironing facilities|Air conditioning
A-67316,RA-64580,Deluxe Room · City view,Double Bed|180 sq.ft|3 Adults|Blanket|TV|Air conditioning|WiFi access|Water bottle
A-66401,RA-61135,Suite Double Room AC,Double Bed|3 Adults|Flat-screen TV|Blanket|TV|Air conditioning|Towels
A-17502,RA-38798,Deluxe Double or Twin,
A-54551,RA-24744,Standard Double Room,
A-42951,RA-15813,Triple Bed Non AC,Triple Bed|150 sq.ft|3 Adults|Blanket|TV|WiFi access|Water bottle|Attached washroom
A-07438,RA-90788,Premium Room with 1 Way Airport Transfers · City view,KingBed|484 sq.ft|3 Adults|Coffee machine|Minibar|Blackout curtains|Air conditioning|Toiletries
A-99580,RA-08741,Premium Twin Room,Twin Bed|200 sq.ft|2 Adults|Blanket|TV|Air conditioning|WiFi access|Water bottle
A-17803,RA-87326,Classic,Queen Bed|130 sq.ft|3 Adults|Flat-screen TV|Wardrobe/closet|Blanket|TV|Air conditioning
A-83223,RA-09037,Superior Room · City view,Double Bed|224 sq.ft|3 Adults|Fridge|Wardrobe/closet|Blanket|TV|Toiletries
A-51770,RA-62203,Twin Room · City view,Double Bed|200 sq.ft|3 Adults|Blanket|Air conditioning|Attached washroom|Fan|Accessible by elevator|First aid kit
A-76310,RA-89526,Classic Double or Twin,
A-81060,RA-00222,Maharaja Suite · City view,Double Bed|120 sq.ft|3 Adults|Wardrobe/closet|Blanket|Air conditioning|WiFi access|Water bottle
A-46685,RA-40827,Standard Room,
A-85227,RA-80787,Deluxe King - Non-AC,King Bed|220 sq.ft|2 Adults|Blackout curtains|Blanket|TV|WiFi access|Attached washroom
A-70908,RA-34063,Standard Room · City view,Double Bed|220 sq.ft|3 Adults|Wardrobe/closet|Blanket|TV|Air conditioning|Heating
A-25504,RA-71163,Day Cruise with Lunch and Without Room in Sharing Houseboat 1 PM to 530 PM Non AcRoom Only,
A-60451,RA-26106,Standard Non AC Room,King Bed|130 sq.ft|2 Adults|Blanket|TV|Towels|WiFi access|Attached washroom
A-90461,RA-49804,Standard Twin Room,Twin Bed|180 sq.ft|2 Adults|Tea/coffee maker|Fridge|Flat-screen TV|Linens|Wardrobe/closet
A-47877,RA-87992,Superior Twin Room · Garden view,Twin Bed|273 sq.ft|3 Adults|Fridge|Wardrobe/closet|Blanket|TV|Ironing facilities
A-34104,RA-75565,Standard Room · City view,Double Bed|265 sq.ft|2 Adults|Sofa|Blanket|TV|Air conditioning|Toiletries
A-12030,RA-73120,SUPERIOR ROOM · City view,Double Bed|3 Adults|Fridge|TV|Air conditioning|WiFi access|Charging points
A-16623,RA-53908,Standard room,Twin Bed|300 sq.ft|2 Adults|Blackout curtains|Blanket|TV|Air conditioning|Toiletries
A-24396,RA-18810,Suite,King Bed|120 sq.ft|2 Adults|Blackout curtains|Fan|Charging points
A-36856,RA-82727,Premier King · City view,King Bed|120 sq.ft|3 Adults|Blanket|Water bottle|Attached washroom
A-17586,RA-79093,Double NON AC Room,2 Guests|Blackout curtains|Wardrobe/closet|Ironing facilities|Air conditioning|Toiletries
A-88769,RA-19015,Utopia G3 Mixed Non AC Room Both Boys and Girls · City view,Bunk Bed|180 sq.ft|8 Adults|Blanket|Attached washroom|Fan
A-18462,RA-76000,Superior Queen Room,194 sq.ft|2 Guests|Tea/coffee maker|Minibar|Flat-screen TV|Sofa|Linens
A-26174,RA-80516,Deluxe Room · City view,Double Bed|160 sq.ft|3 Adults|Blackout curtains|Duvet|Blanket|TV|Air conditioning
A-55630,RA-41787,Deluxe Room,Double Bed|180 sq.ft|2 Adults|Flat-screen TV|Dining area|Wardrobe/closet|TV|Air conditioning
A-03801,RA-48068,Deluxe King · City view,King Bed|275 sq.ft|3 Adults|Blanket|Air conditioning|Attached washroom
A-41132,RA-51781,Deluxe Double Room,QueenBed|2 Adults|Wardrobe/closet|TV|Hairdryer|Private bathroom|Shower
A-60466,RA-90752,Classic Double or Twin,108 sq.ft|2 Guests|Linens|TV|Air conditioning|Toiletries|Towels
A-54551,RA-19979,Family Triple Room,
A-31408,RA-15079,TRIPLE DELUXE ROOM · City view,Triple Bed|180 sq.ft|3 Adults|Blanket|Air conditioning|WiFi access|Water bottle|Attached washroom|Shower
A-05680,RA-84291,"Deluxe Double Room, Balcony, City View",
A-80675,RA-26657,Basic House,
A-90379,RA-69314,Deluxe,Queen Bed|120 sq.ft|2 Adults|Blackout curtains|Fan|Charging points
A-57854,RA-87187,Classic Triple Room,130 sq.ft|3 Guests|Flat-screen TV|Linens|Wardrobe/closet|TV|Air conditioning
A-58431,RA-03501,Suite Double - Reliance ADAG - YCHS,2 Guests
A-97623,RA-71698,Premium,2 Adults
A-51312,RA-21488,Standard Double Room · City view,Double Bed|180 sq.ft|2 Adults|Wardrobe/closet|TV|Ironing facilities|Air conditioning|Towels
A-49475,RA-56366,Deluxe Room,
A-94835,RA-07777,Classic,Double Bed|130 sq.ft|3 Adults|Flat-screen TV|Attached washroom|Fan
A-26389,RA-61018,Superior Room · City view,Double Bed|150 sq.ft|3 Adults|Flat-screen TV|Linens|Blanket|TV|Towels
A-39575,RA-66907,Deluxe Room · City view,Double Bed|240 sq.ft|3 Adults|Blanket|TV|Towels|Water bottle|Clothes rack
A-59773,RA-44533,Deluxe Room,Double Bed|200 sq.ft|2 Adults|Flat-screen TV|Wake up service|TV|Air conditioning|Toiletries
A-86122,RA-24655,Pent House with Private Terrace · City view,Double Bed|667 sq.ft|3 Adults|Blanket|TV|Air conditioning|WiFi access|Water bottle
A-88403,RA-00378,Den · City view,Queen Bed|355 sq.ft|3 Adults|Dining area|Linens|Wardrobe/closet|Wake up service|Blanket
A-51842,RA-15757,Double Bed Room · City view,Double Bed|100 sq.ft|3 Adults|Blanket|TV|Toiletries|Towels|WiFi access
A-52276,RA-80182,Smart Studio,
A-12135,RA-14365,Standard Non AC Room,Double Bed|300 sq.ft|3 Adults|Sofa|Blanket|TV|Toiletries|WiFi access
A-21006,RA-13400,Classic with Balcony,2 Adults
A-75625,RA-59948,1BHK Flat,Queen Bed|190 sq.ft|2 Adults|Blanket|TV|Toiletries|Towels|WiFi access
A-36136,RA-79732,Executive Room,2 Guests|Wardrobe/closet|Air conditioning|Towels|Fan|Mirror
A-49503,RA-10185,Executive Room · City view,Double Bed|150 sq.ft|3 Adults|Minibar|Dining table|Sofa|Feather pillow|TV
A-79698,RA-81994,Deluxe Room · City view,Double Bed|200 sq.ft|3 Adults|Blanket|TV|Water bottle|Attached washroom|Clothes rack
A-06417,RA-08519,1BHK (Non AC) · City view,Double Bed|400 sq.ft|4 Adults|Blackout curtains|Sofa|Blanket|TV|Toiletries
A-24747,RA-53972,Premium Room,
A-79009,RA-88106,Classic,Double Bed|100 sq.ft|2 Adults|Blanket|Attached washroom|Fan
A-58052,RA-51760,Executive Triple Deluxe Room · City view,Triple Bed|230 sq.ft|3 Adults|Blanket|Air conditioning|WiFi access|Water bottle|Attached washroom
A-19358,RA-22439,PREMIUM SUITE TWIN,Twin Bed|428 sq.ft|2 Adults|Blackout curtains|Blanket|TV|Air conditioning|WiFi access
A-46664,RA-32853,Superior,
A-98793,RA-27583,Non AC Deluxe · City view,Double Bed|200 sq.ft|3 Adults|Flat-screen TV|Blanket|TV|Toiletries|Towels
A-60419,RA-39654,Deluxe Room with City View King Bed · City view,Double Bed|180 sq.ft|3 Adults|Flat-screen TV|Linens|Blanket|TV|Air conditioning
A-34683,RA-40452,Suite Family Room,
A-37444,RA-70384,3 Bed Room Cottage · Garden view,Double Bed|775 sq.ft|3 Adults|Blanket|TV|Air conditioning|WiFi access|Water bottle
A-69341,RA-07972,Executive Room,
A-06618,RA-10960,Deluxe Double Room,
A-84423,RA-27820,Superior Suite,
A-47571,RA-43211,Superior Room · City view,Double Bed|380 sq.ft|3 Adults|Blanket|TV|Air conditioning|WiFi access|Water bottle
A-64363,RA-54742,Standard King Room,646 sq.ft|2 Guests|Tea/coffee maker|Wine glasses|Blackout curtains|Sofa|Linens
A-63936,RA-07267,Suite,Double Bed|200 sq.ft|3 Adults|Blanket|TV|Air conditioning|Towels|WiFi access
A-97052,RA-89836,Standard Room · City view,Double Bed|250 sq.ft|2 Adults|Fridge|TV|Ironing facilities|Air conditioning|Towels
A-74546,RA-52706,Deluxe Twin Room · City view,Double Bed|238 sq.ft|2 Adults|Minibar|Duvet|Air conditioning|Toiletries|Attached washroom
A-68779,RA-46057,Deluxe Room,
A-99343,RA-79005,Premium Suite- Family Room · City view,Double Bed|300 sq.ft|4 Adults|Blanket|Air conditioning|Toiletries|WiFi access|Water bottle
A-77108,RA-33047,Standard Room · City view,Double Bed|120 sq.ft|3 Adults|Minibar|Linens|TV|Towels|Cushions
A-10432,RA-25541,Classic with Twin Bed,2 Adults
A-68084,RA-51927,"Executive lounge access, Guest room, 2 Twin",Twin Bed|366 sq.ft|3 Adults|Tea/coffee maker|Minibar|Duvet|Feather pillow|Air conditioning
A-48995,RA-94174,House,
A-82737,RA-62294,Deluxe Twin,Twin Bed|120 sq.ft|2 Adults|Blanket|Air conditioning|Attached washroom
A-94838,RA-21580,Standard Room · City view,Double Bed|125 sq.ft|3 Adults|Linens|Blanket|TV|Towels|Cushions
A-66974,RA-24006,Standard Room AC · City view,Double Bed|3 Adults|Wardrobe/closet|Blanket|Water bottle|Attached washroom|Clothes rack
A-05827,RA-68031,Superior Twin Room with High Floor · City view,TwinBed|183 sq.ft|2 Adults|Coffee machine|Minibar|Blackout curtains|Wardrobe/closet|TV
A-21496,RA-26403,Standard Room Non AC,Double Bed|120 sq.ft|2 Adults|Blanket|TV|WiFi access|Water bottle|Attached washroom
A-02324,RA-65286,Deluxe Room,
A-67415,RA-66773,Premium Room (AC),FullBed|110 sq.ft|3 Adults|Wardrobe/closet|TV|Private bathroom|Shower|Body soap
A-59461,RA-19981,Executive Non-AC · City view,Double Bed|140 sq.ft|2 Adults|Blackout curtains|Flat-screen TV|Blanket|TV|Towels
A-86365,RA-37351,Deluxe Room,Double Bed|110 sq.ft|2 Adults|Flat-screen TV|Linens|Wardrobe/closet|Wake up service|TV
A-91664,RA-07421,Executive Room,Twin Bed|240 sq.ft|2 Adults|Fridge|Minibar|Blanket|TV|Ironing facilities
A-00396,RA-36245,Standard Room · Garden view,Double Bed|324 sq.ft|3 Adults|Blackout curtains|Blanket|Attached washroom|Fan|Charging points|Trash can
A-33257,RA-31436,Executive Room · City view,Double Bed|3 Adults|Sofa|WiFi access|Water bottle|Clothes rack|Mirror
A-62237,RA-52150,Deluxe with Balcony,Double Bed|97 sq.ft|2 Adults|Air conditioning|Kitchenette|Housekeeping|Attached washroom|Fan|Charging points
A-77213,RA-25913,Luxury Suite · Street View,King Bed|872 sq.ft|3 Adults|Fridge|Minibar|Blackout curtains|Flat-screen TV|Duvet
A-93345,RA-94170,4 Bedroom Apartment,
A-56986,RA-53037,Deluxe Room · City view,300 sq.ft|3 Adults|Blackout curtains|Wardrobe/closet|TV|Toiletries|Private bathroom
A-18005,RA-20786,Standard Non AC Room · City view,Double Bed|150 sq.ft|3 Adults|Blanket|TV|Toiletries|Towels|WiFi access
A-21175,RA-37581,Classic Room,Double Bed|120 sq.ft|2 Adults|Wardrobe/closet|TV|Towels|Fan|Shower
A-39876,RA-81231,"Standard Double Room, City View · City view",QueenBed|140 sq.ft|2 Adults|Toiletries|Hairdryer|Private bathroom|Shower|Smoking policy – non-smoking available
A-68953,RA-65917,Deluxe Room · City view,Double Bed|150 sq.ft|2 Adults|Blanket|TV|WiFi access|Water bottle|Housekeeping
A-26991,RA-50374,Deluxe Double or Twin,2369 sq.ft|2 Guests|Private pool|Tea/coffee maker|Flat-screen TV|Linens|Wardrobe/closet
A-42703,RA-37955,Club Room,Double Bed|180 sq.ft|3 Adults|TV|Desk|Trash can|First aid kit
A-81333,RA-04101,Deluxe Room · City view,Double Bed|196 sq.ft|3 Adults|Flat-screen TV|Linens|Blanket|Air conditioning|Toiletries
A-34477,RA-89677,Standard Room · City view,Double Bed|3 Adults|Blanket|Toiletries|Clothes rack|Fan|Mirror
A-24140,RA-28027,Deluxe Balcony,
A-14924,RA-54886,Triple Economy,194 sq.ft|3 Guests|TV|Toiletries|Private bathroom|Fan|Shower
A-80800,RA-17693,Basic Room · City view,Double Bed|140 sq.ft|2 Adults|Blanket|Air conditioning|WiFi access|Water bottle|Attached washroom
A-94101,RA-28040,Deluxe Double Room with Air Conditioning,22 sq.ft|3 Guests|Air conditioning
A-64667,RA-52333,Executive Suite · City view,King Bed|280 sq.ft|3 Adults|Blackout curtains|Flat-screen TV|Duvet|Linens|Wake up service
A-42701,RA-31154,Double Executive,205 sq.ft|2 Guests|Flat-screen TV|Linens|Wardrobe/closet|TV|Ironing facilities
A-26991,RA-37923,Suite,4844 sq.ft|2 Guests|Private pool|Tea/coffee maker|Minibar|Flat-screen TV|Sofa
A-26136,RA-66435,2 BHK Spacious Room with 2 Balconies Kitchen and Washing Area · City view,Double Bed|1000 sq.ft|6 Adults|Sofa|Blanket|TV|Air conditioning|WiFi access
A-60144,RA-92922,Superior Double Room with Balcony · City view,Double Bed|132 sq.ft|2 Adults|Tea/coffee maker|Blackout curtains|Flat-screen TV|Wardrobe/closet|Wake up service
A-32994,RA-41642,"Classic Room, 1 Queen Bed",2 Adults|Wardrobe/closet|Private bathroom|Safe|Smoking policy – non-smoking available|Soundproof
A-47887,RA-50383,Executive Room · Garden view,Double Bed|272 sq.ft|2 Adults|Blanket|Air conditioning|WiFi access|Water bottle|Attached washroom
A-34822,RA-44411,Executive Room,270 sq.ft|2 Guests|Free welcome drink|Tea/coffee maker|Blackout curtains|Flat-screen TV|Linens
A-97856,RA-55025,Classic Triple Room,
A-76324,RA-66837,Deluxe,194 sq.ft|3 Guests|Blackout curtains|Flat-screen TV|Wardrobe/closet|Ironing facilities|Air conditioning
A-46927,RA-28332,Two Bedroom Apartment,
A-34037,RA-43834,Standard Room,216 sq.ft|3 Guests|Linens|Wardrobe/closet|Ironing facilities|Air conditioning|Toiletries
A-64684,RA-64010,PREMIUM CLUB ROOM AC · City view,Double Bed|315 sq.ft|3 Adults|Blanket|TV|WiFi access|Water bottle|Attached washroom
A-08773,RA-22447,Triple Room,
A-33797,RA-75019,Deluxe Room,160 sq.ft|2 Adults|Flat-screen TV|Wardrobe/closet|Blanket|TV|Air conditioning
A-72364,RA-77438,Suite Room with Balcony,453 sq.ft|1 Adult|Fridge|Ironing facilities|Charging points
A-25430,RA-01291,Deluxe Room,Double Bed|180 sq.ft|2 Adults|Flat-screen TV|Wake up service|TV|Air conditioning|Toiletries
A-73263,RA-03107,Deluxe Room,King Bed|250 sq.ft|3 Adults|Flat-screen TV|Linens|Blanket|Air conditioning|Toiletries
A-86797,RA-34567,Deluxe Room,
A-11604,RA-88358,Standard Room · City view,Double Bed|3 Adults|Blanket|Water bottle|Attached washroom|Clothes rack|Fan
A-37875,RA-04884,Standard AC · City view,Double Bed|100 sq.ft|2 Adults|Blackout curtains|Blanket|Air conditioning|Attached washroom|Charging points|Trash can
A-21293,RA-27831,Deluxe Room,Queen Bed|150 sq.ft|3 Adults|Blanket|TV|Air conditioning|Toiletries|Towels
A-86530,RA-96222,Deluxe A/C Room · City view,Double Bed|180 sq.ft|2 Adults|Fridge|TV|Towels|Fan|Shower
A-31301,RA-29099,Deluxe,Double Bed|145 sq.ft|2 Adults|Blackout curtains|Blanket|TV|Air conditioning|WiFi access
A-48781,RA-37303,Club Room,
A-87391,RA-30972,Premium Room,
A-63269,RA-05030,Family Room,
A-82459,RA-02781,Deluxe Room,1615 sq.ft|2 Guests|Linens|Wardrobe/closet|Ironing facilities|Air conditioning|Dishwasher
A-29011,RA-47967,Deluxe Twin,Twin Bed|120 sq.ft|2 Adults|Wardrobe/closet|Blanket|Toiletries|WiFi access|Water bottle
A-40259,RA-20056,Suite (Garden) · Garden view,961 sq.ft|3 Adults|Coffee machine|Fridge|Minibar|Blackout curtains|Dining area
A-34264,RA-70324,Double Room · City view,Double Bed|120 sq.ft|2 Adults|Minibar|Linens|Blanket|Towels|Cushions
A-74276,RA-68852,Deluxe Room,Double Bed|220 sq.ft|2 Adults|Fridge|Flat-screen TV|TV|Air conditioning|Toiletries
A-18175,RA-36004,2 BHK Private Flat · City view,Double Bed|220 sq.ft|3 Adults|Minibar|Flat-screen TV|Linens|Blanket|TV
A-99580,RA-33694,Premium Executive Room,King Bed|150 sq.ft|3 Adults|Blanket|TV|Air conditioning|WiFi access|Water bottle
A-79072,RA-72750,Classic with View,Double Bed|130 sq.ft|2 Adults|Wardrobe/closet|TV|Air conditioning|Towels|Fan|Shower
A-88149,RA-28585,Suite,
A-06618,RA-49885,Premium Double Room,
A-61576,RA-80815,Deluxe,399 sq.ft|2 Guests|Tea/coffee maker|Flat-screen TV|Wardrobe/closet|Ironing facilities|Air conditioning
A-44302,RA-88714,Family Room,3230 sq.ft|3 Guests
A-63988,RA-47174,Standard Twin,Twin Bed|140 sq.ft|2 Adults|Wardrobe/closet|Blanket|Toiletries|WiFi access|Water bottle
A-51641,RA-44651,Deluxe AC Room · City view,Queen Bed|185 sq.ft|2 Adults|Blackout curtains|Blanket|TV|Air conditioning|WiFi access
A-37212,RA-61605,Executive Non AC Room · City view,Queen Bed|100 sq.ft|3 Adults|Blanket|Water bottle|Attached washroom
A-84481,RA-96261,Deluxe Room,Double Bed|272 sq.ft|3 Adults|Wardrobe/closet|Blanket|TV|Ironing facilities|Air conditioning
A-95256,RA-38649,Suite,
A-82852,RA-64535,Standard,2 Guests|Private bathroom|Fan
A-43047,RA-93633,Elite Room,
A-83214,RA-63243,Classic,Double Bed|100 sq.ft|2 Adults|Blanket|Attached washroom|Fan
A-38914,RA-47211,Standard Room · City view,Double Bed|120 sq.ft|2 Adults|Flat-screen TV|Linens|Blanket|TV|Towels
A-36007,RA-50000,Deluxe Room · City view,Double Bed|193 sq.ft|3 Adults|Linens|Blanket|TV|Air conditioning|Toiletries
A-05014,RA-13995,Deluxe Double Room,
A-51452,RA-70615,Deluxe,2 Adults
A-15029,RA-06484,Deluxe Room · City view,Double Bed|220 sq.ft|2 Adults|TV|Air conditioning|Towels|Shower
A-23099,RA-32159,Executive Room · City view,Twin Bed|225 sq.ft|3 Adults|Fridge|Sofa|TV|Air conditioning|Toiletries
A-83693,RA-56222,AZURE Studio Apartment B6,
A-48537,RA-56821,Deluxe Double Room · Balcony,King Bed|140 sq.ft|3 Adults|Flat-screen TV|Duvet|Linens|Wardrobe/closet|Wake up service
A-07948,RA-83649,Premium Room,Double Bed|240 sq.ft|2 Adults|Flat-screen TV|Linens|Wardrobe/closet|Wake up service|Blanket
A-67515,RA-98202,Standard Double Room,
A-63881,RA-69448,Deluxe Room,216 sq.ft|2 Guests|Fridge|Flat-screen TV|Linens|Wardrobe/closet|Air conditioning
A-75666,RA-75038,"Deluxe Room, Air conditioning",
A-69409,RA-09233,Club Double Room,Double Bed|200 sq.ft|2 Adults|Minibar|Sofa|TV|Ironing facilities|Air conditioning
A-17296,RA-93146,Deluxe Room,
A-08414,RA-52175,Standard Twin,Twin Bed|140 sq.ft|2 Adults|Blanket|Toiletries|WiFi access|Water bottle|Housekeeping
A-78980,RA-62540,Premium Double or Twin Room · City view,Twin Bed|250 sq.ft|3 Adults|Sofa|Wardrobe/closet|Blanket|TV|Ironing facilities
A-87389,RA-38890,Deluxe Room · City view,Queen Bed|165 sq.ft|3 Adults|Wardrobe/closet|Blanket|Air conditioning|Toiletries|WiFi access
A-99899,RA-53649,Double Room with Private Bathroom,119 sq.ft|2 Guests|Fridge|Dining table|Linens|Wardrobe/closet|Air conditioning
A-69012,RA-31405,Classic,130 sq.ft|3 Adults|Flat-screen TV|Attached washroom|Fan
A-64934,RA-65744,Classic,Double Bed|100 sq.ft|3 Adults|Blanket|Attached washroom|Fan
A-02217,RA-41217,Classic Double or Twin,130 sq.ft|3 Guests|Flat-screen TV|Linens|Wardrobe/closet|TV|Air conditioning
A-47419,RA-88100,Superior King · City view,Queen Bed|230 sq.ft|2 Adults|Blackout curtains|Blanket|Air conditioning|WiFi access|Attached washroom
A-73153,RA-88037,"Deluxe Double Room, Balcony, Courtyard View",
A-36856,RA-08823,Premier Twin · Garden view,Twin Bed|510 sq.ft|3 Adults|Blanket|Water bottle|Attached washroom
A-68238,RA-71510,Classic Triple Room,
A-18030,RA-74314,Standard Room · City view,Double Bed|100 sq.ft|3 Adults|Blanket|Water bottle|Attached washroom
A-49503,RA-65590,Suite · City view,Double Bed|200 sq.ft|3 Adults|Minibar|Dining table|Sofa|Feather pillow|TV
A-42234,RA-20729,Standard Room · City view,Double Bed|120 sq.ft|3 Adults|Linens|Blanket|TV|Towels|Cushions
A-99161,RA-08940,Classic Room,Double Bed|100 sq.ft|2 Adults|Wardrobe/closet|TV|Air conditioning|Towels|Fan
A-38774,RA-23944,Home,16 Guests|TV|Air conditioning|Kitchen|Desk|LAN Internet access
A-04703,RA-96223,Standard Room,151 sq.ft|2 Guests|Tea/coffee maker|Blackout curtains|Flat-screen TV|Linens|Wardrobe/closet
A-11288,RA-58389,Delux Room · City view,King Bed|144 sq.ft|3 Adults|Flat-screen TV|Blanket|TV|Air conditioning|WiFi access
A-21295,RA-78028,EXECUTIVE ROOM KING BED · City view,Double Bed|201 sq.ft|3 Adults|Blanket|TV|Air conditioning|WiFi access|Water bottle
A-22624,RA-26324,Signature Suite King Bed Room · City view,Queen Bed|367 sq.ft|3 Adults|Minibar|Wardrobe/closet|Blanket|TV|Air conditioning
A-70064,RA-67454,Standard Room,1 double bed|183 sq.ft|2 Guests|Flat-screen TV|Linens|TV|Air conditioning|Toiletries
A-84876,RA-70010,"Apartment, Balcony",
A-16623,RA-17619,Deluxe Room with City View · City view,King Bed|400 sq.ft|2 Adults|Blanket|TV|Air conditioning|Toiletries|Towels
A-89668,RA-02854,Super Deluxe Rooms with Balcony · City view,Double Bed|375 sq.ft|3 Adults|Blanket|Water bottle|Attached washroom
A-82737,RA-66167,Executive Suite Room,Double Bed|150 sq.ft|2 Adults|Blanket|Air conditioning|Attached washroom
A-58551,RA-84603,"Luxury Suite, City View",
A-93482,RA-34929,Premium Executive Room,2 Guests
A-30796,RA-28654,EXECUTIVE TWIN BED · City view,Twin Bed|280 sq.ft|3 Adults|Blanket|Water bottle|Attached washroom
A-83890,RA-42919,Family Room,Double Bed|150 sq.ft|3 Adults|Blanket|Air conditioning|Fan
A-59423,RA-65692,Deluxe Room,
A-10842,RA-08192,Premium Room,Double Bed|200 sq.ft|2 Adults|Flat-screen TV|Linens|Wake up service|TV|Air conditioning
A-96748,RA-29218,Double Room,1938 sq.ft|2 Guests|Flat-screen TV|Dining table|Linens|Wardrobe/closet|Air conditioning
A-13554,RA-96853,Grand Comfort Kalyan Nagar · City view,Double Bed|1900 sq.ft|3 Adults|Blanket|TV|Air conditioning|WiFi access|Water bottle
A-64835,RA-16702,Classic Room,2 Adults|Wardrobe/closet|TV|Towels|Fan|Shower
A-23551,RA-49985,Elite Room · City view,Double Bed|280 sq.ft|3 Adults|Blanket|Water bottle|Attached washroom
A-85477,RA-82028,Deluxe Room,2 Guests|Fan
A-29504,RA-96412,Superior King Room,1 queen bed|216 sq.ft|2 Guests|Flat-screen TV|Linens|Wardrobe/closet|Extra long beds (> 6.5 ft)|Streaming services
A-80887,RA-49579,Classic,Double Bed|100 sq.ft|3 Adults|Flat-screen TV|Fan
A-36063,RA-33980,Classic Triple Room,
A-86917,RA-77568,Family Room,Double Bed|3 Adults|Fridge|TV|Air conditioning|Toiletries|Towels
A-46711,RA-41262,Deluxe Room,Double Bed|220 sq.ft|3 Adults|Blanket|TV|Air conditioning|Toiletries|Towels
A-50406,RA-69054,Suite Room · City view,Double Bed|400 sq.ft|3 Adults|Separate living room|Sofa|Wardrobe/closet|Blanket|TV
A-76019,RA-71476,Deluxe Room,Queen Bed|160 sq.ft|2 Adults|Blackout curtains|Blanket|TV|Air conditioning|WiFi access
A-29259,RA-65142,Premium Family Quad · City view,Double Bed|100 sq.ft|4 Adults|Blackout curtains|Blanket|TV|Ironing facilities|Air conditioning
A-99294,RA-44906,Deluxe Room,Double Bed|171 sq.ft|3 Adults|Wardrobe/closet|Blanket|TV|Air conditioning|Cushions
A-68607,RA-13279,Classic,Double Bed|130 sq.ft|3 Adults|Blanket|Attached washroom|Fan
A-22253,RA-57105,Deluxe Room,Double Bed|120 sq.ft|3 Adults|TV|Air conditioning|Toiletries|Towels|Separate dining area
A-68675,RA-33423,Classic,Double Bed|100 sq.ft|3 Adults|Flat-screen TV|Attached washroom|Fan
A-96560,RA-19769,Economy Room,Queen Bed|115 sq.ft|2 Adults|Flat-screen TV|Linens|Blanket|Air conditioning|Toiletries
A-82544,RA-16044,Executive King Room,400 sq.ft|2 Adults|Coffee machine|Fridge|Minibar|Wardrobe/closet|TV
A-37944,RA-80318,Deluxe Non Ac Room · City view,Double Bed|120 sq.ft|3 Adults|Flat-screen TV|Linens|Blanket|TV|Toiletries
A-10733,RA-20229,Suite Twin Room · City view,Twin Bed|450 sq.ft|3 Adults|Blanket|TV|Air conditioning|WiFi access|Water bottle
A-54747,RA-78819,Cottage with Plunge Pool,
A-66401,RA-33914,Deluxe Room AC,Double Bed|3 Adults|Flat-screen TV|Blanket|TV|Air conditioning|WiFi access
A-22138,RA-08520,Standard 1BHK with Balcony · City view,Queen Bed|250 sq.ft|3 Adults|Blanket|Attached washroom|Fan
A-16463,RA-25862,Superior Room,
A-66313,RA-75539,Deluxe Double AC · City view,Double Bed|320 sq.ft|3 Adults|Blanket|Air conditioning|Water bottle|Housekeeping|Attached washroom
A-67775,RA-90427,Triple Room,
A-35778,RA-03884,Standard (Non AC) · City view,Double Bed|100 sq.ft|2 Adults|Blackout curtains|Blanket|WiFi access|Attached washroom|Fan
A-03422,RA-93988,"Standard Room, Balcony, City View",
A-94019,RA-56092,Nazaara 201 · City view,Queen Bed|110 sq.ft|3 Adults|Blanket|Attached washroom|Fan
A-90595,RA-55689,Premium Room,Double Bed|180 sq.ft|2 Adults|Flat-screen TV|Wake up service|TV|Air conditioning|Toiletries
A-69341,RA-23097,Suite,
A-21496,RA-75792,Superior Deluxe Room Non AC,Double Bed|140 sq.ft|3 Adults|Blanket|TV|WiFi access|Water bottle|Attached washroom
A-23099,RA-90371,Executive Luxury Suite Room · City view,Double Bed|450 sq.ft|2 Adults|Fridge|Sofa|TV|Air conditioning|Non-feather pillow
A-45119,RA-31463,Standard Room · City view,Double Bed|255 sq.ft|3 Adults|Fridge|Minibar|Sofa|Wardrobe/closet|TV
A-84235,RA-73842,"Superior Apartment, 1 Queen Bed with Sofa bed, Kitchenette, Garden View",
A-93482,RA-18569,Executive Room,2 Guests
A-32983,RA-88112,Deluxe Room - CP · City view,Double Bed|360 sq.ft|2 Adults|Wardrobe/closet|Blanket|Water bottle|Attached washroom|Fan
A-04618,RA-28260,Deluxe Room,Queen Bed|300 sq.ft|3 Adults|Flat-screen TV|Duvet|Feather pillow|Wardrobe/closet|Blanket
A-40274,RA-68802,Deluxe Room,
A-75299,RA-88809,Deluxe Room · City view,Double Bed|192 sq.ft|3 Adults|Blackout curtains|Blanket|TV|Air conditioning|WiFi access
A-57188,RA-06462,Deluxe King Room · City view,Double Bed|216 sq.ft|3 Adults|Linens|Wardrobe/closet|Blanket|TV|Air conditioning
A-82544,RA-90022,Executive Twin Room,400 sq.ft|2 Adults|Coffee machine|Fridge|Minibar|Wardrobe/closet|TV
A-66313,RA-29628,Deluxe Single AC · City view,Double Bed|100 sq.ft|3 Adults|Blanket|TV|Air conditioning|Toiletries|WiFi access
A-66401,RA-71816,Triple Room AC,Triple Bed|4 Adults|Flat-screen TV|Blanket|TV|Air conditioning|Towels
A-15897,RA-17662,Classic,Double Bed|100 sq.ft|2 Adults|Wardrobe/closet|TV|Towels|Fan|Shower
A-01655,RA-29133,Deluxe Room,Double Bed|120 sq.ft|2 Adults|Blackout curtains|Blanket|Air conditioning|Attached washroom|Fan
A-91580,RA-61369,Deluxe Room,Double Bed|200 sq.ft|3 Adults|Wardrobe/closet|Blanket|Ironing facilities|Air conditioning|Housekeeping
A-44785,RA-17684,Classic,Double Bed|97 sq.ft|2 Adults|Blanket|Air conditioning|Heating|Toiletries|Towels
A-54393,RA-72242,Standard Room · City view,Double Bed|200 sq.ft|3 Adults|Blanket|TV|Air conditioning|Toiletries|WiFi access
A-88850,RA-33482,Standard King,Double Bed|2 Adults|Fridge|Blackout curtains|Flat-screen TV|Duvet|Linens
A-94651,RA-31252,Superior Luxury Room · City view,Double Bed|600 sq.ft|3 Adults|Blanket|TV|Air conditioning|WiFi access|Water bottle
A-44147,RA-99323,Classic Triple Room,108 sq.ft|3 Guests|Linens|TV|Air conditioning|Toiletries|Towels
A-54629,RA-18195,Deluxe Room,Double Bed|120 sq.ft|2 Adults|Blackout curtains|Blanket|TV|Air conditioning|WiFi access
A-76784,RA-22687,Classic Room,
A-04142,RA-73979,Standard Non AC Room,Double Bed|100 sq.ft|3 Adults|Blanket|TV|Iron|Toiletries|Towels
A-61735,RA-77405,Deluxe Room,Double Bed|120 sq.ft|2 Adults|Blackout curtains|Linens|Blanket|Non-feather pillow|Attached washroom
A-73893,RA-74689,Twin Bed Room,Double Bed|160 sq.ft|3 Adults|Blanket|Air conditioning|Fan
A-91300,RA-24456,Deluxe Room AC,Double Bed|250 sq.ft|3 Adults|Flat-screen TV|Duvet|Feather pillow|Wardrobe/closet|Blanket
A-88685,RA-09700,Two-Bedroom Apartment,
A-19354,RA-64694,Standard Double Room · City view,Double Bed|200 sq.ft|3 Adults|Blackout curtains|Blanket|TV|Air conditioning|WiFi access
A-97060,RA-52770,Deluxe King Room · City view,Double Bed|360 sq.ft|3 Adults|Air conditioning|Towels|Private bathroom|Fan|Desk
A-31408,RA-51305,DOUBLE DELUXE · City view,Double Bed|180 sq.ft|3 Adults|Blanket|Air conditioning|WiFi access|Water bottle|Attached washroom|Shower
A-28949,RA-94967,Deluxe Room,Double Bed|150 sq.ft|2 Adults|Flat-screen TV|Linens|Wake up service|Blanket|TV
A-92835,RA-30815,Ayati by Snooze Living | Whitefield 010 A/C,
A-57184,RA-68793,Classic Room · City view,Double Bed|168 sq.ft|2 Adults|Sofa|Wardrobe/closet|Blanket|TV|Air conditioning
A-40309,RA-02874,Family Suite AC Room,King Bed|350 sq.ft|4 Adults|Blanket|TV|Air conditioning|Toiletries|WiFi access
A-17318,RA-99189,Standard Queen,Queen Bed|140 sq.ft|2 Adults|Wardrobe/closet|Blanket|Toiletries|WiFi access|Water bottle
A-54610,RA-90095,Twin Room With Balcony · City view,Double Bed|210 sq.ft|3 Adults|TV|Ironing facilities|Air conditioning|WiFi access|Water bottle
A-49773,RA-22134,Superior Room · City view,Double Bed|288 sq.ft|3 Adults|Air conditioning|Water bottle|Attached washroom|Accessible by elevator
A-60574,RA-22685,Classic,Double Bed|100 sq.ft|3 Adults|Flat-screen TV|Air conditioning|Fan
A-97162,RA-52026,Executive Twin · City view,Twin Bed|110 sq.ft|3 Adults|Blanket|Attached washroom|Fan
A-63110,RA-67300,Deluxe Double Room,
A-22726,RA-07589,"Premium Room, 2 Twin Beds, Lake View · Lake view",TwinBed|3 Adults|Wine/champagne|Minibar|Blackout curtains|Wardrobe/closet|Hairdryer
A-91664,RA-15164,Deluxe Room,King Bed|240 sq.ft|2 Adults|Fridge|Minibar|Blanket|TV|Ironing facilities
A-64636,RA-03133,"Classic Apartment, City View · City view",KingBed|300 sq.ft|3 Adults|Fridge|Air conditioning|Microwave|Toiletries|Hairdryer
A-35405,RA-24738,Classic,Double Bed|130 sq.ft|3 Adults|Flat-screen TV|Blanket|Attached washroom|Fan
A-45005,RA-74811,Standard AC Room · City view,King Bed|150 sq.ft|3 Adults|Blanket|Air conditioning|Attached washroom|Fan|Desk
A-81308,RA-77962,Club Superior Room with Bathtub · City view,Double Bed|300 sq.ft|3 Adults|Fridge|Blackout curtains|Duvet|Wardrobe/closet|Blanket
A-92339,RA-80414,Deluxe Room,Double Bed|150 sq.ft|3 Adults|Flat-screen TV|Dining area|Sofa|Linens|Wardrobe/closet
A-32094,RA-85606,"Winter Green Premium, Guest room, 2 Twin, City view · City view",Twin Bed|269 sq.ft|3 Adults|Tea/coffee maker|Air conditioning|Water bottle|Geyser|Safe|Cable channels
A-52761,RA-72327,Standard Room · City view,Double Bed|215 sq.ft|3 Adults|Blanket|TV|WiFi access|Water bottle|Attached washroom
A-01233,RA-59826,Private Cottages · City view,Double Bed|250 sq.ft|2 Adults|Blanket|TV|Air conditioning|Water bottle|Housekeeping
A-68555,RA-05805,Superior Queen Suite,Queen Bed|200 sq.ft|2 Adults|Blanket|Air conditioning|Attached washroom|Fan|Accessible by elevator
A-77213,RA-92813,Royal Club King Room · Park View,King Bed|474 sq.ft|3 Adults|Fridge|Minibar|Blackout curtains|Flat-screen TV|Duvet
A-59562,RA-59760,Standard Two-Bedroom Apartment · City view,Double Bed|350 sq.ft|3 Adults|Fridge|Blanket|Air conditioning|Microwave|WiFi access
A-62473,RA-00238,Triple Room with Air Conditioning,
A-50705,RA-20657,Standard Double Room · City view,Double Bed|150 sq.ft|2 Adults|Blanket|Air conditioning|WiFi access|Water bottle|Attached washroom
A-71522,RA-24216,Executive Twin Bed,Twin Bed|200 sq.ft|2 Adults|TV|Towels|Private bathroom|Shower|Desk
A-58076,RA-98734,Standard Twin,Twin Bed|140 sq.ft|2 Adults|Blanket|Toiletries|WiFi access|Water bottle|Housekeeping
A-83662,RA-40901,Classic,Double Bed|130 sq.ft|2 Adults|Blanket|Air conditioning|Attached washroom
A-53567,RA-44515,Studio Suite,5382 sq.ft|2 Guests|Tea/coffee maker|Flat-screen TV|Sofa|Linens|Wardrobe/closet
A-01611,RA-51030,Deluxe Twin - AC Room,Twin Bed|100 sq.ft|2 Adults|Blackout curtains|Blanket|TV|Air conditioning|WiFi access
A-78666,RA-49535,Standard Room · City view,Double Bed|100 sq.ft|3 Adults|Blanket|Water bottle|Attached washroom
A-09919,RA-61525,DELUXE TRIPLE ROOM · City view,Triple Bed|400 sq.ft|3 Adults|Blanket|Water bottle|Attached washroom|Clothes rack|Fan|Charging points
A-88530,RA-77104,Classic,Double Bed|130 sq.ft|2 Adults|Blackout curtains|Wake up service|Non-feather pillow|Attached washroom|Fan
A-85466,RA-64435,Deluxe AC Room · City view,Double Bed|120 sq.ft|2 Adults|Blackout curtains|Blanket|Air conditioning|Attached washroom|Fan|Charging points
A-66313,RA-94406,Deluxe Single Non AC · City view,Double Bed|230 sq.ft|3 Adults|Blanket|TV|Toiletries|WiFi access|Water bottle
A-02886,RA-39521,Executive Suite - 2 Single Beds,951 sq.ft|2 Guests|Tea/coffee maker|Fridge|Minibar|Sofa|Linens
A-53097,RA-36777,Deluxe Double or Twin,151 sq.ft|2 Guests|Tea/coffee maker|Dining table|Linens|Wardrobe/closet|Ironing facilities
A-35449,RA-06124,PREMIER POOLSIDE KING BED,
A-57110,RA-86112,Standard room,King Bed|120 sq.ft|2 Adults|Flat-screen TV|Blanket|Iron|Air conditioning|Heating
A-13113,RA-97146,Deluxe,
A-59879,RA-70038,Deluxe Room,1938 sq.ft|2 Guests|Wardrobe/closet|TV|Air conditioning|Toiletries|Water bottle
A-83748,RA-64194,Executive Twin · City view,Twin Bed|310 sq.ft|2 Adults|Fridge|Flat-screen TV|Linens|Wardrobe/closet|Blanket
A-05130,RA-60882,Suite Room,King Bed|240 sq.ft|2 Adults|Flat-screen TV|Wardrobe/closet|TV|Air conditioning|Toiletries
A-67695,RA-24915,Classic Double or Twin,108 sq.ft|3 Guests|Linens|Wardrobe/closet|Air conditioning|Toiletries|Towels
A-25216,RA-07795,Family Room,
A-18721,RA-18178,Bungalow,646 sq.ft|8 Guests|Fridge|TV|Air conditioning|Towels|Separate dining area
A-06487,RA-10057,Deluxe Double Room with Balcony,Double Bed|116 sq.ft|2 Adults|Tea/coffee maker|Blackout curtains|Flat-screen TV|Linens|Wardrobe/closet
A-36450,RA-45629,Standard Quadruple Room,FullBed|4 Adults|TV|Private bathroom|Shower|Smoking policy – non-smoking available|Housekeeping - daily
A-11534,RA-54664,Ayati by Snooze Living | Whitefield 010 A/C,
A-09101,RA-88431,Executive Room · City view,Double Bed|180 sq.ft|3 Adults|Blanket|Air conditioning|Water bottle|Attached washroom|Fan|Electric kettle
A-51386,RA-85014,Standard Double Room · City view,Twin Bed|150 sq.ft|2 Adults|Flat-screen TV|Wardrobe/closet|Blanket|TV|Iron
A-25030,RA-78713,Executive Tripple Room · City view,Double Bed|200 sq.ft|3 Adults|Blanket|TV|Air conditioning|Toiletries|Attached washroom
A-98925,RA-37978,Executive Four Bed with AC · City view,Double Bed|220 sq.ft|3 Adults|Blanket|TV|Ironing facilities|Iron|Air conditioning
A-18185,RA-61318,Standard Double Room · City view,Double Bed|150 sq.ft|2 Adults|Blanket|TV|Air conditioning|Toiletries|Towels
A-67636,RA-39468,"Guest room, 1 King",King Bed|420 sq.ft|3 Adults|Tea/coffee maker|Minibar|Duvet|Feather pillow|Streaming services
A-06027,RA-15500,Luxury King Room,
A-32519,RA-75733,Deluxe Room · City view,Double Bed|120 sq.ft|3 Adults|Blanket|TV|WiFi access|Water bottle|Attached washroom
A-90189,RA-00713,"Double Room, Air conditioning",
A-29951,RA-21340,Cottage Room,Double Bed|500 sq.ft|3 Adults|Linens|Blanket|Air conditioning|Toiletries|Towels
A-46829,RA-38232,Deluxe,2 Adults
A-10628,RA-20940,Classic Room,Double Bed|100 sq.ft|2 Adults|Wardrobe/closet|TV|Air conditioning|Towels|Fan|Shower
A-89285,RA-42571,Deluxe Twin Room · City view,Double Bed|224 sq.ft|3 Adults|Blanket|TV|Air conditioning|Toiletries|WiFi access
A-40349,RA-95394,Standard A/c Room · City view,Double Bed|170 sq.ft|3 Adults|Minibar|Flat-screen TV|Linens|Blanket|TV
A-67135,RA-99091,Deluxe Double or Twin Room · City view,TwinBed|160 sq.ft|2 Adults|Minibar|Blackout curtains|Ironing facilities|Toiletries|Hairdryer
A-72982,RA-81933,Deluxe A C Room · City view,Double Bed|125 sq.ft|3 Adults|Blanket|TV|Air conditioning|Toiletries|WiFi access
A-83748,RA-57271,Junior Suite Twin,Twin Bed|330 sq.ft|2 Adults|Fridge|Blackout curtains|Flat-screen TV|Wardrobe/closet|Blanket
A-93566,RA-40458,Executive Room,216 sq.ft|1 Adult|Fridge|Minibar|Linens|Wardrobe/closet|Ironing facilities
A-85174,RA-34964,Suite Room · City view,Queen Bed|150 sq.ft|3 Adults|Blanket|Water bottle|Attached washroom
A-73659,RA-43392,King Room with Balcony · Balcony,Double Bed|300 sq.ft|3 Adults|Wardrobe/closet|TV|Ironing facilities|Air conditioning|Towels
A-09115,RA-72377,Royal Deluxe Room · City view,3 Adults|Blanket|Water bottle|Attached washroom|Clothes rack|Fan
A-54967,RA-61679,Sky Room · City view,Double Bed|300 sq.ft|3 Adults|Separate living room|Sofa|Wardrobe/closet|Blanket|TV
A-99080,RA-85358,Executive Quadruple Room Non Ac · City view,Twin Bed|216 sq.ft|4 Adults|Fridge|Blanket|WiFi access|Water bottle|Fan
A-29026,RA-13943,Premium Room · City view,Double Bed|240 sq.ft|3 Adults|Minibar|Flat-screen TV|Linens|Blanket|TV
A-94246,RA-18964,Superior Room · City view,Double Bed|200 sq.ft|3 Adults|Blanket|Attached washroom|Fan
A-35201,RA-58728,"Club Room, 1 Queen Bed, Bathtub (Fortune Club Room with Bathtub)",301 sq.ft|3 Adults|Coffee machine|Fridge|Minibar|Blackout curtains|Wardrobe/closet
A-06886,RA-71940,Classic,Double Bed|100 sq.ft|3 Adults|Flat-screen TV|Blanket|Attached washroom|Fan
A-86122,RA-10694,Executive Room with Balcony · City view,Double Bed|409 sq.ft|3 Adults|Blanket|TV|Air conditioning|WiFi access|Water bottle
A-12871,RA-73053,Classic,2 Adults
A-65896,RA-50585,Executive Room · City view,King Bed|210 sq.ft|2 Adults|Flat-screen TV|Linens|Wardrobe/closet|Wake up service|Blanket
A-41021,RA-86193,Suite,Double Bed|100 sq.ft|2 Adults|Blanket|Attached washroom|Fan
A-11329,RA-46095,Luxury Suite · City view,King Bed|390 sq.ft|3 Adults|Wardrobe/closet|Blanket|Air conditioning|Water bottle|Attached washroom
A-37276,RA-94693,1BHK (AC in Bedroom) · City view,Double Bed|500 sq.ft|3 Adults|Blanket|TV|Air conditioning|Toiletries|WiFi access
A-25561,RA-89050,Deluxe Twin Room,194 sq.ft|2 Adults|Coffee machine|Wardrobe/closet|TV|Toiletries|Private bathroom
A-44131,RA-03296,Standard Double or Twin Room · City view,Twin Bed|3 Adults|Blanket|TV|Water bottle|Housekeeping|Attached washroom
A-62104,RA-33458,Standard Room · City view,Double Bed|180 sq.ft|3 Adults|TV|Desk
A-86268,RA-23608,Standard Double Room,Double Bed|132 sq.ft|2 Adults|TV|Toiletries|Private bathroom|Shower|Smoking policy – non-smoking available
A-87890,RA-39809,Deluxe Room,Double Bed|2 Adults|Minibar|TV|Ironing facilities|Air conditioning|Towels
A-89536,RA-37690,Standard Double Room · City view,Double Bed|150 sq.ft|2 Adults|Fridge|Sofa|Wardrobe/closet|Blanket|TV
A-55394,RA-29636,Standard Ac Room,Queen Bed|150 sq.ft|2 Adults|Blackout curtains|Dining area|Wardrobe/closet|Blanket|TV
A-20808,RA-43158,Super Deluxe Room · City view,Double Bed|295 sq.ft|3 Adults|Fridge|Minibar|Separate living room|Wardrobe/closet|Blanket
A-68084,RA-14189,"Guest room, 1 King, Race Course view · Course view",King Bed|366 sq.ft|3 Adults|Tea/coffee maker|Minibar|Duvet|Feather pillow|Air conditioning
A-50711,RA-98267,Supreme Room · City view,Double Bed|256 sq.ft|3 Adults|Fridge|Minibar|Sofa|Wardrobe/closet|TV
A-80248,RA-62400,Classic Room · City view,Double Bed|150 sq.ft|3 Adults|Fridge|Wardrobe/closet|Blanket|TV|Ironing facilities
A-69033,RA-28845,Deluxe Room · City view,Double Bed|180 sq.ft|2 Adults|Flat-screen TV|Linens|Wardrobe/closet|Wake up service|Blanket
A-54577,RA-22049,Basic Room,220 sq.ft|2 Adults|TV|Toiletries|Private bathroom|Shower|Body soap
A-59078,RA-40206,Deluxe,King Bed|120 sq.ft|2 Adults|Blackout curtains|Fan|Charging points
A-07258,RA-43849,Premium Suite · City view,Double Bed|350 sq.ft|3 Adults|Blanket|TV|Toiletries|WiFi access|Attached washroom
A-57296,RA-61915,Standard Double,
A-06146,RA-20851,Premium Room,Double Bed|240 sq.ft|2 Adults|Flat-screen TV|Linens|Wardrobe/closet|TV|Ironing facilities
A-38199,RA-47225,Classic,Queen Bed|130 sq.ft|3 Adults|Flat-screen TV|Blanket|Air conditioning|Toiletries|Towels
A-74052,RA-16257,Suite Room · City view,King Bed|200 sq.ft|3 Adults|Flat-screen TV|Wardrobe/closet|Blanket|TV|Toiletries
A-35304,RA-53428,Family Double Room,1292 sq.ft|4 Guests
A-84624,RA-21904,Deluxe Room · City view,Double Bed|431 sq.ft|3 Adults|Blanket|TV|WiFi access|Water bottle|Attached washroom
A-49622,RA-31246,Deluxe Room with Twin Beds · City view,Twin Bed|2 Adults|Fridge|Air conditioning|WiFi access|Water bottle|Clothes rack
A-40891,RA-68858,Superior Room - City View,
A-92158,RA-20305,"Deluxe Double Room, City View",
A-94270,RA-12263,One Bedroom Apartment,
A-67775,RA-31558,Double Room,
A-46799,RA-47414,Deluxe Room,Double Bed|140 sq.ft|2 Adults|Flat-screen TV|Wake up service|TV|Air conditioning|Toiletries
A-73659,RA-25310,Standard Twin Room · City view,Twin Bed|240 sq.ft|2 Adults|Wardrobe/closet|TV|Ironing facilities|Air conditioning|Towels
A-54440,RA-26377,DELUXE TRIPLE ROOM · City view,Queen Bed|400 sq.ft|3 Adults|Blackout curtains|Blanket|TV|Air conditioning|Attached washroom|Charging points
A-11861,RA-53934,Family Room,220 sq.ft|2 Adults|TV|Air conditioning|Toiletries|Private bathroom|Shower
A-79101,RA-72909,Standard Room,1615 sq.ft|2 Guests|Dining table|Sofa|Air conditioning|Toiletries|Towels
A-21658,RA-03523,Superior Double or Twin Room,2 Adults|Minibar|TV|Ironing facilities|Air conditioning|Towels
A-21567,RA-05310,Standard City View,216 sq.ft|1 Adult|Wardrobe/closet|Air conditioning|Toiletries|Towels|Hairdryer
A-71255,RA-81290,Deluxe,Queen Bed|99 sq.ft|2 Adults|Blackout curtains|Blanket|Charging points
A-89536,RA-06273,Deluxe Double Room · City view,Double Bed|150 sq.ft|3 Adults|Fridge|Sofa|Wardrobe/closet|Blanket|TV
A-41836,RA-19785,Deluxe,
A-06221,RA-02072,Deluxe,King Bed|2 Adults|Fridge|Wardrobe/closet|Blanket|TV|Air conditioning
A-97623,RA-97572,CLASSIC,Double Bed|100 sq.ft|2 Adults|Blanket|Attached washroom|Fan
A-18821,RA-78171,Superior AC Room · City view,Double Bed|121 sq.ft|2 Adults|Flat-screen TV|Blanket|Air conditioning|Attached washroom|Mirror|Trash can
A-14041,RA-07039,Deluxe Twin Room,Twin Bed|200 sq.ft|2 Adults|Blanket|Air conditioning|Attached washroom|Fan|Accessible by elevator
A-08901,RA-02906,Standard Double Room Non AC · City view,King Bed|220 sq.ft|3 Adults|Wardrobe/closet|Blanket|TV|Air conditioning|WiFi access
A-74546,RA-75908,Deluxe Room · City view,Double Bed|238 sq.ft|3 Adults|Minibar|Duvet|Air conditioning|Toiletries|WiFi access
A-78243,RA-37793,Executive Room,Double Bed|200 sq.ft|3 Adults|Wardrobe/closet|Blanket|TV|WiFi access|Water bottle
A-26418,RA-45142,2-Bedroom Apartment with 2 Queen Beds,
A-92229,RA-93755,Deluxe King Room,Double Bed|120 sq.ft|2 Adults|Blanket|Attached washroom|First aid kit
A-39021,RA-41821,Premium Room · City view,Double Bed|120 sq.ft|3 Adults|Blanket|TV|Air conditioning|Toiletries|WiFi access
A-64943,RA-31319,Executive Room · City view,Double Bed|150 sq.ft|3 Adults|Blanket|Water bottle|Attached washroom|Clothes rack|Fan|Charging points
A-25495,RA-44095,Super Deluxe Room · City view,Double Bed|345 sq.ft|3 Adults|Blanket|TV|Air conditioning|Toiletries|Towels
A-29921,RA-97463,1BHK Studio Room,Queen Bed|111 sq.ft|2 Adults|Blanket|TV|Toiletries|Towels|WiFi access
A-51386,RA-66935,Superior Room · City view,Double Bed|180 sq.ft|3 Adults|Flat-screen TV|Wardrobe/closet|Air conditioning|WiFi access|Attached washroom
A-95471,RA-67662,Junior Executive,Double Bed|150 sq.ft|2 Adults|Flat-screen TV|TV|Air conditioning|WiFi access|Fan
A-35535,RA-20972,Executive Room · City view,Double Bed|500 sq.ft|3 Adults|Fridge|Flat-screen TV|Blanket|Attached washroom|Fan
A-65548,RA-10545,"Premier Room, 1 Queen Bed (Extra benefits) · City view",2 Adults|Coffee machine|Fridge|Minibar|Blackout curtains|Wardrobe/closet
A-29835,RA-92350,Comfort Twin Bedroom With Balcony,Twin Bed|190 sq.ft|2 Adults|Blackout curtains|Flat-screen TV|Feather pillow|Blanket|TV
A-60156,RA-89863,Classic,Double Bed|144 sq.ft|3 Adults|Flat-screen TV|Blanket|Attached washroom|Fan
A-72982,RA-17985,Luxury A C Room · City view,Double Bed|125 sq.ft|3 Adults|Blanket|TV|Air conditioning|Toiletries|WiFi access
A-43499,RA-65543,Double Room · City view,Queen Bed|355 sq.ft|3 Adults|Tea/coffee maker|Coffee machine|Flat-screen TV|Dining table|Linens
A-21473,RA-09934,"Premium Suite, 1 Double Bed",3 Adults|Coffee machine|Minibar|TV|Ironing facilities|Toiletries
A-79639,RA-38939,Deluxe Twin Room,
A-95868,RA-07752,Superior Room,
A-65840,RA-32148,Deluxe Room · City view,Double Bed|3 Adults|Tea/coffee maker|Coffee machine|Blackout curtains|Dining table|Blanket
A-23894,RA-72930,"Club lounge access, Guest room, 2 Twin",Twin Bed|398 sq.ft|3 Adults|Tea/coffee maker|Minibar|Duvet|Feather pillow|Streaming services
A-89435,RA-05608,Premium Room,
A-34822,RA-83337,Studio Suite,431 sq.ft|2 Guests|Free welcome drink|Tea/coffee maker|Flat-screen TV|Linens|Wardrobe/closet
A-26691,RA-71827,Non AC Executive Room,194 sq.ft|2 Guests|Blackout curtains|Electric blankets|Flat-screen TV|Wardrobe/closet|TV
A-84116,RA-99243,Executive Room,
A-63393,RA-00968,"Double Room, Balcony",
A-79415,RA-89184,Standard Room,
A-18163,RA-39155,Family Room,King Bed|250 sq.ft|2 Adults|Linens|Wardrobe/closet|Wake up service|Blanket|TV
A-06300,RA-59715,Executive,
A-64282,RA-69957,Deluxe Room,
A-50283,RA-70871,Deluxe Air Conditioning Room,
A-29115,RA-93432,Deluxe Twin Room · City view,Twin Bed|210 sq.ft|3 Adults|Blanket|TV|WiFi access|Water bottle|Attached washroom|Shower
A-21863,RA-05275,Queen Room with Balcony · City view,Queen Bed|250 sq.ft|2 Adults|Sofa|Wardrobe/closet|Blanket|TV|Ironing facilities
A-35881,RA-50645,Deluxe Air Conditioning,
A-14847,RA-26020,Executive Room · City view,Double Bed|200 sq.ft|2 Adults|Flat-screen TV|Linens|Blanket|TV|Air conditioning
A-77706,RA-50528,Guest House 3 · City view,Double Bed|3 Adults|Fridge|Blackout curtains|Wardrobe/closet|Blanket|TV
A-80720,RA-00604,Luxury Mezzanine · City view,King Bed|225 sq.ft|4 Adults|Fridge|Flat-screen TV|Linens|Wardrobe/closet|Pool towels
A-56567,RA-15860,Standard AC,
A-28311,RA-09567,Suite Room · City view,Double Bed|338 sq.ft|2 Adults|Separate living room|Dining table|Wardrobe/closet|Blanket|TV
A-64684,RA-98449,Deluxe Double Room AC · City view,Double Bed|240 sq.ft|3 Adults|Blanket|TV|WiFi access|Water bottle|Attached washroom|Shower
A-96882,RA-51937,Business Suite,
A-60163,RA-99223,Superior with Balcony · City view,Double Bed|200 sq.ft|3 Adults|Blanket|Water bottle|Attached washroom
A-50406,RA-25725,Excecutive Room · City view,Double Bed|440 sq.ft|3 Adults|Wardrobe/closet|Towels|Private bathroom|Shower|Desk|Trash can
A-66219,RA-85363,Deluxe Room · City view,Double Bed|144 sq.ft|3 Adults|Fridge|Minibar|Wardrobe/closet|Blanket|TV
A-32648,RA-34125,FAMILY ROOM · City view,Double Bed|200 sq.ft|3 Adults|Blanket|Air conditioning|WiFi access|Water bottle|Attached washroom
A-84505,RA-33595,Executive Room · City view,Sofa Bed|180 sq.ft|3 Adults|Spa tub|Wine/champagne|Chocolate/cookies|Fridge|Blackout curtains
A-20053,RA-77862,Signature Room · City view,Queen Bed|250 sq.ft|3 Adults|Blanket|TV|WiFi access|Water bottle|Housekeeping
A-94508,RA-14989,Standard Double Room · City view,Double Bed|160 sq.ft|2 Adults|Sofa|TV|Air conditioning|Towels|Fan
A-06320,RA-69182,Standard Twin,Twin Bed|140 sq.ft|2 Adults|Blanket|Toiletries|WiFi access|Water bottle|Attached washroom
A-83890,RA-97435,Mini Queen Room,Queen Bed|80 sq.ft|3 Adults|Blanket|Air conditioning|Fan
A-94976,RA-50219,Standard Room · City view,Double Bed|3 Adults|Blanket|TV|Air conditioning|WiFi access|Water bottle
A-51919,RA-83832,Standard Twin,Twin Bed|140 sq.ft|2 Adults|Blanket|Toiletries|WiFi access|Water bottle|Housekeeping
A-48849,RA-09162,Executive Room · City view,King Bed|300 sq.ft|2 Adults|Blackout curtains|Blanket|Air conditioning|Attached washroom|Charging points|Dustbin
A-64943,RA-94109,Suite Room with Balcony · City view,Double Bed|160 sq.ft|3 Adults|Blanket|Water bottle|Attached washroom|Clothes rack|Fan|Charging points
A-23834,RA-77890,Studio Room,King Bed|225 sq.ft|3 Adults|Fridge|Flat-screen TV|Sofa|Duvet|Linens
A-47571,RA-18159,Presidential Suite · City view,Double Bed|560 sq.ft|3 Adults|Blanket|TV|Air conditioning|WiFi access|Water bottle
A-71160,RA-55361,Deluxe Double Room,180 sq.ft|3 Adults|TV|Ironing facilities|Toiletries|Private bathroom|Shower
A-17980,RA-04196,Suite · City view,Double Bed|200 sq.ft|3 Adults|Blanket|Air conditioning|Water bottle|Accessible by elevator
A-87495,RA-02277,TWIN,
A-12539,RA-48458,Premium,Double Bed|125 sq.ft|2 Adults|Blanket|Attached washroom|Fan
A-98101,RA-09180,Club Double Room · City view,Double Bed|480 sq.ft|3 Adults|Wardrobe/closet|Blanket|TV|Air conditioning|Air purifier
A-89894,RA-44477,Club King,2 Guests|Air conditioning|Desk|Charging points|Telephone|Free WiFi
A-60178,RA-17309,Premium Non-AC room · City view,Double Bed|120 sq.ft|3 Adults|Blanket|Water bottle|Attached washroom|Clothes rack|Fan|Charging points
A-49989,RA-70620,Classic Triple Room,"QueenBed,FullBed|4 Adults|Streaming services|Ironing facilities|Air conditioning|Hairdryer|Private bathroom"
A-41021,RA-95605,Super Deluxe Room,Double Bed|135 sq.ft|2 Adults|Blanket|Attached washroom|Fan
A-47801,RA-31818,"Suite, 2 Bedrooms",
A-62963,RA-17964,Classic,Double Bed|130 sq.ft|2 Adults|Blanket|Air conditioning|Attached washroom|Fan
A-61679,RA-95929,Deluxe Twin,1615 sq.ft|2 Guests|Blackout curtains|Flat-screen TV|Dining table|Linens|Wardrobe/closet
A-85829,RA-69278,Standard Double Room · City view,Double Bed|150 sq.ft|2 Adults|Fridge|TV|Air conditioning|Towels|Private bathroom
A-76784,RA-36648,Classic Double or Twin · City view,108 sq.ft|1 Adult|Blackout curtains|Linens|Wardrobe/closet|Extra long beds (> 6.5 ft)|Blanket
A-86122,RA-77369,Two Bedroom Connecting · City view,Double Bed|495 sq.ft|3 Adults|Blanket|Air conditioning|Water bottle|Housekeeping|Attached washroom
A-92962,RA-18095,Suite - Double,
A-95586,RA-06349,Deluxe Double Room with Balcony · City view,Double Bed|133 sq.ft|2 Adults|Tea/coffee maker|Blackout curtains|Flat-screen TV|Sofa|Linens
A-40232,RA-66206,Deluxe Studio Suite,FullBed|2 Adults|Wardrobe/closet|TV|Toiletries|Hairdryer|Private bathroom
A-58152,RA-52980,Executive Room · City view,3 Adults|Blanket|Water bottle|Attached washroom|Clothes rack|Fan
A-71559,RA-80268,Room with Queen Bed,2691 sq.ft|2 Guests|Fridge|Air conditioning
A-15657,RA-86896,"Comfort Apartment, 2 Bedrooms, Balcony, City View",
A-14595,RA-21871,Superior Room,King Bed|270 sq.ft|3 Adults|Fridge|Minibar|Sofa|Wardrobe/closet|Ironing facilities
A-27566,RA-46496,Economy Studio,
A-72364,RA-01117,Executive Room,216 sq.ft|1 Adult|Free welcome drink|Tea/coffee maker|Fridge|Flat-screen TV|Dining table
A-99280,RA-85523,Standard Room,2 single beds|205 sq.ft|2 Guests|Tea/coffee maker|Fridge|Minibar|Flat-screen TV|Sofa
A-50472,RA-57506,Deluxe,
A-75905,RA-67405,"Apartment, 1 Bedroom, Kitchen · Park View",180 sq.ft|3 Adults|Coffee machine|Fridge|Dining area|Wardrobe/closet|TV
A-80958,RA-93267,Studio - 2 people,3230 sq.ft|2 Guests
A-22059,RA-14044,Standard Room · City view,Double Bed|2 Adults|Blanket|Water bottle|Attached washroom|Clothes rack|Fan
A-42703,RA-29650,Deluxe Room,Double Bed|144 sq.ft|3 Adults|Sofa|Blanket|TV|Toiletries|Towels
A-47801,RA-86288,"Deluxe Room, 1 King Bed · Resort view",KingBed|398 sq.ft|2 Adults|Coffee machine|Minibar|Blackout curtains|Wardrobe/closet|TV
A-38170,RA-04438,Two-Bedroom Apartment · City view,Double Bed|1200 sq.ft|4 Adults|Blackout curtains|Sofa|Blanket|TV|Air conditioning
A-77280,RA-23295,Standard Room · City view,King Bed|1830 sq.ft|2 Adults|Tea/coffee maker|Flat-screen TV|Linens|Wardrobe/closet|Blanket
A-25681,RA-20861,Deluxe Room · City view,Double Bed|200 sq.ft|2 Adults|Blanket|TV|Ironing facilities|Air conditioning|Toiletries
A-70211,RA-62558,Deluxe Room,Double Bed|180 sq.ft|2 Adults|Wardrobe/closet|Blanket|TV|Air conditioning|Toiletries
A-59078,RA-81462,Classic,Double Bed|130 sq.ft|3 Adults|Flat-screen TV|Fan
A-95681,RA-27139,Deluxe Room,
A-95564,RA-48763,Deluxe room · Garden view,King Bed|1200 sq.ft|3 Adults|Blackout curtains|Blanket|TV|Toiletries|WiFi access
A-14143,RA-07583,Family Room,Double Bed|130 sq.ft|2 Adults|Blanket|Attached washroom|Fan
A-90967,RA-72016,Superior Rooms · City view,Double Bed|220 sq.ft|2 Adults|Blanket|Air conditioning|WiFi access|Water bottle|Attached washroom
A-05192,RA-55618,"Premier Apartment, 2 Bedrooms",
A-57639,RA-23242,Hotel,248 sq.ft|3 Guests|Air conditioning
A-36575,RA-77503,Bed in 6 female Dormitory,Bunk Bed|1009 sq.ft|6 Adults|Blackout curtains|Blanket|Air conditioning|Towels|WiFi access
A-34683,RA-48147,Superior Double King,
A-15045,RA-50979,Classic Room,3 Adults|Wardrobe/closet|TV|Air conditioning|Towels|Fan|Shower
A-72062,RA-80451,Deluxe Room,Double Bed|150 sq.ft|2 Adults|Flat-screen TV|Wake up service|TV|Air conditioning|Toiletries
A-86600,RA-19465,Standard Room · City view,Double Bed|150 sq.ft|2 Adults|Blanket|Water bottle|Attached washroom
A-70230,RA-45218,Suite · City view,Double Bed|445 sq.ft|3 Adults|Minibar|Blackout curtains|Sofa|Wardrobe/closet|Blanket
A-45700,RA-89099,Executive Room · City view,Double Bed|350 sq.ft|2 Adults|Tea/coffee maker|Blackout curtains|Flat-screen TV|Linens|Feather pillow
A-73116,RA-92804,Comfort Rooms · City view,King Bed|250 sq.ft|2 Adults|Blackout curtains|Flat-screen TV|Walk-in closet|Feather pillow|Wardrobe/closet
A-87816,RA-31864,"Suite, 1 King Bed · Garden view",420 sq.ft|2 Adults|Fridge|Separate living room|Dining table|Sofa|Wardrobe/closet
A-01233,RA-62601,Executive Rooms · City view,Double Bed|200 sq.ft|2 Adults|Blanket|TV|Air conditioning|WiFi access|Water bottle
A-69272,RA-74221,Standard Room · City view,Twin Bed|240 sq.ft|3 Adults|Minibar|Wardrobe/closet|Blanket|TV|Ironing facilities
A-22709,RA-49321,House,
A-25561,RA-13032,Suite,258 sq.ft|3 Adults|Coffee machine|Wardrobe/closet|TV|Toiletries|Private bathroom
A-93903,RA-17062,Suite Room · City view,Double Bed|400 sq.ft|3 Adults|Blanket|TV|Air conditioning|Heating|Toiletries
A-05487,RA-34459,Premium Room · City view,King Bed|220 sq.ft|3 Adults|Blackout curtains|Blanket|TV|Air conditioning|WiFi access
A-76659,RA-60261,Executive Twin Room · City view,Twin Bed|235 sq.ft|3 Adults|Blanket|Air conditioning|Non-feather pillow|Toiletries|Towels
A-18721,RA-22898,Studio 1,140 sq.ft|2 Guests|Fridge|Sofa|Linens|Wardrobe/closet|TV
A-93564,RA-12228,Premium Room · City view,Double Bed|120 sq.ft|2 Adults|Dining table|Ironing facilities|Air conditioning|Towels|Sofa bed
A-80010,RA-01181,Double Room,
A-77429,RA-11093,Luxury Room,
A-21720,RA-00113,Business Room,King Bed|236 sq.ft|2 Adults|Fridge|Wardrobe/closet|Wake up service|Blanket|Air conditioning
A-82730,RA-21156,AC Deluxe Room,
A-60327,RA-24608,Junior Suite · City view,King Bed|270 sq.ft|2 Adults|Wardrobe/closet|Blanket|Air conditioning|WiFi access|Water bottle
A-40470,RA-61541,Deluxe Double or Twin,108 sq.ft|1 Adult|Linens|Wardrobe/closet|TV|Air conditioning|Toiletries
A-88056,RA-41465,Luxury Suite,KingBed|180 sq.ft|3 Adults|Toiletries|Private bathroom|Shower|Dental kit|Safe
A-52553,RA-38274,Premium Room · City view,King Bed|220 sq.ft|2 Adults|Blanket|TV|WiFi access|Water bottle|Attached washroom
A-03397,RA-92001,Deluxe,2 Adults
A-55830,RA-74502,Deluxe Room · City view,Double Bed|199 sq.ft|3 Adults|Minibar|Linens|Blanket|Cushions|Water bottle
A-22012,RA-60792,Standard Double Room with Fan,22 sq.ft|2 Guests|Private bathroom|Fan
A-21175,RA-92746,Super Deluxe Room,Double Bed|135 sq.ft|2 Adults|Wardrobe/closet|Blanket|TV|Towels|Attached washroom
A-68958,RA-61453,Standard Queen Room · City view,Queen Bed|220 sq.ft|2 Adults|Blackout curtains|Flat-screen TV|Duvet|Linens|Wardrobe/closet
A-17852,RA-50149,Deluxe Double Room · City view,Double Bed|150 sq.ft|3 Adults|TV|Air conditioning|Towels|Fan|Shampoo|Desk
A-29306,RA-93522,Apartment,
A-92434,RA-06190,Deluxe Room · City view,Double Bed|140 sq.ft|2 Adults|TV|Toiletries|WiFi access|Fan|Shower
A-21863,RA-23268,Deluxe Queen Room · City view,Queen Bed|220 sq.ft|2 Adults|Coffee machine|Sofa|Wardrobe/closet|Blanket|TV
A-41407,RA-36964,Premium Room,Double Bed|210 sq.ft|2 Adults|Flat-screen TV|Linens|Wardrobe/closet|TV|Ironing facilities
A-75047,RA-12908,Executive Triple Room,2 Adults|TV|Air conditioning|Towels|Fan|Shower
A-30440,RA-75358,Suite Room,Queen Bed|250 sq.ft|2 Adults|Flat-screen TV|Linens|Wardrobe/closet|Wake up service|Blanket
A-20265,RA-92569,Deluxe Double Room · City view,Double Bed|170 sq.ft|3 Adults|Flat-screen TV|Duvet|Linens|Wardrobe/closet|Wake up service
A-36148,RA-36488,House,TwinXLBed|1108 sq.ft|2 Adults|Wardrobe/closet|TV|Private bathroom|Shower|Shampoo
A-43530,RA-63316,Suite Room · City view,3 Adults|Blanket|Air conditioning|Water bottle|Attached washroom|Clothes rack
A-00393,RA-33496,Standard With Fan,2 Guests|Flat-screen TV|Wardrobe/closet|Ironing facilities|Toiletries|Fan
A-87545,RA-79527,Executive Quadruple Room,
A-39742,RA-12604,1BHK (AC in Bedroom) · City view,Double Bed|550 sq.ft|3 Adults|Blanket|TV|Air conditioning|Toiletries|Towels
A-33540,RA-72690,Standard Room King,151 sq.ft|2 Guests|Fridge|Air conditioning
A-63673,RA-58772,Classic,Double Bed|130 sq.ft|2 Adults|Blanket|TV|Air conditioning|Toiletries|Towels
A-87452,RA-33271,Standard Double Room · City view,Double Bed|200 sq.ft|3 Adults|Fridge|Blanket|TV|Air conditioning|Toiletries
A-16100,RA-10245,Triple Bed · City view,King Bed|2260 sq.ft|4 Adults|Blanket|Attached washroom|Fan
A-63612,RA-74977,"Deluxe Double Room, City View",
A-51638,RA-68897,Executive AC Room · City view,Double Bed|150 sq.ft|3 Adults|Flat-screen TV|Linens|Wardrobe/closet|Blanket|TV
A-79471,RA-61456,Superior King Room · City view,Double Bed|192 sq.ft|3 Adults|Blanket|TV|Air conditioning|WiFi access|Water bottle
A-33322,RA-75120,"Room, 2 Twin Beds · City view",237 sq.ft|2 Adults|Fridge|Minibar|Sofa|Wardrobe/closet|Blanket
A-90073,RA-05027,Deluxe Non AC · City view,King Bed|204 sq.ft|3 Adults|Wardrobe/closet|Blanket|TV|Air conditioning|Toiletries
A-13113,RA-21796,Executive Room,
A-21949,RA-01799,Economy Family Studio · City view,Double Bed|538 sq.ft|3 Adults|Fridge|Blanket|TV|Air conditioning|WiFi access
A-43116,RA-90168,Club,
A-94827,RA-26832,Classic · City view,Queen Bed|100 sq.ft|3 Adults|Tea/coffee maker|Coffee machine|Fridge|Flat-screen TV|Blanket
A-36812,RA-17560,Deluxe Double Room,
A-16328,RA-21094,Deluxe Room,Double Bed|120 sq.ft|2 Adults|Blanket|Attached washroom|Fan|Dustbin
A-51755,RA-04999,"Standard Double Room, Balcony, City View",
A-34683,RA-07514,Superior Twin,
A-15329,RA-57902,Luxury Suite,
A-04037,RA-21388,Superior Double Room,
A-47816,RA-16616,Executive Room · City view,Double Bed|3 Adults|Wardrobe/closet|TV|Air conditioning|Toiletries|Towels
A-85477,RA-98505,Standard,2 Guests|Fan
A-19825,RA-98255,Premium Studio,Double Bed|320 sq.ft|3 Adults|Tea/coffee maker|Coffee machine|Fridge|Blackout curtains|Flat-screen TV
A-47073,RA-85742,Family,
A-47571,RA-07584,Executive Room Twin or Double Room · City view,Double Bed|260 sq.ft|3 Adults|Blanket|TV|Air conditioning|WiFi access|Water bottle
A-64214,RA-97160,Classic Double or Twin,108 sq.ft|3 Guests|Linens|Wardrobe/closet|TV|Air conditioning|Toiletries
A-33797,RA-62723,Premium Room,Double Bed|200 sq.ft|2 Adults|Flat-screen TV|Wardrobe/closet|TV|Air conditioning|Toiletries
A-34530,RA-17932,Standard Non AC Room,97 sq.ft|2 Guests|Wardrobe/closet|Toiletries|Towels|Satellite channels|Water bottle
A-80720,RA-17448,Superior 1 Bedroom Apartment · City view,King Bed|225 sq.ft|5 Adults|Fridge|Wardrobe/closet|Blanket|TV|Toiletries
A-31085,RA-78638,"Standard Double Room, City View",
A-33848,RA-59022,Standard Double Room · City view,Queen Bed|150 sq.ft|2 Adults|Flat-screen TV|Duvet|Linens|Wardrobe/closet|Wake up service
A-13428,RA-71678,Premium Room,216 sq.ft|2 Guests|Flat-screen TV|Sofa|Wardrobe/closet|Ironing facilities|Air conditioning
A-53977,RA-05514,Superior Room,
A-85778,RA-14408,Deluxe Double Non-A/c Room · City view,Double Bed|144 sq.ft|3 Adults|Flat-screen TV|Linens|Air conditioning|Towels|Cushions
A-07571,RA-15665,Entire 2BHK Executive Apartment - Unit 1 · City view,Double Bed|1700 sq.ft|4 Adults|Blanket|TV|WiFi access|Water bottle|Attached washroom
A-92747,RA-77137,Executive Room · City view,King Bed|200 sq.ft|2 Adults|Blanket|Air conditioning|Water bottle|Attached washroom
A-18721,RA-86223,Deluxe Queen Room,140 sq.ft|2 Guests|Fridge|Sofa|Linens|Wardrobe/closet|TV
A-43725,RA-83819,Deluxe Room Twin,
A-51360,RA-28725,Classic Room,Double Bed|100 sq.ft|3 Adults|Wardrobe/closet|TV|Towels|Fan|Shower
A-07258,RA-22892,Deluxe A/c Room · City view,Double Bed|200 sq.ft|3 Adults
A-01615,RA-29600,"Studio, City View",
A-55332,RA-36599,Executive Double or Twin Room,
A-23894,RA-26984,"Guest room, 2 Twin, City view · City view",Twin Bed|398 sq.ft|3 Adults|Tea/coffee maker|Minibar|Duvet|Feather pillow|Streaming services
A-90409,RA-48870,Deluxe Room,Queen Bed|150 sq.ft|3 Adults|Blanket|Attached washroom|Fan
A-84235,RA-96239,"Family Apartment, 1 Queen Bed with Sofa bed, Kitchenette, City View",
A-80800,RA-47521,Standard Room · City view,Double Bed|160 sq.ft|2 Adults|Blanket|Air conditioning|WiFi access|Water bottle|Attached washroom
A-30466,RA-18115,Deluxe Room,Double Bed|110 sq.ft|2 Adults|Blackout curtains|Blanket|WiFi access|Attached washroom|Fan
A-96442,RA-55694,Standard room,King Bed|200 sq.ft|2 Adults|Flat-screen TV|Linens|Blanket|Iron|Heating
A-55355,RA-70532,Executive Room · City view,3 Adults|Wardrobe/closet|TV|Towels|Housekeeping|Attached washroom
A-37501,RA-99607,Executive Room · City view,Double Bed|200 sq.ft|3 Adults|Linens|Blanket|Air conditioning|Towels|WiFi access
A-17183,RA-82761,Tent,44 sq.ft|2 Guests|Toiletries|Separate dining area|Shower|LAN Internet access|Ground floor
A-06027,RA-56587,Quadruple Family,
A-27059,RA-85691,Double Deluxe Room,
A-36613,RA-76234,Deluxe Room,
A-10329,RA-23981,Club Double or Twin Room · City view,Twin Bed|288 sq.ft|3 Adults|Minibar|Dining table|Sofa|Wardrobe/closet|TV
A-42665,RA-07453,Deluxe Room,Double Bed|100 sq.ft|2 Adults|Blanket|Attached washroom|Fan
A-99899,RA-88220,Double Room with Shared Bathroom,97 sq.ft|2 Guests|Fridge|Dining table|Linens|Wardrobe/closet|Air conditioning
A-71255,RA-32769,Single Room,Single Bed|60 sq.ft|2 Adults|Blackout curtains|Fan|Charging points
A-31637,RA-49110,Deluxe Room AC · City view,Double Bed|180 sq.ft|3 Adults|Wardrobe/closet|Blanket|TV|Air conditioning|Water bottle
A-25770,RA-52138,Deluxe Room,Double Bed|225 sq.ft|3 Adults|Sofa|Blanket|TV|Air conditioning|Air purifier
A-01300,RA-37807,Deluxe Triple Room,4 Guests
A-62945,RA-85660,Standard Room Non AC · City view,Double Bed|144 sq.ft|3 Adults|Linens|Blanket|TV|Cushions|Water bottle
A-75371,RA-63359,Deluxe Room,
A-88065,RA-52589,Suite Room,
A-15010,RA-63029,Family Room · City view,Double Bed|350 sq.ft|4 Adults|Blanket|TV|Air conditioning|Toiletries|Towels
A-46839,RA-93033,Family Suite Room · City view,Double Bed|1938 sq.ft|3 Adults|Blanket|WiFi access|Water bottle|Attached washroom|Clothes rack
A-06701,RA-95092,Classic Room,Double Bed|130 sq.ft|2 Adults|Wardrobe/closet|TV|Air conditioning|Towels|Fan|Shower
A-39016,RA-86506,Deluxe Rooms · City view,Double Bed|3 Adults|Blanket|TV|Toiletries|WiFi access|Water bottle
A-61437,RA-86270,Executive Room · City view,Twin Bed|210 sq.ft|2 Adults|Blackout curtains|Flat-screen TV|Linens|Wardrobe/closet|Wake up service
A-50711,RA-44315,Classic Room · City view,Double Bed|256 sq.ft|3 Adults|Fridge|Sofa|Wardrobe/closet|Blanket|TV
A-67137,RA-89142,Suite Room · City view,Double Bed|290 sq.ft|3 Adults|Blanket|TV|Air conditioning|WiFi access|Water bottle
A-76436,RA-40348,Deluxe Double AC Room with Ensuite Bathroom,
A-80720,RA-96156,Studio with Bathtub and Kitchenette · City view,Double Bed|175 sq.ft|2 Adults|Fridge|Wardrobe/closet|Blanket|TV|Attached washroom
A-63951,RA-28187,Avora 02 Bed Room Studio · City view,Double Bed|500 sq.ft|4 Adults|Air conditioning|Water bottle|Attached washroom|Accessible by elevator
A-88578,RA-83010,Studio Room · City view,Double Bed|250 sq.ft|3 Adults|Blanket|Water bottle|Attached washroom|Fan|Desk
A-05130,RA-96365,Premium Room,Queen Bed|180 sq.ft|3 Adults|Flat-screen TV|Wardrobe/closet|TV|Air conditioning|Toiletries
A-13449,RA-32381,Deluxe Room,Double Bed|100 sq.ft|2 Adults|Blackout curtains|Blanket|TV|Air conditioning|WiFi access
A-60992,RA-24012,Deluxe AC Room,Double Bed|250 sq.ft|3 Adults|Wardrobe/closet|Blanket|TV|Air conditioning|Toiletries
A-99899,RA-61974,Budget Double Room,119 sq.ft|2 Guests|Fridge|Dining table|Linens|Wardrobe/closet|Air conditioning
A-53020,RA-29090,Double Room,3 Adults|Wardrobe/closet|Toiletries|Private bathroom|Desk|Smoking policy – non-smoking available
A-36433,RA-33054,Superior City View,216 sq.ft|2 Guests|Air conditioning
A-23799,RA-48396,Deluxe Room - 1 Double Bed Balcony,2 Guests|Wardrobe/closet|Ironing facilities|Air conditioning|LAN Internet access|Terrace
A-90110,RA-45517,Orchid Club Room - Non Smoking · Golf view,King Bed|300 sq.ft|3 Adults|Fridge|Wine glasses|Minibar|Blackout curtains|Dining table
A-26483,RA-59625,Deluxe AC Twin Bed,King Bed|200 sq.ft|2 Adults|Blanket|Air conditioning|Toiletries|Water bottle|Attached washroom
A-74401,RA-61125,Standard AC · City view,Double Bed|200 sq.ft|3 Adults|Wardrobe/closet|Blanket|TV|Air conditioning|WiFi access
A-22704,RA-44439,King Room · City view,Double Bed|100 sq.ft|2 Adults|TV|Air conditioning|Toiletries|WiFi access|Water bottle
A-59744,RA-16830,Premium Double Room · City view,Double Bed|160 sq.ft|3 Adults|Flat-screen TV|Air conditioning|WiFi access|Attached washroom|Fan|Electric kettle
A-94835,RA-76114,Deluxe,2 Adults
A-48106,RA-16810,Deluxe Double Room,Double Bed|200 sq.ft|3 Adults|Sofa|Wardrobe/closet|Blanket|TV|Ironing facilities
A-76324,RA-98100,Double Executive,162 sq.ft|2 Guests|Tea/coffee maker|Blackout curtains|Flat-screen TV|Wardrobe/closet|Air conditioning
A-18568,RA-18213,Premium 2- Bedroom Apartment · City view,Double Bed|225 sq.ft|4 Adults|Blanket|Water bottle|Attached washroom|Clothes rack|Fan
A-79019,RA-27561,Penthouse Three-Bedroom,2584 sq.ft|10 Guests|Fridge|Blackout curtains|Flat-screen TV|Separate living room|Dining table
A-26962,RA-40018,Premium Room · City view,300 sq.ft|3 Adults|Fridge|Minibar|TV|Ironing facilities|Air conditioning
A-08515,RA-99254,Suite Room Plus,216 sq.ft|1 Adult|Charging points
A-83693,RA-51254,AZURE Suite Apartment A3,
A-39002,RA-27842,Standard Room,
A-44361,RA-26840,Deluxe Room,Double Bed|2153 sq.ft|2 Guests|Sofa|Wardrobe/closet|Blanket|TV|Ironing facilities
A-26656,RA-49723,Classic,Double Bed|100 sq.ft|2 Adults|Flat-screen TV|Air conditioning|Fan
A-23894,RA-70834,"Guest room, 1 King, City view · City view",King Bed|398 sq.ft|3 Adults|Tea/coffee maker|Minibar|Duvet|Feather pillow|Streaming services
A-70463,RA-17155,Deluxe Room,Double Bed|200 sq.ft|2 Adults|Flat-screen TV|Wake up service|Blanket|TV|Air conditioning
A-22706,RA-77125,"Turret Suite with Kitchenette, BMW Airport Transfers and Cocktail hours · Garden view",King Bed|1205 sq.ft|3 Adults|Fridge|Minibar|Blackout curtains|Flat-screen TV|Sofa
A-68739,RA-90842,2 BHK Flat Non-A/C · City view,Double Bed|600 sq.ft|3 Adults|Blackout curtains|Wardrobe/closet|Blanket|TV|WiFi access
A-49149,RA-32101,Standard King,Double Bed|180 sq.ft|3 Adults|Blanket|TV|Toiletries|Towels|WiFi access
A-78816,RA-44494,SUPERIOR TWIN ROOM · City view,Twin Bed|350 sq.ft|2 Adults|Fridge|TV|Air conditioning|WiFi access|Cushions
A-17727,RA-06597,Luxury Apartment,
A-76184,RA-45344,The Den Corner Room · Pool view,KingBed|365 sq.ft|2 Adults|Wine/champagne|Coffee machine|Minibar|Blackout curtains|Wardrobe/closet
A-35453,RA-05263,Deluxe Twin Room · Street View,Twin Bed|240 sq.ft|2 Adults|Tea/coffee maker|Fridge|Minibar|Flat-screen TV|Linens
A-90110,RA-65631,Orchid Superior Club Room - Non Smoking · Golf view,King Bed|335 sq.ft|3 Adults|Coffee machine|Fridge|Minibar|Sofa|Wardrobe/closet
A-22358,RA-65484,Studio,Queen Bed|180 sq.ft|2 Adults|Blackout curtains|Flat-screen TV|Wardrobe/closet|Blanket|TV
A-90379,RA-43757,Classic with Balcony,King Bed|120 sq.ft|2 Adults|Blackout curtains|Fan|Charging points
A-17482,RA-82113,Deluxe Double or Twin Room,
A-42701,RA-18088,Executive Triple Room,
A-00371,RA-37333,Superior Room · City view,Double Bed|250 sq.ft|3 Adults|Blanket|TV|Air conditioning|WiFi access|Water bottle
A-62434,RA-59067,Standard Room · City view,Double Bed|110 sq.ft|3 Adults|Blanket|Attached washroom|Fan
A-98043,RA-53555,Premium Room,Double Bed|240 sq.ft|2 Adults|Flat-screen TV|Wake up service|TV|Air conditioning|Toiletries
A-86917,RA-62369,Deluxe Room,Double Bed|3 Adults|Fridge|Sofa|Blanket|TV|Air conditioning
A-07148,RA-06567,Superior Deluxe Ac,Double Bed|375 sq.ft|2 Adults|Blackout curtains|Blanket|TV|WiFi access|Attached washroom
A-56024,RA-08277,Deluxe Room,
A-91686,RA-66486,Deluxe Double Room,QueenBed|118 sq.ft|3 Adults|TV|Toiletries|Private bathroom|Shower|Desk
A-81557,RA-45740,Deluxe Room · City view,Double Bed|110 sq.ft|3 Adults|Blanket|Toiletries|Clothes rack|Fan|Mirror
A-19551,RA-53596,Suite Room · City view,King Bed|180 sq.ft|3 Adults|Blanket|Air conditioning|Attached washroom|Fan
A-88685,RA-97651,Standard Apartment Studio,
A-09167,RA-37166,Standard Room,
A-53794,RA-04637,Standard Double Room · City view,Double Bed|170 sq.ft|2 Adults|Air conditioning|Towels|Fan|Shower|Shampoo|Desk
A-14924,RA-37534,Deluxe Non- Air Conditioning Room,156 sq.ft|2 Guests|Flat-screen TV|Linens|TV|Toiletries|Private bathroom
A-83832,RA-78578,Deluxe Room · City view,Double Bed|220 sq.ft|3 Adults|Sofa|Blanket|Air conditioning|WiFi access|Water bottle
A-18795,RA-77701,Standard Room,Double Bed|100 sq.ft|2 Adults|Blanket|Attached washroom|Fan
A-72499,RA-26154,Three Bedroom Unit · City view,King Bed|350 sq.ft|3 Adults|Flat-screen TV|Sofa|Wardrobe/closet|Blanket|TV
A-02940,RA-53539,Standard Queen,Double Bed|150 sq.ft|2 Adults|Blanket|TV|Toiletries|Towels|WiFi access
A-12296,RA-09275,Classic,Double Bed|130 sq.ft|2 Adults|Blanket|Attached washroom|Fan
A-33783,RA-26397,Executive King,King Bed|270 sq.ft|3 Adults|Fridge|Blackout curtains|Flat-screen TV|Sofa|Duvet
A-86156,RA-75529,"Double Room, City View",
A-35304,RA-03365,Standard Double Room,1292 sq.ft|2 Guests
A-98778,RA-83646,Deluxe Room,
A-01300,RA-72894,Deluxe Double Room,3 Guests
A-91659,RA-91580,Deluxe Non AC Room · City view,Double Bed|200 sq.ft|3 Adults|Fridge|Wardrobe/closet|Blanket|Ironing facilities|Toiletries
A-92253,RA-11001,Deluxe AC · City view,Double Bed|226 sq.ft|3 Adults|TV|Ironing facilities|Air conditioning|Toiletries|Fan
A-29026,RA-76926,Economy Rooms · City view,Double Bed|150 sq.ft|3 Adults|Flat-screen TV|Linens|Blanket|TV|Toiletries
A-48635,RA-01625,Standard Non AC Double Room · City view,Double Bed|3 Adults|Blanket|TV|WiFi access|Water bottle|Housekeeping
A-18821,RA-34017,Suite,King Bed|120 sq.ft|2 Adults|Blackout curtains|Blanket|Air conditioning|Attached washroom|Charging points|Dustbin
A-47419,RA-53656,Superior Twin · City view,Twin Bed|230 sq.ft|2 Adults|Blackout curtains|Blanket|Air conditioning|WiFi access|Attached washroom
A-88975,RA-80761,Superior Double Room · City view,Double Bed|120 sq.ft|3 Adults|Separate living room|Dining table|Sofa|TV|Air conditioning
A-62796,RA-21387,Family Apartment,
A-91530,RA-70899,Deluxe Room · City view,Double Bed|130 sq.ft|3 Adults|Feather pillow|TV|Ironing facilities|Air conditioning|Towels
A-58472,RA-18802,Deluxe,Double Bed|125 sq.ft|2 Adults|Blanket|Attached washroom|Fan
A-73300,RA-50841,Executive Room · City view,Double Bed|180 sq.ft|3 Adults|Minibar|Flat-screen TV|Linens|Blanket|TV
A-39865,RA-08382,Deluxe Triple Room,
A-56567,RA-81108,Deluxe AC,
A-46899,RA-99354,Deluxe Room with Fan,130 sq.ft|2 Guests|Toiletries|Satellite channels|Private bathroom|Fan|Mirror|Free WiFi
A-13714,RA-57534,PREMIUM ROOM · City view,Double Bed|135 sq.ft|3 Adults|Fridge|Minibar|Wardrobe/closet|Blanket|TV
A-40806,RA-70750,Economy Rooms,Double Bed|120 sq.ft|3 Adults|Attached washroom|Fan|Desk
A-90110,RA-01635,Royal Suite - Non Smoking · Golf view,King Bed|550 sq.ft|2 Adults|Fridge|Blackout curtains|Wardrobe/closet|Wake up service|Blanket
A-57864,RA-83299,"Standard Room, 1 Queen Bed, Ensuite",
A-84505,RA-06408,Deluxe Room · City view,King Bed|330 sq.ft|3 Adults|Fridge|Sofa|Wardrobe/closet|Blanket|TV
A-80720,RA-90145,Quad Studio W Bathtub,King Bed|320 sq.ft|5 Adults|Blanket|TV|Air conditioning|Bathtub|WiFi access
A-86797,RA-32742,Family Room,
A-85631,RA-41094,Executive Room,
A-31891,RA-09202,Club Room · City view,Double Bed|290 sq.ft|3 Adults|Blanket|Air conditioning|Water bottle|Attached washroom|Desk
A-70050,RA-78830,Deluxe Queen Room,Queen Bed|140 sq.ft|2 Adults|Blanket|TV|Ironing facilities|Air conditioning|Toiletries
A-87816,RA-10878,"Standard Room, 1 King Bed, Accessible",205 sq.ft|2 Adults|Fridge|Wardrobe/closet|Blanket|TV|Ironing facilities
A-62783,RA-16861,Business Class Room with a well-appointed workstation · City view,Twin Bed|325 sq.ft|3 Adults|Wardrobe/closet|Housekeeping|Attached washroom|Dental kit|Desk|Trash can
A-31892,RA-06987,"Twin Room, Balcony, City View",
A-08438,RA-55199,Superior King · City view,Double Bed|129 sq.ft|2 Adults|Blanket|Water bottle|Attached washroom|Clothes rack|Fan
A-85340,RA-12864,"Executive lounge access, Executive Guest room, 2 Double",Double Bed|387 sq.ft|3 Adults|Tea/coffee maker|Minibar|Duvet|Feather pillow|Air conditioning
A-95050,RA-19881,Superior Room,Double Bed|289 sq.ft|3 Adults|Blanket|TV|Air conditioning|WiFi access|Water bottle
A-67035,RA-74360,Classic Double,
A-83713,RA-89900,Family Room,King Bed|250 sq.ft|2 Adults|Flat-screen TV|Linens|Wardrobe/closet|Wake up service|Blanket
A-89867,RA-44799,Penthouse Apartment,442 sq.ft|4 Guests|Fridge|Sofa|Linens|Wardrobe/closet|Extra long beds (> 6.5 ft)
A-44302,RA-45300,Double Executive,2691 sq.ft|2 Guests
A-55830,RA-03423,Suite room · City view,Double Bed|260 sq.ft|3 Adults|Blanket|Attached washroom|Fan
A-96180,RA-82523,CLASSIC,Double Bed|100 sq.ft|2 Adults|Blanket|Attached washroom|Fan
A-78816,RA-45457,Twin Room · City view,Twin Bed|150 sq.ft|2 Adults|Fridge|Blanket|TV|Ironing facilities|Air conditioning
A-40417,RA-10796,Standard Twin,Twin Bed|140 sq.ft|2 Adults|Blanket|Toiletries|WiFi access|Water bottle|Housekeeping
A-57305,RA-00612,1BHK Apartment · City view,Double Bed|600 sq.ft|3 Adults|Fridge|Sofa|Blanket|TV|Air conditioning
A-79411,RA-60587,Deluxe Queen Room With Balcony · City view,Queen Bed|210 sq.ft|2 Adults|Blanket|Attached washroom|Fan
A-55967,RA-90293,Standard Double Non Ac · City view,Grand King Bed|3 Adults|Wardrobe/closet|Blanket|TV|WiFi access|Water bottle
A-74605,RA-23232,Standard Room AC · City view,Double Bed|100 sq.ft|3 Adults|Flat-screen TV|Linens|Blanket|Towels|Cushions
A-97677,RA-86632,Luxury Room Lake View Twin Bed · Lake view,Twin Bed|355 sq.ft|3 Adults|Fridge|Blackout curtains|Flat-screen TV|Sofa|Duvet
A-36984,RA-26947,Standard Twin,Twin Bed|140 sq.ft|2 Adults|Blanket|Toiletries|WiFi access|Water bottle|Housekeeping
A-91721,RA-72790,Classic,3 Adults|Blanket|TV|Air conditioning|Toiletries|Towels
A-94163,RA-07987,Deluxe Room,
A-90110,RA-92937,Golf View Suite Room - Non Smoking · Golf view,King Bed|630 sq.ft|3 Adults|Tea/coffee maker|Coffee machine|Fridge|Minibar|Flat-screen TV
A-18831,RA-58626,Executive Double or Twin Room,
A-31516,RA-39807,Elite Double Room,
A-13113,RA-31400,Superior Queen,
A-51060,RA-14494,Studio Apartment · City view,Double Bed|342 sq.ft|3 Adults|Fridge|Wine glasses|Minibar|Dining table|TV
A-01611,RA-43095,Deluxe Room Non AC,Queen Bed|100 sq.ft|2 Adults|Blackout curtains|Blanket|TV|WiFi access|Attached washroom
A-21161,RA-38972,Deluxe Room · City view,Double Bed|120 sq.ft|3 Adults|Blanket|Water bottle|Attached washroom
A-19094,RA-23865,Classic,Double Bed|100 sq.ft|2 Adults|Flat-screen TV|Attached washroom|Fan
A-91416,RA-91373,Deluxe Room,
A-11819,RA-94445,Premium Double Room · City view,Double Bed|160 sq.ft|3 Adults|Fridge|Minibar|Ironing facilities|Air conditioning|Desk|Slippers
A-75666,RA-37768,Deluxe Room,
A-27059,RA-44590,Standard Non AC Room,
A-47563,RA-35772,Deluxe Double Room,
A-33393,RA-52574,Deluxe Room · City view,Double Bed|150 sq.ft|2 Adults|Flat-screen TV|Linens|Blanket|TV|Air conditioning
A-33723,RA-37031,Deluxe Room Non AC · City view,Double Bed|120 sq.ft|2 Adults|Flat-screen TV|Sofa|Duvet|Blanket|Toiletries
A-37411,RA-92783,Premium Studio · City view,Double Bed|400 sq.ft|3 Adults|Fridge|Separate living room|Dining table|Wardrobe/closet|Blanket
A-67594,RA-39667,Standard Room · City view,Double Bed|190 sq.ft|3 Adults|Blanket|TV|WiFi access|Water bottle|Attached washroom
A-69409,RA-86130,Suite · City view,Double Bed|528 sq.ft|3 Adults|Blanket|Air conditioning|Water bottle|Housekeeping|Attached washroom
A-99316,RA-51165,One Bedroom Apartment non AC · City view,King Bed|400 sq.ft|4 Adults|Fridge|Wine glasses|Blackout curtains|Flat-screen TV|Dining table
A-98793,RA-15379,AC Deluxe · City view,King Bed|200 sq.ft|3 Adults|Flat-screen TV|Blanket|TV|Air conditioning|Toiletries
A-20053,RA-08061,Executive Room · City view,Queen Bed|300 sq.ft|3 Adults|Flat-screen TV|Blanket|Air conditioning|Towels|Water bottle
A-75907,RA-47056,DELUXE DOUBLE · Balcony,Double Bed|199 sq.ft|2 Adults|Blackout curtains|Duvet|Wake up service|Blanket|Air conditioning
A-09101,RA-23480,Executive Twin · City view,Twin Bed|180 sq.ft|3 Adults|Blanket|Air conditioning|Water bottle|Attached washroom|Fan
A-47697,RA-98702,Family Cottages,Double Bed|180 sq.ft|3 Adults|Blanket|TV|Towels|WiFi access|Water bottle
A-61576,RA-18416,Economy Single,2 Guests|Air conditioning|Toiletries|Private bathroom|Television in bathroom
A-23951,RA-42004,Deluxe Triple Bed Ac Room · City view,Queen Bed|200 sq.ft|3 Adults|Blackout curtains|Blanket|TV|Air conditioning|WiFi access
A-80903,RA-09005,Suite Room · Pool view,King Bed|280 sq.ft|4 Adults|Wardrobe/closet|Blanket|TV|Air conditioning|Toiletries
A-68238,RA-30249,Classic with Balcony,
A-60327,RA-54203,Luxury King · City view,King Bed|275 sq.ft|2 Adults|Wardrobe/closet|Blanket|Air conditioning|Toiletries|WiFi access
A-21084,RA-19948,Royal Suite - 1 Double Bed · City view,Double Bed|320 sq.ft|2 Adults|Wardrobe/closet|Blanket|Water bottle|Attached washroom|Dental kit|Desk
A-13926,RA-93040,Family Suite,Queen Bed|560 sq.ft|2 Adults|Blackout curtains|Sofa|Blanket|TV|Air conditioning
A-82321,RA-16719,Club EP,King Bed|220 sq.ft|3 Adults|Air conditioning|Water bottle|Attached washroom|Accessible by elevator
A-57296,RA-99364,Family Suite,
A-47020,RA-54444,Deluxe - Non AC,Double Bed|120 sq.ft|3 Adults|Blanket|Attached washroom|Fan
A-83890,RA-34480,Executive Room,Double Bed|120 sq.ft|3 Adults|Blanket|Air conditioning|Fan
A-14531,RA-76134,Deluxe Room,
A-60110,RA-72379,Suite · City view,Double Bed|220 sq.ft|3 Adults|Flat-screen TV|Linens|Blanket|TV|Air conditioning
A-20394,RA-91387,Deluxe Double Room with Balcony · City view,Double Bed|200 sq.ft|3 Adults|Blanket|TV|Air conditioning|Toiletries|Towels
A-77357,RA-79943,Deluxe Room · City view,Twin Bed|130 sq.ft|3 Adults|Air conditioning|Water bottle|Attached washroom|Accessible by elevator
A-10665,RA-04112,Deluxe Room,Double Bed|333 sq.ft|3 Adults|Blanket|Bathtub|WiFi access|Attached washroom|Fan
A-22152,RA-32129,Suite room · City view,Double Bed|3 Adults|Wardrobe/closet|Blanket|TV|Air conditioning|Toiletries
A-14595,RA-56077,Suite · City view,King Bed|616 sq.ft|3 Adults|Tea/coffee maker|Flat-screen TV|Linens|Wardrobe/closet|Wake up service
A-02304,RA-92200,Silverwood · City view,Double Bed|200 sq.ft|3 Adults|Blanket|Air conditioning|Toiletries|WiFi access|Water bottle
A-43725,RA-68138,Deluxe Room Twin,
A-07790,RA-79741,Standard Room · City view,Double Bed|1076 sq.ft|3 Adults|TV|Air conditioning|Towels|Water bottle|Fan
A-91182,RA-73027,LUXURY ROOM · City view,King Bed|198 sq.ft|2 Adults|Private pool|Blackout curtains|Walk-in closet|Duvet|Feather pillow
A-30000,RA-98635,Deluxe King Room · City view,Queen Bed|240 sq.ft|2 Adults|Fridge|Minibar|Sofa|Duvet|Wardrobe/closet
A-24395,RA-66368,Executive AC Room · City view,King Bed|210 sq.ft|3 Adults|Flat-screen TV|Blanket|TV|Air conditioning|Toiletries
A-21084,RA-18698,Deluxe room - 1 Double Bed · City view,Double Bed|260 sq.ft|3 Adults|Fridge|Minibar|Blackout curtains|Sofa|Wardrobe/closet
A-84423,RA-39499,Twin Room,
A-68667,RA-08710,King Suite with Balcony · City view,Double Bed|550 sq.ft|3 Adults|Wardrobe/closet|Blanket|TV|Air conditioning|WiFi access
A-55595,RA-98744,Double Executive Ac · City view,Queen Bed|220 sq.ft|3 Adults|Blanket|Air conditioning|Water bottle|Attached washroom|Clothes rack
A-55982,RA-59562,One BHK Service Apartment · City view,Double Bed|156 sq.ft|3 Adults|Sofa|Blanket|TV|Iron|Air conditioning
A-28197,RA-36924,TWIN,162 sq.ft|2 Guests|Fridge|Blackout curtains|Flat-screen TV|Wardrobe/closet|TV
A-64240,RA-13963,Standard Double Suite,3 Guests
A-41437,RA-89411,Poolside Room,259 sq.ft|2 Guests|Air conditioning
A-87376,RA-79776,Deluxe Twin,Twin Bed|140 sq.ft|2 Adults|Flat-screen TV|WiFi access|Attached washroom|Fan
A-69279,RA-59600,Classic Room,Twin Bed|110 sq.ft|2 Adults|Wardrobe/closet|Blanket|TV|Towels|Water bottle
A-58052,RA-96648,Twin Bed Room · City view,Twin Bed|190 sq.ft|2 Adults|Blanket|Air conditioning|WiFi access|Water bottle|Attached washroom
A-83767,RA-45505,Family,539 sq.ft|2 Guests
A-69341,RA-37378,Luxury Room,
A-35971,RA-65400,Classic Triple Room,108 sq.ft|3 Guests|Flat-screen TV|Linens|Wardrobe/closet|TV|Air conditioning
A-78529,RA-53210,Suite Room · City view,Double Bed|400 sq.ft|3 Adults|Blanket|Air conditioning|Water bottle|Attached washroom
A-15809,RA-93637,Deluxe Double Room,Double Bed|144 sq.ft|2 Adults|Tea/coffee maker|Blackout curtains|Flat-screen TV|Linens|Wardrobe/closet
A-98433,RA-81672,Deluxe,Double Bed|110 sq.ft|2 Adults|Blanket|Towels|WiFi access|Attached washroom|Charging points|Room service
A-88510,RA-16012,Triple Room · City view,Double Bed|210 sq.ft|3 Adults|Wardrobe/closet|Blanket|Water bottle|Attached washroom|Clothes rack
A-10733,RA-84488,Deluxe Queen Room · City view,Queen Bed|300 sq.ft|3 Adults|Blanket|TV|Air conditioning|WiFi access|Water bottle
A-07424,RA-01079,Family Room · City view,Double Bed|140 sq.ft|3 Adults|Linens|Blanket|TV|Air conditioning|Towels
A-07972,RA-12279,"Deluxe Double Room, Balcony, City View · City view",QueenBed|275 sq.ft|2 Adults|Coffee machine|Minibar|Dining area|Microwave|Stovetop
A-40608,RA-99491,Standard Double Room with Fan,22 sq.ft|3 Guests
A-06346,RA-90830,Deluxe Double Room with Balcony (Den) · City view,Queen Bed|300 sq.ft|3 Adults|Tea/coffee maker|Dining area|Linens|Wardrobe/closet|Wake up service
A-11304,RA-92529,Deluxe Double Room,QueenBed|135 sq.ft|2 Adults|Private bathroom|Smoking policy – non-smoking available|Air conditioning
A-90693,RA-32026,Executive Queen Room,Queen Bed|180 sq.ft|2 Adults|Blanket|TV|Toiletries|Towels|WiFi access
A-80317,RA-98509,Executive Double or Twin Room · City view,Double Bed|288 sq.ft|3 Adults|Minibar|Dining table|Blanket|TV|Toiletries
A-77052,RA-35862,Deluxe Room,Queen Bed|200 sq.ft|3 Adults|Blanket|Water bottle|Attached washroom
A-72621,RA-19640,Large Double Room · City view,Double Bed|290 sq.ft|3 Adults|Blanket|Water bottle|Housekeeping|Attached washroom|Clothes rack
A-68084,RA-00268,"Race Course View, Executive lounge access, Guest room, 1 King · Course view",King Bed|484 sq.ft|3 Adults|Tea/coffee maker|Minibar|Duvet|Feather pillow|Air conditioning
A-21302,RA-26222,Club Room · City view,Double Bed|170 sq.ft|3 Adults|Blanket|TV|Cushions|Water bottle|Attached washroom
A-46831,RA-07393,Classic · City view,Double Bed|120 sq.ft|3 Adults|Minibar|Flat-screen TV|Linens|TV|Towels
A-86156,RA-19836,"Classic Double Room, Balcony, City View",
A-28789,RA-50266,Comfort Studio Suite,330 sq.ft|3 Adults|Wardrobe/closet|Private bathroom|Shower|Desk|Charging points
A-45104,RA-17513,Signature with Balcony · City view,Double Bed|300 sq.ft|3 Adults|Fridge|Blanket|Air conditioning|Water bottle|Attached washroom
A-80982,RA-94264,Standard Room · City view,Single Bed|160 sq.ft|2 Adults|Wine glasses|Feather pillow|Wardrobe/closet|TV|Ironing facilities
A-62202,RA-14533,Executive Club Room · City view,Double Bed|425 sq.ft|3 Adults|Minibar|Blanket|Ironing facilities|Air conditioning|Water bottle
A-41510,RA-37680,5 Bedroom Terrace Floor · City view,King Bed|475 sq.ft|14 Adults|Blanket|TV|Air conditioning|WiFi access|Attached washroom|Trash can
A-18499,RA-91203,Deluxe Non Ac Room,
A-69504,RA-68590,Executive Room Double Bed,
A-90826,RA-86178,Deluxe Double or Twin Room with Balcony · City view,Double Bed|250 sq.ft|3 Adults|Air conditioning|Water bottle|Attached washroom|Dental kit|Trash can|Accessible by elevator
A-73883,RA-10635,Superior Double Room · City view,Double Bed|400 sq.ft|2 Adults|Wardrobe/closet|Blanket|TV|Air conditioning|Toiletries
A-17130,RA-99930,Deluxe Room,QueenBed|151 sq.ft|2 Adults|Toiletries|Private bathroom|Shower|Desk|Room service
A-90953,RA-39822,Two Bedroom Premier Suite · City view,Queen Bed|500 sq.ft|3 Adults|Flat-screen TV|Blanket|TV|Air conditioning|Non-feather pillow
A-00242,RA-80759,One Bedroom Apartment · City view,KingBed|560 sq.ft|2 Adults|Coffee machine|Fridge|Minibar|Blackout curtains|Dining area
A-27566,RA-09393,Economy Studio Suite,
A-41072,RA-98514,Deluxe Room,Double Bed|120 sq.ft|2 Adults|Blackout curtains|Blanket|Attached washroom|Fan|Charging points|Dustbin
A-10534,RA-12232,Standard Room,
A-46397,RA-81175,Deluxe Room · Hill view,Double Bed|180 sq.ft|3 Adults|Tea/coffee maker|Coffee machine|Fridge|Minibar|Blackout curtains
A-56771,RA-89192,Executive Double Room,
A-08114,RA-39810,Executive Twin Room · City view,Twin Bed|240 sq.ft|2 Adults|Blackout curtains|Blanket|TV|Toiletries|Towels
A-08026,RA-78958,Classic,King Bed|132 sq.ft|2 Adults|Flat-screen TV|Wardrobe/closet|Blanket|TV|Air conditioning
A-18911,RA-72619,Deluxe Double Room without Air Conditioning,22 sq.ft|2 Guests
A-40065,RA-03265,Standard Double Room,Queen Bed|140 sq.ft|2 Adults|Wine glasses|Blackout curtains|Wardrobe/closet|Blanket|TV
A-13591,RA-53174,Standard Room,Twin Bed|230 sq.ft|3 Adults|Fridge|Minibar|Blackout curtains|Dining table|Duvet
A-06346,RA-16427,Deluxe Double Room (Aqua) · City view,Queen Bed|301 sq.ft|3 Adults|Tea/coffee maker|Dining area|Linens|Wake up service|Blanket
A-25030,RA-07353,Deluxe Room · City view,Double Bed|190 sq.ft|2 Adults|Blanket|TV|Air conditioning|Toiletries|Attached washroom
A-97872,RA-76036,Standard Double Room · City view,Double Bed|168 sq.ft|3 Adults|Wardrobe/closet|TV|Air conditioning|Heating|Toiletries
A-63110,RA-18523,Apartment,
A-68883,RA-89632,Deluxe Room,Double Bed|150 sq.ft|2 Adults|Flat-screen TV|Linens|Wardrobe/closet|Wake up service|Blanket
A-09998,RA-87768,Deluxe Non AC Room · City view,Double Bed|120 sq.ft|3 Adults|Blackout curtains|Wardrobe/closet|Blanket|TV|Toiletries
A-51132,RA-59013,Grand Suite · City view,Double Bed|475 sq.ft|3 Adults|Minibar|Blanket|TV|Ironing facilities|Air conditioning
A-38229,RA-33237,Deluxe Twin Room · City view,Twin Bed|200 sq.ft|3 Adults|Minibar|Flat-screen TV|Wardrobe/closet|Blanket|TV
A-76009,RA-75827,Standard Twin,Twin Bed|140 sq.ft|2 Adults|Blanket|Toiletries|WiFi access|Water bottle|Housekeeping
A-34122,RA-16494,Premium Room With City View · City view,Queen Bed|280 sq.ft|2 Adults|Blackout curtains|Blanket|TV|Air conditioning|WiFi access
A-05352,RA-23897,Deluxe Room,Queen Bed|250 sq.ft|3 Adults|Flat-screen TV|Wardrobe/closet|Blanket|Air conditioning|Hairdryer
A-07489,RA-70367,Standard Twin,Twin Bed|140 sq.ft|2 Adults|Blanket|Toiletries|WiFi access|Water bottle|Housekeeping
A-80720,RA-04789,Luxury 3 BR Apartment · City view,King Bed|225 sq.ft|10 Adults|Fridge|Wardrobe/closet|Blanket|TV|Toiletries
A-15002,RA-00761,"Family Room, City View",
A-99715,RA-82491,Standard Room,2 Adults|Minibar|Wardrobe/closet|Blanket|TV|Air conditioning
A-08866,RA-92288,"Deluxe Apartment, Balcony, City View · City view",FullBed|655 sq.ft|3 Adults|Fridge|Dining area|Ironing facilities|Dishwasher|Microwave
A-14375,RA-76598,Deluxe Triple Room · City view,Double Bed|300 sq.ft|3 Adults|Linens|Blanket|TV|Towels|Cushions
A-41935,RA-18881,Deluxe Room,
A-95362,RA-22728,Executive room · City view,Double Bed|150 sq.ft|3 Adults|Blanket|TV|Toiletries|Towels|WiFi access
A-23542,RA-72927,Classic,Double Bed|200 sq.ft|2 Adults|Blackout curtains|Blanket|TV|Air conditioning|WiFi access
A-06027,RA-50772,Luxury Queen,
A-76019,RA-05177,Suite Room City View,King Bed|180 sq.ft|2 Adults|Blackout curtains|Blanket|TV|Air conditioning|WiFi access
A-44245,RA-58066,Standard Queen,Queen Bed|160 sq.ft|2 Adults|Blanket|Toiletries|WiFi access|Water bottle|Attached washroom
A-02091,RA-11935,Deluxe Double Non AC Room · City view,Queen Bed|100 sq.ft|3 Adults|Blanket|TV|WiFi access|Water bottle|Attached washroom
A-59571,RA-05414,Deluxe Double Room,
A-06523,RA-16236,Standard Room,
A-08168,RA-75756,Premium Studio · City view,Queen Bed|600 sq.ft|3 Adults|Fridge|Sofa|Microwave|Toaster|Towels
A-20270,RA-69580,Executive Twin Bed,Twin Bed|200 sq.ft|2 Adults|Blackout curtains|Blanket|TV|Air conditioning|WiFi access
A-60086,RA-03798,Executive Double or Twin Room,
A-13591,RA-82054,Club Deluxe room,Queen Bed|320 sq.ft|3 Adults|Fridge|Blackout curtains|Flat-screen TV|Duvet|Linens
A-46829,RA-70673,CLASSIC,Double Bed|130 sq.ft|2 Adults|Blanket|Air conditioning|Attached washroom|Fan
A-46208,RA-69571,Deluxe Room,Double Bed|150 sq.ft|2 Adults|Flat-screen TV|Linens|Wardrobe/closet|Wake up service|TV
A-99899,RA-99150,Double,119 sq.ft|2 Guests|Fridge|Dining table|Linens|Wardrobe/closet|Air conditioning
A-82730,RA-54451,Deluxe Double Twin,1 Adult|TV|Toiletries|Towels|Free WiFi
A-08515,RA-24878,Deluxe Room,
A-63628,RA-83996,"Luxury Suite, City View",
A-75538,RA-40419,Deluxe Sea View,5652 sq.ft|2 Guests|Tea/coffee maker|Flat-screen TV|Dining table|Linens|Wardrobe/closet
A-16322,RA-62079,Deluxe Room AC · City view,King Bed|1010 sq.ft|2 Adults|Flat-screen TV|Blanket|TV|Air conditioning|Towels
A-75381,RA-55203,Family Suite,1615 sq.ft|4 Guests|Flat-screen TV|Linens|TV|Air conditioning|Toiletries
A-99715,RA-91817,Superior Room,2 Adults|Minibar|Wardrobe/closet|Blanket|TV|Air conditioning
A-21084,RA-78613,Royal Suite - 2 Single Beds · City view,Twin Bed|320 sq.ft|3 Adults|Minibar|Blackout curtains|Sofa|Wardrobe/closet|Blanket
A-80903,RA-64306,Executive Twin Bedded,Twin Bed|800 sq.ft|4 Adults|Wardrobe/closet|Blanket|TV|Air conditioning|Towels
A-37501,RA-94558,Standard Non AC Room · City view,Double Bed|180 sq.ft|3 Adults|Linens|Blanket|Towels|WiFi access|Cushions
A-49390,RA-72732,Villa · City view,King Bed|400 sq.ft|8 Adults|Blanket|Iron|WiFi access|Attached washroom|Fan
A-27839,RA-62579,Deluxe Room,1615 sq.ft|2 Guests|Wardrobe/closet|TV|Air conditioning|Toiletries|Water bottle
A-19358,RA-12979,Premier Room - 2 Twin Beds or 1 Queen Bed · City view,Twin Bed|428 sq.ft|3 Adults|Fridge|Separate living room|Dining table|Sofa|Wardrobe/closet
A-99080,RA-64493,Executive Triple Room AC,Double Bed|1009 sq.ft|2 Adults|Flat-screen TV|Sofa|Blanket|TV|Air conditioning
A-42089,RA-40379,Standard Twin,Twin Bed|150 sq.ft|2 Adults|Blanket|Toiletries|WiFi access|Water bottle|Attached washroom
A-59562,RA-69546,Premier Two-Bedroom Apartment · City view,Double Bed|450 sq.ft|3 Adults|Fridge|Blanket|TV|Air conditioning|Microwave
A-05827,RA-94846,Superior Queen Room with High Floor · City view,FullBed|183 sq.ft|2 Adults|Coffee machine|Minibar|Blackout curtains|Wardrobe/closet|TV
A-71269,RA-70394,Luxury Room,Double Bed|200 sq.ft|2 Adults|Blackout curtains|Wardrobe/closet|Blanket|TV|Air conditioning
A-58325,RA-26666,Deluxe Room · City view,Double Bed|200 sq.ft|2 Adults|Blanket|TV|Air conditioning|Toiletries|WiFi access
A-25495,RA-04005,Standard or Deluxe Room · City view,Double Bed|375 sq.ft|3 Adults|Blanket|TV|Air conditioning|Toiletries|WiFi access
A-69409,RA-38920,Executive Room,Double Bed|200 sq.ft|2 Adults|TV|Ironing facilities|Air conditioning|Towels|Shower
A-31892,RA-89262,Deluxe Twin Room,
A-65035,RA-07012,Standard Room with Fan,2 Guests
A-45833,RA-72554,Deluxe Apartment,
A-97681,RA-29605,Standard Double Room · City view,Double Bed|160 sq.ft|2 Adults|TV|Air conditioning|Towels|Fan|Shower
A-60457,RA-38088,Standard Room,121 sq.ft|2 Guests|Blackout curtains|Flat-screen TV|Linens|Wardrobe/closet|TV
A-85340,RA-23935,"Executive lounge access, Executive Guest room, 1 King",King Bed|387 sq.ft|3 Adults|Tea/coffee maker|Minibar|Duvet|Feather pillow|Air conditioning
A-74204,RA-55132,Villa · City view,King Bed|400 sq.ft|15 Adults|Blanket|Attached washroom|Fan
A-06066,RA-30752,Standard Double Room,
A-36878,RA-39547,Deluxe Twin,Twin Bed|140 sq.ft|2 Adults|Blanket|Toiletries|WiFi access|Water bottle|Attached washroom
A-71025,RA-83790,Standard Room · City view,Double Bed|193 sq.ft|3 Adults|Blanket|TV|Air conditioning|Air purifier|WiFi access
A-49720,RA-49895,Premium Room,King Bed|320 sq.ft|3 Adults|Flat-screen TV|Wardrobe/closet|Wake up service|Blanket|Iron
A-21720,RA-52723,Superior (Business Double Room),Double Bed|226 sq.ft|2 Adults|Fridge|Minibar|Blackout curtains|Flat-screen TV|Duvet
A-84970,RA-11575,1 BHK Flat,2 Guests|Shower
A-26136,RA-41935,Deluxe Room with Free Airport Pickup or Airport Drop · City view,Double Bed|220 sq.ft|3 Adults|Blanket|Air conditioning|WiFi access|Water bottle|Housekeeping
A-89668,RA-95370,Deluxe Rooms with Balcony · City view,Double Bed|275 sq.ft|2 Adults|Blanket|Water bottle|Attached washroom
A-91997,RA-93885,Classic,Double Bed|100 sq.ft|2 Adults|Blanket|Attached washroom|Fan
A-06300,RA-23068,Studio,
A-12460,RA-88688,Deluxe AC Room · City view,Double Bed|225 sq.ft|3 Adults|TV|Air conditioning|WiFi access|Water bottle|Housekeeping
A-37578,RA-37476,Executive Room · City view,Double Bed|280 sq.ft|3 Adults|Fridge|Sofa|Wardrobe/closet|Blanket|TV
A-51506,RA-46583,Executive AC Room,Queen Bed|100 sq.ft|2 Adults|Flat-screen TV|Blanket|TV|Air conditioning|Toiletries
A-86156,RA-84227,"Classic Twin Room, Balcony, City View",
A-05827,RA-69390,"Standard Double Room, 1 Double Bed",178 sq.ft|2 Adults|Coffee machine|Fridge|Minibar|Blackout curtains|Wardrobe/closet
A-49989,RA-30388,"Superior Studio, Balcony",QueenBed|3229 sq.ft|2 Adults|Streaming services|Ironing facilities|Air conditioning|Hairdryer|Private bathroom
A-17805,RA-47980,Executive Room · City view,Double Bed|256 sq.ft|3 Adults|Fridge|Blanket|TV|WiFi access|Water bottle
A-83060,RA-01866,Business Suite · City view,Double Bed|348 sq.ft|3 Adults|Blanket|TV|Air conditioning|WiFi access|Water bottle
A-22910,RA-46181,Double Executive Room,Double Bed|200 sq.ft|3 Adults|Blanket|TV|WiFi access|Water bottle|Attached washroom
A-09802,RA-35188,Executive Room · City view,Double Bed|150 sq.ft|3 Adults|Sofa|Feather pillow|Ironing facilities|Air conditioning|Fan
A-30053,RA-53971,Premium Room,
A-51374,RA-61933,Premium Room with Hammock · Pool view,Double Bed|200 sq.ft|3 Adults|Blanket|TV|Toiletries|WiFi access|Water bottle|Attached washroom
A-62783,RA-61674,Business Class Room with a well-appointed workstation · Lake view,Double Bed|323 sq.ft|3 Adults|Linens|Wardrobe/closet|Blanket|TV|Air conditioning
A-53396,RA-03424,Premium Suite Room · City view,Double Bed|210 sq.ft|3 Adults|Blanket|Attached washroom|Fan
A-51723,RA-43256,Queen Room With Balcony,484 sq.ft|3 Adults|Fridge|Feather pillow|Ironing facilities|Air conditioning|Fan
A-79919,RA-57446,"Presidential Double or Twin Room, 1 King Bed",
A-70168,RA-11787,Standard Room · City view,Double Bed|200 sq.ft|3 Adults|Blanket|TV|Air conditioning|Toiletries|Towels
A-60327,RA-96203,Classic Twin · City view,Twin Bed|275 sq.ft|2 Adults|Wardrobe/closet|Blanket|Air conditioning|Toiletries|WiFi access
A-36627,RA-99147,Deluxe Room · City view,Double Bed|270 sq.ft|3 Adults|Blanket|TV|Ironing facilities|Air conditioning|Toiletries
A-60314,RA-58605,Superior Apartment with Balcony,420 sq.ft|4 Guests|Fridge|Blackout curtains|Flat-screen TV|Separate living room|Sofa
A-58472,RA-96876,Classic,Double Bed|100 sq.ft|2 Adults|Blanket|Attached washroom|Fan
A-18256,RA-11890,Premium · City view,King Bed|180 sq.ft|3 Adults|Blanket|Attached washroom|Fan
A-92830,RA-94929,Executive Triple Room,
A-43047,RA-21273,Comfort Room,
A-46490,RA-00538,Executive Suite · City view,Double Bed|140 sq.ft|3 Adults|Wardrobe/closet|Blanket|TV|Ironing facilities|Toiletries
A-51770,RA-34701,Premium Room · City view,Grand King Bed|450 sq.ft|3 Adults|Blanket|Air conditioning|Attached washroom|Fan|Accessible by elevator|First aid kit
A-59662,RA-56476,Aishwarya Apartment,4 Guests|Tea/coffee maker|Wardrobe/closet|TV|Ironing facilities|Air conditioning
A-11329,RA-00160,Deluxe Queen Room · City view,Queen Bed|195 sq.ft|3 Adults|Separate living room|Dining table|Wardrobe/closet|TV|Ironing facilities
A-72942,RA-40403,Deluxe Twin Room · City view,Twin Bed|245 sq.ft|2 Adults|Blanket|TV|Ironing facilities|Iron|Air conditioning
A-75538,RA-58380,Double Studio,4575 sq.ft|2 Guests|Air conditioning
A-11288,RA-68220,Superior Room · City view,Twin Bed|144 sq.ft|3 Adults|Minibar|Flat-screen TV|TV|Air conditioning|WiFi access
A-18592,RA-58632,Suite Room · City view,Double Bed|220 sq.ft|3 Adults|Blanket|TV|WiFi access|Attached washroom|Fan
A-08350,RA-53167,Twin Sharing Room,Double Bed|200 sq.ft|2 Adults|Blanket|TV|Toiletries|WiFi access|Water bottle
A-62462,RA-69003,Classic Double or Twin,Double Bed|100 sq.ft|2 Adults|Blanket|Air conditioning|Fan
A-40259,RA-99416,Suite (Imperial) · City view,1601 sq.ft|3 Adults|Coffee machine|Fridge|Minibar|Separate living room|Dining table
A-19667,RA-73339,Executive Room · City view,Double Bed|3 Adults|Blanket|TV|Air conditioning|Water bottle|Housekeeping
A-48437,RA-24939,One Bedroom Suite AC · City view,Double Bed|750 sq.ft|3 Adults|Fridge|Dining table|Sofa|TV|Air conditioning
A-22921,RA-49455,Villa · City view,King Bed|400 sq.ft|10 Adults|Blanket|Attached washroom|Fan
A-29054,RA-30456,Standard AC Room · City view,Double Bed|200 sq.ft|3 Adults|Blackout curtains|Wardrobe/closet|Blanket|TV|Air conditioning
A-28357,RA-77198,Double Room,1400 sq.ft|2 Guests|Air conditioning
A-99907,RA-07198,Double Room with Balcony,Double Bed|100 sq.ft|3 Adults|Blackout curtains|Air conditioning|Attached washroom|Charging points|Accessible by elevator
A-22804,RA-72678,"Executive Room, 1 Queen Bed, Pool View · Pool view",QueenBed|312 sq.ft|3 Adults|Minibar|Blackout curtains|Flat-screen TV|Ironing facilities|Toiletries
A-83110,RA-38126,Deluxe Room,King Bed|240 sq.ft|3 Adults|Blackout curtains|Flat-screen TV|Linens|Wardrobe/closet|Wake up service
A-76104,RA-13506,Executive Room · City view,Double Bed|270 sq.ft|3 Adults|Blanket|Water bottle|Attached washroom
A-56134,RA-61741,Standard Double Room · City view,Double Bed|160 sq.ft|2 Adults|Wardrobe/closet|TV|Ironing facilities|Air conditioning|Towels
A-23236,RA-17466,AC ROOMS · City view,Double Bed|100 sq.ft|3 Adults|Minibar|Flat-screen TV|Linens|Blanket|Towels
A-08355,RA-88214,Standard Room · City view,Double Bed|250 sq.ft|3 Adults|Blanket|TV|Air conditioning|Toiletries|WiFi access
A-08392,RA-26191,Classic,Double Bed|118 sq.ft|2 Adults|Blanket|Air conditioning|Toiletries|Towels|Kitchenette
A-32648,RA-15769,SUPERIOR KING ROOM · City view,King Bed|200 sq.ft|3 Adults|Blanket|Air conditioning|Water bottle|Attached washroom|Clothes rack
A-80903,RA-40560,Standard Room · Forest view,Double Bed|300 sq.ft|2 Adults|Wardrobe/closet|Blanket|TV|Air conditioning|Toiletries
A-18191,RA-27032,Classic Room,Double Bed|100 sq.ft|2 Adults|Wardrobe/closet|TV|Air conditioning|Towels|Fan|Shower
A-32913,RA-02479,Deluxe Room · City view,Double Bed|160 sq.ft|3 Adults|Blanket|TV|Toiletries|WiFi access|Water bottle
A-44506,RA-34343,Budget Double Room,1680 sq.ft|2 Guests|Toiletries|Private bathroom|Mirror
A-95080,RA-41049,2BHK Apartment · Garden view,King Bed|250 sq.ft|2 Adults|Blanket|TV|Towels|WiFi access|Attached washroom
A-27195,RA-97620,Deluxe Room,Double Bed|150 sq.ft|2 Adults|Flat-screen TV|Wake up service|TV|Air conditioning|Toiletries
A-35961,RA-37227,Classic,100 sq.ft|2 Adults|Flat-screen TV|Attached washroom|Fan
A-54473,RA-00913,Standard Double,
A-46300,RA-91545,Deluxe Twin · City view,Twin Bed|291 sq.ft|3 Adults|Blanket|Air conditioning|Toiletries|WiFi access|Water bottle
A-42951,RA-02389,Standard Double Non AC,King Bed|120 sq.ft|2 Adults|Blanket|TV|Towels|WiFi access|Water bottle
A-99008,RA-76616,Two-Bedroom Apartment · City view,Double Bed|1300 sq.ft|4 Adults|Blackout curtains|Sofa|Blanket|TV|Air conditioning
A-32215,RA-76600,Two-Bedroom Apartment · City view,Double Bed|1300 sq.ft|4 Adults|Blackout curtains|Sofa|Blanket|TV|Air conditioning
A-43725,RA-10368,Deluxe Room with 1 King Bed,
A-35449,RA-93190,Presidential Suite,
A-64438,RA-93196,"Economy Twin Room, 1 Bedroom",
A-39672,RA-03602,Elite · City view,Double Bed|3 Adults|Blanket|Air conditioning|Water bottle|Attached washroom|Clothes rack
A-60110,RA-09523,Double Room · City view,Double Bed|170 sq.ft|3 Adults|Flat-screen TV|Linens|Blanket|TV|Toiletries
A-25948,RA-82677,Classic Room,King Bed|110 sq.ft|3 Adults|Wardrobe/closet|Blanket|TV|Ironing facilities|Air conditioning
A-65179,RA-30394,Twin Room · City view,Twin Bed|290 sq.ft|3 Adults|Blanket|TV|Air conditioning|WiFi access|Water bottle
A-83212,RA-24986,Deluxe Twin,Twin Bed|140 sq.ft|2 Adults|Wardrobe/closet|Blanket|Toiletries|WiFi access|Water bottle
A-49503,RA-25781,Superior King/Twin,Double Bed|170 sq.ft|2 Adults|Minibar|Sofa|Feather pillow|TV|Ironing facilities
A-44092,RA-83216,Executive Room · City view,King Bed|350 sq.ft|3 Adults|Flat-screen TV|Wardrobe/closet|Blanket|TV|Toiletries
A-09909,RA-35987,Budget Double Room · City view,Double Bed|140 sq.ft|2 Adults|Blanket|Attached washroom|Trash can
A-06545,RA-78686,Deluxe Non AC Room · City view,Double Bed|3 Adults|Blanket|TV|Water bottle|Attached washroom|Clothes rack
A-02091,RA-64063,Deluxe AC Room · City view,Queen Bed|129 sq.ft|3 Adults|Blanket|TV|Air conditioning|WiFi access|Water bottle
A-65277,RA-67787,Deluxe Room,Double Bed|180 sq.ft|2 Adults|Flat-screen TV|Dining area|Walk-in closet|Linens|Wardrobe/closet
A-98001,RA-11831,Triple Room,
A-12624,RA-00881,Cozy 2BHK Home in Yelahanka,
A-87822,RA-11394,Minister Room · City view,Double Bed|200 sq.ft|3 Adults|Blanket|TV|Air conditioning|Toiletries|Towels
A-84423,RA-94922,"Deluxe Suite, Balcony, Garden View",
A-15551,RA-67617,Family Suites Ac Room · City view,Double Bed|432 sq.ft|3 Adults|Wardrobe/closet|Blanket|Air conditioning|Water bottle|Attached washroom
A-71727,RA-00706,Deluxe AC,13994 sq.ft|4 Guests|Fridge|Sofa|TV|Air conditioning|Washing machine
A-10044,RA-02758,Queen Room with Balcony,Queen Bed|320 sq.ft|3 Adults|Fridge|Wardrobe/closet|Blanket|TV|Ironing facilities
A-45714,RA-54373,Comfort Room,Double Bed|280 sq.ft|3 Adults|Flat-screen TV|Wardrobe/closet|Blanket|TV|Air conditioning
A-64363,RA-39390,"Deluxe Double Room, Balcony, City View · City view",KingBed|380 sq.ft|3 Adults|Wardrobe/closet|TV|Toiletries|Bathtub|Private bathroom
A-82326,RA-48626,Superior Room · City view,Double Bed|170 sq.ft|3 Adults|Blanket|Attached washroom|Fan
A-42881,RA-71036,Standard Twin,Twin Bed|140 sq.ft|2 Adults|Blanket|Toiletries|WiFi access|Water bottle|Attached washroom
A-62747,RA-17960,King Non AC Room · City view,Double Bed|300 sq.ft|3 Adults|Blanket|Water bottle|Attached washroom|Clothes rack|Fan
A-36964,RA-15027,"Family Apartment, Balcony",
A-91260,RA-97466,Standard Room · City view,Double Bed|144 sq.ft|3 Adults|Fridge|Wardrobe/closet|Air conditioning|Water bottle|Attached washroom
A-82737,RA-37902,Deluxe Suite Room,Double Bed|170 sq.ft|2 Adults|Blanket|Air conditioning|Attached washroom
A-21432,RA-31479,Deluxe Double or Twin Room · City view,Queen Bed|225 sq.ft|3 Adults|Wardrobe/closet|Blanket|TV|Ironing facilities|Air conditioning
A-60152,RA-32745,House,
A-38434,RA-15721,Classic Room,Double Bed|100 sq.ft|3 Adults|Wardrobe/closet|TV|Air conditioning|Non-feather pillow|Toiletries
A-59879,RA-42027,Premium Room,2476 sq.ft|2 Guests|Wardrobe/closet|TV|Air conditioning|Toiletries|Water bottle
A-94010,RA-52450,Superior Room,
A-28473,RA-18507,Classic,Double Bed|100 sq.ft|3 Adults|Flat-screen TV|Attached washroom|Fan
A-18592,RA-48152,Family Suite · City view,Double Bed|250 sq.ft|3 Adults|Blanket|WiFi access|Water bottle|Attached washroom|Shower|Charging points
A-17980,RA-19059,Jr. SUITE · City view,Double Bed|200 sq.ft|3 Adults|Blanket|Water bottle|Attached washroom
A-81362,RA-96943,Saver Single · City view,Double Bed|198 sq.ft|3 Adults|Linens|Blanket|TV|Towels|Cushions
A-98101,RA-26132,Executive Double or Twin Room · City view,Double Bed|250 sq.ft|2 Adults|Minibar|Wardrobe/closet|Blanket|TV|Ironing facilities
A-00350,RA-45812,Deluxe Room · Balcony,King Bed|180 sq.ft|2 Adults|Flat-screen TV|Linens|Blanket|Air conditioning|Toiletries
A-90821,RA-97945,Double Room,
A-98398,RA-78983,Standard Room · City view,King Bed|100 sq.ft|3 Adults|Blanket|Water bottle|Attached washroom
A-27811,RA-02091,Double Room (Nature) · City view,Queen Bed|205 sq.ft|3 Adults|Linens|Wardrobe/closet|Wake up service|Blanket|TV
A-11110,RA-11860,Standard Room,Double Bed|120 sq.ft|2 Adults|Blanket|Attached washroom|Fan
A-06523,RA-96095,"Premium Room, 1 Queen Bed",QueenBed|2 Adults|Coffee machine|Blackout curtains|TV|Toiletries|Hairdryer
A-82872,RA-25795,Executive Room,
A-94019,RA-31138,Nazaara G2 · City view,Queen Bed|110 sq.ft|3 Adults|Blanket|Attached washroom|Fan
A-87969,RA-98132,Premium Room,1830 sq.ft|2 Guests|Wardrobe/closet|Ironing facilities|Air conditioning|Toiletries|Towels
A-45325,RA-14000,Executive · City view,Double Bed|144 sq.ft|3 Adults|Sofa|Blanket|TV|Air conditioning|Toiletries
A-49418,RA-46279,Kalyan Luxury Suite 202,
A-30796,RA-15720,EXECUTIVE NON AC · City view,Double Bed|250 sq.ft|3 Adults|Blanket|Water bottle|Attached washroom
A-84450,RA-41204,"Premier Double Room, City View · City view",KingBed|2 Adults|Wardrobe/closet|TV|Hairdryer|Bathtub or shower|Private bathroom
A-75666,RA-93349,Classic Room,
A-90330,RA-04483,Deluxe Twin with balcony · City view,Twin Bed|200 sq.ft|3 Adults|Blanket|Water bottle|Attached washroom|Clothes rack|Fan
A-94638,RA-99359,Classic,Queen Bed|130 sq.ft|3 Adults|Flat-screen TV|Blanket|Air conditioning|Toiletries|Towels
A-35501,RA-66446,Super Deluxe Room · City view,Queen Bed|2 Adults|Wardrobe/closet|Blanket|TV|Air conditioning|Toiletries
A-87190,RA-22886,Standard Non AC Room · City view,Double Bed|120 sq.ft|3 Adults
A-06548,RA-84220,Deluxe Room,156 sq.ft|2 Adults|Separate living room|Dining table|Wardrobe/closet|Blanket|TV
A-95913,RA-41374,Deluxe Double Room,
A-29259,RA-70922,Premium Triple · City view,Triple Bed|200 sq.ft|3 Adults|Blackout curtains|Blanket|Ironing facilities|Air conditioning|WiFi access
A-30243,RA-81508,Classic,Queen Bed|130 sq.ft|2 Adults|Flat-screen TV|Wardrobe/closet|Blanket|TV|Air conditioning
A-47735,RA-05763,Suite Room · City view,Double Bed|500 sq.ft|3 Adults|Flat-screen TV|Linens|Blanket|TV|Air conditioning
A-16998,RA-29606,Classic,Queen Bed|97 sq.ft|3 Adults|Flat-screen TV|Blanket|Air conditioning|Toiletries|Towels
A-39245,RA-59792,Executive Double · City view,Double Bed|200 sq.ft|3 Adults|Blanket|TV|Air conditioning|WiFi access|Attached washroom
A-07176,RA-94612,Deluxe Room with AC and TV · City view,Double Bed|120 sq.ft|2 Adults|Blanket|TV|Air conditioning|Toiletries|WiFi access
A-19647,RA-75668,Deluxe 1 BHK with Balcony · City view,Queen Bed|210 sq.ft|3 Adults|Blanket|Attached washroom|Fan
A-65927,RA-47052,Studio Double Room · City view,Double Bed|200 sq.ft|3 Adults|Sofa|Blanket|TV|Air conditioning|Toiletries
A-37259,RA-19340,Standard Queen,Queen Bed|200 sq.ft|3 Adults|Blanket|TV|Air conditioning|Toiletries|Towels
A-46188,RA-22756,Executive suite · City view,Double Bed|448 sq.ft|3 Adults|Fridge|Dining table|Wardrobe/closet|Blanket|TV
A-74723,RA-95597,Deluxe Room · City view,Double Bed|275 sq.ft|2 Adults|Wardrobe/closet|TV|Ironing facilities|Air conditioning|Toiletries
A-07627,RA-08770,Deluxe Quadruple Room,162 sq.ft|4 Guests|Tea/coffee maker|Fridge|Wine glasses|Flat-screen TV|Dining table
A-45482,RA-21046,Premium Double Room · City view,Double Bed|190 sq.ft|3 Adults|Fridge|TV|Air conditioning|Private bathroom|Fan
A-52856,RA-74672,Standard Room,
A-45482,RA-17841,Standard Double Room · City view,Double Bed|190 sq.ft|2 Adults|Fridge|TV|Air conditioning|Private bathroom|Fan
A-75299,RA-36243,Standard Room · City view,Double Bed|169 sq.ft|3 Adults|Flat-screen TV|Blanket|TV|Air conditioning|WiFi access
A-35863,RA-85209,Executive Room · City view,Double Bed|150 sq.ft|2 Adults|Blanket|Water bottle|Clothes rack|Fan|Desk
A-17183,RA-79619,Bamboo Cottage with Air Condition,2369 sq.ft|2 Guests|Free welcome drink|Tea/coffee maker|Fridge|Dining table|Linens
A-90603,RA-98640,Standard Room,151 sq.ft|2 Guests|Blackout curtains|Flat-screen TV|Sofa|Linens|TV
A-24002,RA-72424,Club Room · Pool view,279 sq.ft|2 Adults|Coffee machine|Ironing facilities|Private bathroom|Safe|Electric kettle
A-76112,RA-65585,Standard King Rooms @ Fernwood,King Bed|280 sq.ft|2 Adults|Air conditioning|Attached washroom|Accessible by elevator
A-08515,RA-86519,Executive Room,3 Guests|Charging points
A-60342,RA-05153,Classic,100 sq.ft|3 Adults|Flat-screen TV|Attached washroom|Fan
A-48328,RA-26339,"Standard Room, 1 Queen Bed",200 sq.ft|2 Adults|Coffee machine|Fridge|Minibar|Blackout curtains|Wardrobe/closet
A-62473,RA-63819,Deluxe Double Room with Air Conditioning,3 Guests|Air conditioning
A-86494,RA-43522,Deluxe Room,
A-63338,RA-92760,"Deluxe Room, 1 Queen Bed (Executive Club Double)",333 sq.ft|2 Adults|Coffee machine|Minibar|Blackout curtains|Wardrobe/closet|Air conditioning
A-06575,RA-58849,Deluxe Double Room · City view,Double Bed|175 sq.ft|3 Adults|TV|Air conditioning|Towels|Private bathroom|Shower
A-84097,RA-27011,"Superior Double Room, City View",
A-39527,RA-26419,House,
A-56373,RA-08742,Common Room,Double Bed|100 sq.ft|3 Adults|Blanket|Toiletries|WiFi access|Attached washroom
A-71302,RA-68269,Deluxe Room,
A-04189,RA-79149,Deluxe,Queen Bed|110 sq.ft|2 Adults|Blackout curtains|Fan|Charging points
A-08773,RA-96973,"Deluxe Room, Air conditioning",
A-60314,RA-77387,Two - Bedroom Executive Apartment with 1 Bathroom,549 sq.ft|4 Guests
A-55051,RA-71930,Classic Room · City view,Double Bed|120 sq.ft|3 Adults|Blanket|TV|Towels|Cushions|Water bottle
A-80982,RA-84093,Deluxe Room · City view,Twin Bed|270 sq.ft|3 Adults|Wardrobe/closet|Blanket|Ironing facilities|Toiletries|Towels
A-67820,RA-05554,Deluxe,
A-52220,RA-24384,Deluxe Room,Double Bed|180 sq.ft|2 Adults|Flat-screen TV|Wake up service|TV|Air conditioning|Toiletries
A-71187,RA-98288,Classic,3 Adults
A-19551,RA-30045,Suite Room with Kitchen · City view,King Bed|320 sq.ft|3 Adults|Blanket|Air conditioning|Attached washroom|Fan
A-05487,RA-33330,Standard Room · City view,Double Bed|180 sq.ft|2 Adults|Blackout curtains|Blanket|TV|Air conditioning|WiFi access
A-26303,RA-12161,Deluxe Room · City view,Double Bed|135 sq.ft|3 Adults|Blanket|TV|Air conditioning|Towels|Cushions
A-66905,RA-42811,Deluxe Room,151 sq.ft|2 Guests|Flat-screen TV|Dining table|Sofa|Linens|Wardrobe/closet
A-75219,RA-55415,One-Bedroom Apartment With Kitchen,Double Bed|200 sq.ft|4 Adults|Sofa|Blanket|TV|Toiletries|Water bottle
A-85263,RA-65993,Executive Room,Double Bed|140 sq.ft|2 Adults|Blanket|TV|Air conditioning|Toiletries|Towels
A-82321,RA-46088,Club CP,King Bed|220 sq.ft|3 Adults|Air conditioning|Water bottle|Attached washroom|Accessible by elevator
A-49989,RA-24437,"Deluxe Double or Twin Room, Balcony",TwinXLBed|2475 sq.ft|2 Adults|Streaming services|Ironing facilities|Air conditioning|Hairdryer|Private bathroom
A-29061,RA-14136,"Winter Green, Guest room, 2 Twin, City view · City view",Twin Bed|334 sq.ft|3 Adults|Tea/coffee maker|Minibar|Air conditioning|Hairdryer|Private bathroom
A-18721,RA-22675,Standard - 1 Queen Bed,119 sq.ft|2 Guests|Fridge|Wardrobe/closet|TV|Ironing facilities|Washing machine
A-94833,RA-81416,Deluxe AC room · City view,Double Bed|110 sq.ft|3 Adults|Blanket|Attached washroom|Fan
A-15029,RA-48747,Family Room · City view,Double Bed|220 sq.ft|2 Adults|TV|Air conditioning|Towels|Shower
A-25363,RA-95928,Deluxe Twin,
A-88851,RA-60081,3 BHK Apartment · City view,Double Bed|3 Adults|Blanket|TV|WiFi access|Water bottle|Attached washroom
A-78334,RA-17016,Deluxe Room,
A-85183,RA-01872,"Deluxe Double Room, City View",
A-36218,RA-61256,Luxury Room with Balcony,King Bed|150 sq.ft|2 Adults|Blackout curtains|Blanket|Air conditioning|Attached washroom|Fan
A-16795,RA-99857,Premium Room · City view,King Bed|180 sq.ft|2 Adults|Dining area|Dining table|Sofa|Wardrobe/closet|Blanket
A-13714,RA-20553,PREMIUM TWIN ROOM · City view,Twin Bed|120 sq.ft|3 Adults|Fridge|Minibar|Wardrobe/closet|Blanket|TV
A-31434,RA-08070,Family Twin Room,
A-80010,RA-72858,Family Deluxe,
A-97592,RA-34736,Double Deluxe Non AC · City view,Double Bed|144 sq.ft|3 Adults|Flat-screen TV|Linens|Blanket|TV|Air conditioning
A-06977,RA-46324,2 Bed AC Dorm Female · City view,Double Bed|2 Adults|Spa tub|Blanket|Air conditioning|Mirror|Charging points|Trash can
A-43756,RA-03476,2 BHK Apartment,
A-33690,RA-89210,Quadruple Room,
A-93685,RA-68627,Classic Twin Bed · City view,Twin Bed|200 sq.ft|2 Adults|TV|Air conditioning|WiFi access|Water bottle|Clothes rack
A-17847,RA-46706,Deluxe Room,Double Bed|180 sq.ft|2 Adults|Flat-screen TV|Linens|Wardrobe/closet|Wake up service|Blanket
A-43299,RA-63655,Double Room · City view,Double Bed|400 sq.ft|3 Adults|Blanket|TV|Air conditioning|Toiletries|Towels
A-95564,RA-81434,Superior King Room · City view,King Bed|220 sq.ft|3 Adults|Blanket|Water bottle|Attached washroom|Trash can
A-39353,RA-67934,Standard Twin,Twin Bed|140 sq.ft|2 Adults|Flat-screen TV|Wardrobe/closet|Blanket|Toiletries|WiFi access
A-32983,RA-79464,Deluxe Room · City view,Double Bed|360 sq.ft|2 Adults|Separate living room|Dining table|Wardrobe/closet|Blanket|TV
A-19932,RA-38615,Superior Room,
A-14143,RA-75203,Deluxe Room · City view,Double Bed|100 sq.ft|3 Adults|Blanket|Water bottle|Attached washroom
A-37501,RA-97227,Super Deluxe Room · City view,Double Bed|180 sq.ft|3 Adults|Linens|Blanket|Air conditioning|Towels|WiFi access
A-54034,RA-51483,"Double Room, Balcony",
A-44561,RA-77202,Premium Triple Rooms · City view,Double Bed|200 sq.ft|4 Adults|Blanket|Air conditioning|Attached washroom|Fan|Desk
A-52559,RA-91456,Triple Room,
A-70585,RA-25380,Classic Room,Double Bed|100 sq.ft|2 Adults|Coffee machine|Fridge|Minibar|Separate living room|Wardrobe/closet
A-76343,RA-63885,Standard Twin,Twin Bed|140 sq.ft|2 Adults|Wardrobe/closet|Blanket|Toiletries|WiFi access|Water bottle
A-47437,RA-60692,"Classic Studio, City View",
A-69239,RA-85528,Queen Suite · City view,Double Bed|3 Adults|Blanket|Water bottle|Attached washroom|Clothes rack|Fan
A-08836,RA-39042,Family Suite Room · City view,Double Bed|400 sq.ft|3 Adults|Blanket|TV|Toiletries|Towels|Hairdryer
A-89894,RA-95802,Executive Twin,
A-13714,RA-51244,Deluxe Room · City view,Double Bed|110 sq.ft|3 Adults|Fridge|Minibar|Wardrobe/closet|TV|Ironing facilities
A-21006,RA-83237,Super Deluxe Room,Double Bed|135 sq.ft|2 Adults
A-88685,RA-17078,Standard Condo 3 Bedroom,
A-49848,RA-80326,Deluxe Room · City view,Double Bed|110 sq.ft|3 Adults|Blanket|Attached washroom|Fan
A-71587,RA-84556,Family Room,Double Bed|150 sq.ft|2 Adults|Attached washroom|Fan|Accessible by elevator
A-09603,RA-85549,Premium King Twin Room · City view,Twin Bed|258 sq.ft|3 Adults|Fridge|Minibar|Wardrobe/closet|Blanket|TV
A-34822,RA-77326,Deluxe Room,194 sq.ft|2 Guests|Tea/coffee maker|Blackout curtains|Flat-screen TV|Sofa|Linens
A-51515,RA-39565,Executive Room · City view,Double Bed|324 sq.ft|3 Adults|Fridge|Blanket|Water bottle|Attached washroom|Dental kit|Charging points
A-83975,RA-66283,Deluxe Room,
A-76554,RA-28292,Deluxe Suite,
A-69646,RA-65547,Premium Double Room · City view,Double Bed|160 sq.ft|3 Adults|Fridge|TV|Air conditioning|Towels|Fan
A-99710,RA-97483,Premium Room · City view,Double Bed|144 sq.ft|2 Adults|Fridge|Ironing facilities|Air conditioning|Water bottle|Attached washroom
A-05738,RA-49285,Deluxe Room,Double Bed|140 sq.ft|2 Adults|Flat-screen TV|Wake up service|TV|Air conditioning|Toiletries
A-57164,RA-68628,Classic Room,Double Bed|120 sq.ft|2 Adults|Wardrobe/closet|Blanket|TV|Air conditioning|Toiletries
A-37004,RA-10264,Standard Twin,Twin Bed|140 sq.ft|2 Adults|Blanket|Toiletries|WiFi access|Water bottle|Attached washroom
A-72942,RA-62758,Suites · City view,King Bed|450 sq.ft|3 Adults|Minibar|Sofa|Wardrobe/closet|Blanket|TV
A-31516,RA-44101,"Standard Double Room, City View",
A-62237,RA-39889,Deluxe,Queen Bed|97 sq.ft|2 Adults|TV|Air conditioning|WiFi access|Housekeeping|Attached washroom
A-34279,RA-33703,Premium Room,
A-48014,RA-06311,Deluxe Double Room with Air Conditioning,22 sq.ft|3 Guests|Air conditioning
A-19407,RA-53024,1BHK,King Bed|250 sq.ft|3 Adults|Blackout curtains|Flat-screen TV|Walk-in closet|Linens|Feather pillow
A-08901,RA-34197,Deluxe Triple Room · City view,King Bed|250 sq.ft|3 Adults|Wardrobe/closet|Blanket|Air conditioning|Water bottle|Housekeeping
A-65869,RA-19365,Deluxe Room · City view,Double Bed|225 sq.ft|3 Adults|Blanket|TV|Air conditioning|Toiletries|Towels
A-82813,RA-30517,Run of the house,
A-43299,RA-59917,Suite · City view,Double Bed|550 sq.ft|3 Adults|Blanket|TV|Air conditioning|Toiletries|Towels
A-21949,RA-47880,Two Bedroom Penthouse Apartment · City view,Double Bed|538 sq.ft|6 Adults|Fridge|Blanket|TV|Air conditioning|WiFi access
A-28599,RA-75033,1BHK (AC in Bedroom) · City view,Double Bed|375 sq.ft|3 Adults|Blanket|TV|Air conditioning|Toiletries|WiFi access
A-59744,RA-66045,Deluxe Double Room · City view,Double Bed|150 sq.ft|3 Adults|Flat-screen TV|Air conditioning|WiFi access|Attached washroom|Fan|Electric kettle
A-13616,RA-76670,"Standard Double Room, City View · City view","FullBed,QueenBed,TwinXLBed|1160 sq.ft|3 Adults|Fridge|TV|Microwave|Oven|Hairdryer"
A-63347,RA-78924,Deluxe AC Room · City view,King Bed|12 sq.ft|3 Adults|Flat-screen TV|Linens|Wake up service|Blanket|TV
A-85183,RA-39249,Deluxe Twin Room,
A-53789,RA-43655,Deluxe · City view,Double Bed|120 sq.ft|3 Adults|Blanket|Attached washroom|Fan
A-24642,RA-12250,Deluxe with Twin Bed,
A-53278,RA-60992,Executive room · City view,Double Bed|240 sq.ft|3 Adults|Flat-screen TV|Linens|Blanket|TV|Toiletries
A-57726,RA-00530,Deluxe Room,King Bed|270 sq.ft|3 Adults|Fridge|Minibar|Separate living room|Sofa|Blanket
A-59205,RA-34122,Executive Room · City view,KingBed|160 sq.ft|2 Adults|Wardrobe/closet|Air conditioning|Toiletries|Shower|Body soap
A-16880,RA-94142,Ananta,King Bed|350 sq.ft|6 Adults|Blanket|TV|Air conditioning|Toiletries|WiFi access
A-84651,RA-34901,House,
A-30278,RA-90515,Standard Twin,Twin Bed|140 sq.ft|2 Adults|Blanket|Toiletries|WiFi access|Water bottle|Fan
A-99316,RA-42076,Luxury Room · City view,King Bed|250 sq.ft|2 Adults|Fridge|Wine glasses|Blackout curtains|Flat-screen TV|Duvet
A-50145,RA-15910,Standard Room · City view,Double Bed|125 sq.ft|3 Adults|Minibar|Linens|Blanket|TV|Towels
A-15010,RA-43509,Standard Room Non AC · City view,Double Bed|180 sq.ft|3 Adults|Blanket|TV|Toiletries|Towels|WiFi access
A-96180,RA-04468,Premium,Double Bed|125 sq.ft|2 Adults|Blanket|Attached washroom|Fan
A-67035,RA-22294,Deluxe,
A-22978,RA-68812,Classic,100 sq.ft|3 Adults|Flat-screen TV|Attached washroom|Fan
A-78730,RA-61214,Standard Room,
A-70082,RA-23302,Standard Double Room · City view,Queen Bed|150 sq.ft|2 Adults|Fridge|Blackout curtains|Flat-screen TV|Wardrobe/closet|Blanket
A-63460,RA-45835,"Deluxe Room, City View",
A-54967,RA-82730,Earth Rooms · City view,Double Bed|240 sq.ft|3 Adults|Separate living room|Wardrobe/closet|TV|Air conditioning|Toiletries
A-56547,RA-52033,Balcony Room · City view,Double Bed|249 sq.ft|3 Adults|Blanket|TV|Air conditioning|Toiletries|WiFi access
A-60358,RA-65893,Executive King · City view,Double Bed|220 sq.ft|3 Adults|Sofa|Wardrobe/closet|Blanket|TV|Toiletries
A-44932,RA-47591,Standard Room · City view,Double Bed|220 sq.ft|2 Adults|Blackout curtains|Blanket|Attached washroom|Fan|Charging points|Trash can
A-81159,RA-39582,Premium Room,Double Bed|140 sq.ft|2 Adults|Flat-screen TV|Wake up service|TV|Air conditioning|Toiletries
A-54777,RA-64655,"Deluxe Triple Room, Air conditioning",
A-77913,RA-18562,Deluxe Double Room · City view,Double Bed|170 sq.ft|3 Adults|Fridge|TV|Air conditioning|Towels|Fan
A-66122,RA-19631,Comfort Room · City view,King Bed|250 sq.ft|3 Adults|Minibar|Flat-screen TV|Blanket|TV|Ironing facilities
A-54598,RA-04604,Standard Double Room,
A-85829,RA-58549,Premium Double Room · City view,Double Bed|180 sq.ft|3 Adults|Fridge|Dining table|Sofa|TV|Air conditioning
A-22704,RA-51454,Family Room · City view,Double Bed|100 sq.ft|2 Adults|Blanket|TV|Air conditioning|WiFi access|Water bottle
A-28020,RA-92369,Apartment,Bedroom 1: :1 king bed;Bedroom 2: :1 queen bed;Bedroom 3: :1 queen bed|12917 sq.ft|6 Guests|Fridge|Wine glasses|Dining table|Sofa|Streaming services
A-63338,RA-60143,Deluxe Room (Superior Room Double),333 sq.ft|2 Adults|Coffee machine|Minibar|Blackout curtains|Wardrobe/closet|Air conditioning
A-24581,RA-81674,Home,2 Guests|Linens|Wardrobe/closet|TV|Air conditioning|Toiletries
A-34176,RA-97114,Deluxe Triple Room · City view,Triple Bed|3 Adults|Blanket|Water bottle|Attached washroom|Clothes rack|Fan|Charging points
A-22748,RA-01402,Standard Room · City view,Twin Bed|215 sq.ft|3 Adults|Blanket|Attached washroom|Fan
A-11940,RA-20905,Den Bedroom with Balcony · City view,Queen Bed|247 sq.ft|3 Adults|Tea/coffee maker|Dining area|Linens|Wardrobe/closet|Wake up service
A-16623,RA-20396,Sun Set room · City view,King Bed|600 sq.ft|2 Adults|Blackout curtains|Blanket|TV|Air conditioning|Toiletries
A-18089,RA-61209,Classic,130 sq.ft|3 Adults|Flat-screen TV|Attached washroom|Fan
A-96160,RA-11016,Villa · City view,King Bed|150 sq.ft|12 Adults|Blanket|Iron|WiFi access|Attached washroom|Fan
A-91182,RA-45876,LUXURY TRIPLE · City view,King Bed|220 sq.ft|2 Adults|Spa tub|Wine/champagne|Chocolate/cookies|Fridge|Blackout curtains
A-99774,RA-74939,Standard Apartment,
A-93844,RA-22794,Executive Room Non AC · City view,Double Bed|200 sq.ft|2 Adults|Fridge|Wardrobe/closet|Blanket|TV|Toiletries
A-27351,RA-15806,Basic Room,Double Bed|110 sq.ft|2 Adults|Blanket|TV|Towels|WiFi access|Attached washroom
A-71167,RA-36451,Deluxe,2 Adults
A-49989,RA-66425,"Comfort Double Room, 1 Double Bed, Balcony",FullBed|2152 sq.ft|2 Adults|Streaming services|Ironing facilities|Air conditioning|Hairdryer|Private bathroom
A-88791,RA-51173,Deluxe Room · City view,Double Bed|125 sq.ft|3 Adults|Flat-screen TV|Linens|Blanket|Towels|Bathtub
A-52452,RA-01454,Classic,Double Bed|130 sq.ft|3 Adults|Flat-screen TV|Fan
A-98384,RA-49398,Premium Room,
A-54214,RA-22255,Deluxe Non- Air Conditioning Room,
A-24747,RA-84524,Executive Room,
A-49149,RA-75860,Economy Queen,Double Bed|170 sq.ft|2 Adults|Blanket|TV|Toiletries|Towels|WiFi access
A-87545,RA-57379,Double Room with Air Conditioning,
A-30754,RA-92579,Standard Room,Double Bed|125 sq.ft|2 Adults|Blanket|Attached washroom|Fan
A-49507,RA-98165,I Comfort · City view,Double Bed|120 sq.ft|2 Adults|Linens|Wardrobe/closet|Blanket|TV|Ironing facilities
A-01031,RA-84764,King Premier · City view,King Bed|250 sq.ft|3 Adults|Blanket|TV|WiFi access|Water bottle|Attached washroom
A-24911,RA-14433,Executive Room,
A-28577,RA-06058,StayMazing Manyata 1BHK Boutique AC Apartments in Hebbal · City view,Double Bed|3 Adults|Blanket|TV|Air conditioning|Water bottle|Attached washroom
A-54577,RA-11544,Superior Room,250 sq.ft|3 Adults|TV|Toiletries|Private bathroom|Shower|Body soap
A-89970,RA-08517,Deluxe Room · City view,Double Bed|180 sq.ft|3 Adults|Minibar|Flat-screen TV|Linens|Air conditioning|Toiletries
A-53396,RA-35629,Premium Kitchenette Room · City view,Double Bed|210 sq.ft|3 Adults|Blanket|Attached washroom|Fan
A-86122,RA-24341,Studio With Kitchen and Balcony · City view,Double Bed|409 sq.ft|3 Adults|Blanket|TV|Air conditioning|WiFi access|Water bottle
A-98925,RA-21235,Executive Four Bed Non AC · City view,Double Bed|211 sq.ft|4 Adults|Blanket|TV|Toiletries|Towels|WiFi access
A-31434,RA-61163,Family Room,
A-13206,RA-09203,Deluxe Twin · Street View,Twin Bed|200 sq.ft|2 Adults|TV|Air conditioning|Water bottle|Desk|Safe|First aid kit
A-81853,RA-05901,Standard Twin,Twin Bed|120 sq.ft|2 Adults|Duvet|Blanket|Towels|WiFi access|Water bottle
A-41510,RA-83283,Luxury King Room,King Bed|175 sq.ft|2 Adults|Blanket|TV|Attached washroom|Trash can
A-47801,RA-00033,Grand Deluxe Twin · Resort view,TwinBed|883 sq.ft|2 Adults|Coffee machine|Minibar|Blackout curtains|Wardrobe/closet|TV
A-42163,RA-17641,Deluxe Room · City view,Double Bed|150 sq.ft|3 Adults|Blanket|Attached washroom|Fan
A-52276,RA-67031,Signature Suite,
A-92747,RA-67437,Premium Room · City view,King Bed|260 sq.ft|3 Adults|Blanket|Air conditioning|Water bottle|Attached washroom
A-06575,RA-13360,Deluxe Executive Room · City view,Double Bed|175 sq.ft|3 Adults|TV|Air conditioning|Towels|Private bathroom|Shower
A-36369,RA-81545,Premier 1 BHK · City view,King Bed|750 sq.ft|3 Adults|Wardrobe/closet|Blanket|TV|Ironing facilities|Air conditioning
A-14649,RA-40647,Standard Double Room,2 Guests|Flat-screen TV|Linens|Wardrobe/closet|TV|Air conditioning
A-43116,RA-49140,Family Room,
A-31201,RA-18738,Classic,Double Bed|100 sq.ft|2 Adults|Flat-screen TV|Blanket|Attached washroom|Fan
A-47437,RA-33296,"Deluxe Apartment, City View",
A-98001,RA-24694,Deluxe Double Room,
A-05619,RA-20245,2 BHK · City view,Double Bed|290 sq.ft|3 Adults|Blanket|WiFi access|Water bottle|Attached washroom|Shower
A-56848,RA-71628,"Superior Room, 1 Queen Bed",2 Adults|Coffee machine|Wardrobe/closet|TV|Ironing facilities|Air conditioning
A-19073,RA-24652,Standard Room · City view,Double Bed|110 sq.ft|3 Adults|Blanket|Attached washroom|Fan
A-82350,RA-93032,Premier Deluxe,Double Bed|120 sq.ft|2 Adults|Air conditioning|Water bottle|Attached washroom|Accessible by elevator
A-43116,RA-52552,Executive Room · Garden view,200 sq.ft|2 Adults|Coffee machine|Blackout curtains|TV|Ironing facilities|Air conditioning
A-41914,RA-54941,Deluxe,3230 sq.ft|2 Guests|Tea/coffee maker|Blackout curtains|Linens|Wardrobe/closet|Extra long beds (> 6.5 ft)
A-73893,RA-90117,Deluxe AC Room,Double Bed|180 sq.ft|3 Adults|Blanket|Air conditioning|Fan
A-34125,RA-32449,Deluxe Double Room,
A-53948,RA-83810,Standard Queen Room - Non-Smoking Rooms · City view,Double Bed|150 sq.ft|2 Adults|Blanket|TV|Air conditioning|Toiletries|Towels
A-29135,RA-40568,Classic,2 Adults|Wardrobe/closet|TV|Air conditioning|Towels|Fan|Shower
A-56986,RA-34394,Deluxe Room Non AC · City view,301 sq.ft|3 Adults|Blackout curtains|Wardrobe/closet|TV|Toiletries|Private bathroom
A-19551,RA-68694,Studio · City view,Double Bed|130 sq.ft|3 Adults|Blanket|Air conditioning|Attached washroom|Fan
A-49596,RA-30806,Superior Room,
A-10044,RA-45095,Deluxe Twin Room · City view,Twin Bed|260 sq.ft|3 Adults|Fridge|Wardrobe/closet|Blanket|TV|Ironing facilities
A-51842,RA-99587,AC Room · City view,Double Bed|225 sq.ft|3 Adults|Blanket|TV|Air conditioning|Toiletries|Towels
A-32983,RA-25056,Executive Room · City view,Double Bed|340 sq.ft|3 Adults|Wardrobe/closet|Blanket|Attached washroom|Desk|Electric kettle
A-45572,RA-14805,Deluxe Double Room,KingBed|2 Adults|Fridge|Washing machine|Microwave|Stovetop|Toiletries
A-66974,RA-62168,Standard Room Non AC · City view,Double Bed|3 Adults|Blackout curtains|Wardrobe/closet|Blanket|Water bottle|Attached washroom
A-68084,RA-29441,"Guest room, 1 King",King Bed|366 sq.ft|3 Adults|Tea/coffee maker|Minibar|Duvet|Feather pillow|Air conditioning
A-68961,RA-47524,King Deluxe Room · City view,King Bed|420 sq.ft|3 Adults|Air conditioning|Water bottle|Attached washroom|Accessible by elevator
A-51515,RA-27906,Suite · City view,Double Bed|289 sq.ft|3 Adults|Fridge|Blanket|Air conditioning|Water bottle|Attached washroom
A-60178,RA-11728,Premium AC room · City view,Double Bed|180 sq.ft|3 Adults|Blanket|Attached washroom|Fan
A-97677,RA-07029,Premium Suite · City view,King Bed|1045 sq.ft|3 Adults|Fridge|Blackout curtains|Flat-screen TV|Sofa|Duvet
A-98398,RA-97341,Triple Room · City view,King Bed|150 sq.ft|3 Adults|Blanket|Water bottle|Attached washroom
A-94959,RA-83134,Double Room · City view,Double Bed|120 sq.ft|2 Adults|Linens|Blanket|TV|Air conditioning|Towels
A-75026,RA-85253,Spree Club Room with Kitchenette,Double Bed|320 sq.ft|3 Adults|Tea/coffee maker|Blackout curtains|Flat-screen TV|Separate living room|Sofa
A-51638,RA-62734,Deluxe Double Room · City view,Double Bed|150 sq.ft|3 Adults|Minibar|Flat-screen TV|Linens|Wardrobe/closet|Blanket
A-20808,RA-11465,Suite Room · City view,Double Bed|485 sq.ft|4 Adults|Fridge|Minibar|Separate living room|Wardrobe/closet|Blanket
A-98272,RA-74318,Double Room,6459 sq.ft|2 Guests|Air conditioning
A-22158,RA-01808,"Elite Suite, Balcony, City View · City view",KingBed|280 sq.ft|3 Adults|Coffee machine|Minibar|Blackout curtains|Wardrobe/closet|Streaming services
A-19626,RA-63640,Deluxe Room,Double Bed|120 sq.ft|2 Adults|Blackout curtains|Blanket|WiFi access|Attached washroom|Fan
A-32386,RA-46536,Deluxe Room · City view,250 sq.ft|3 Adults|Minibar|Blackout curtains|TV|Ironing facilities|Toiletries
A-99671,RA-91635,Deluxe Room · City view,Double Bed|180 sq.ft|3 Adults|Wardrobe/closet|Blanket|TV|Air conditioning|WiFi access
A-91182,RA-18985,Four Bed Room · City view,King Bed|220 sq.ft|2 Adults|Spa tub|Minibar|Blackout curtains|Duvet|Feather pillow
A-09909,RA-98612,Standard Double Room · City view,Double Bed|160 sq.ft|2 Adults|Blanket|Air conditioning|Attached washroom|Trash can
A-99040,RA-35073,Super Deluxe Twin,3 Adults|Separate living room|Wardrobe/closet|Blanket|TV|Ironing facilities
A-42701,RA-45828,Family Studio,
A-49533,RA-45997,Superior Room · City view,Double Bed|208 sq.ft|2 Adults|Blanket|TV|Air conditioning|WiFi access|Water bottle
A-53697,RA-14367,Deluxe Double Room · City view,Double Bed|300 sq.ft|3 Adults|Flat-screen TV|Blanket|TV|Air conditioning|Toiletries
A-15399,RA-41439,Deluxe Room · City view,Queen Bed|192 sq.ft|3 Adults|Blanket|Air conditioning|Attached washroom|Fan|Desk
A-97649,RA-17779,Deluxe Room,FullBed|151 sq.ft|2 Adults|Wardrobe/closet|Toiletries|Private bathroom|Shower|Toilet paper
A-37578,RA-81130,Superior Room with Balcony · Balcony,Double Bed|210 sq.ft|3 Adults|Tea/coffee maker|Coffee machine|Fridge|Dining area|Dining table
A-46648,RA-67205,Superior Queen Room - Pet Allowed · City view,Queen Bed|323 sq.ft|2 Adults|Tea/coffee maker|Flat-screen TV|Duvet|Feather pillow|Wardrobe/closet
A-32648,RA-14595,SUPERIOR TWIN ROOM · City view,Twin Bed|200 sq.ft|2 Adults|Blanket|Air conditioning|Attached washroom
A-83223,RA-03796,Deluxe Room · City view,Double Bed|224 sq.ft|3 Adults|Fridge|Dining table|Wardrobe/closet|Blanket|TV
A-53948,RA-53012,Deluxe Queen Room - Non-Smoking Rooms · City view,Double Bed|165 sq.ft|2 Adults|Blanket|TV|Air conditioning|Toiletries|Towels
A-69127,RA-41125,Superior Triple Room AC · City view,Single Bed|200 sq.ft|4 Adults|Blanket|Water bottle|Attached washroom
A-65869,RA-34647,Standard Room · City view,Double Bed|180 sq.ft|3 Adults|Blanket|TV|Air conditioning|Toiletries|Towels
A-51132,RA-00962,Presidential Suite · City view,Double Bed|720 sq.ft|3 Adults|Minibar|Blanket|TV|Air conditioning|Toiletries
A-48106,RA-97329,Standard Double Room,Double Bed|160 sq.ft|2 Adults|Sofa|Wardrobe/closet|Blanket|TV|Ironing facilities
A-55306,RA-85337,Deluxe Room · City view,Double Bed|230 sq.ft|2 Adults|Blackout curtains|Blanket|TV|Air conditioning|WiFi access
A-65482,RA-11557,Standard Room · City view,Double Bed|225 sq.ft|3 Adults|Fridge|Flat-screen TV|Sofa|Blanket|TV
A-41510,RA-82698,Penthouse Room with Bathtub · City view,King Bed|175 sq.ft|2 Adults|Blanket|TV|Bathtub|Attached washroom|Trash can
A-79925,RA-91332,Classic (2X) · City view,Double Bed|132 sq.ft|3 Adults|Sofa|Wardrobe/closet|Blanket|TV|Air conditioning
A-82612,RA-26045,Standard Double Room · City view,King Bed|160 sq.ft|2 Adults|Wine glasses|Blackout curtains|Wardrobe/closet|Blanket|TV
A-18617,RA-04710,Standard Twin,Twin Bed|120 sq.ft|2 Adults|Flat-screen TV|WiFi access|Attached washroom|Fan
A-84450,RA-07299,"Executive Double Room, City View · City view",FullBed|160 sq.ft|2 Adults|Coffee machine|Wardrobe/closet|TV|Air conditioning|Bathtub or shower
A-44100,RA-96750,Deluxe Double Room,
A-62796,RA-50826,Standard Apartment,
A-95100,RA-42950,Villa · City view,King Bed|400 sq.ft|10 Adults|Blanket|Iron|WiFi access|Attached washroom|Fan
A-29519,RA-29859,Classic Triple Room,
A-84624,RA-62171,Standard Room · City view,Double Bed|323 sq.ft|3 Adults|Blanket|Water bottle|Housekeeping|Attached washroom|Clothes rack
A-40336,RA-47360,"Deluxe Double Room, City View",
A-69809,RA-47288,Club Class A/c · City view,Double Bed|144 sq.ft|3 Adults|Wardrobe/closet|Blanket|TV|Ironing facilities|Iron
A-15549,RA-70170,Classic Room,Double Bed|100 sq.ft|3 Adults|Wardrobe/closet|TV|Air conditioning|Towels|Fan|Shower
A-62237,RA-39097,Classic with Balcony,Double Bed|97 sq.ft|2 Adults|TV|Air conditioning|WiFi access|Housekeeping|Attached washroom
A-40059,RA-81166,Classic,Double Bed|130 sq.ft|2 Adults|Flat-screen TV|Attached washroom|Fan
A-62945,RA-29220,Deluxe Room · City view,Double Bed|196 sq.ft|3 Adults|Linens|Blanket|TV|Cushions|Water bottle
A-85070,RA-59088,House,
A-32164,RA-01523,Premium Room · City view,Double Bed|324 sq.ft|3 Adults|Minibar|Sofa|Blanket|TV|Ironing facilities
A-85940,RA-98871,House,
A-09998,RA-20341,Deluxe Room AC · City view,Double Bed|156 sq.ft|3 Adults|Wardrobe/closet|Blanket|TV|Air conditioning|Toiletries
A-97408,RA-01588,Classic,130 sq.ft|3 Adults|Flat-screen TV|Attached washroom|Fan
A-86929,RA-97331,Comfort Double Room,
A-10390,RA-69023,Deluxe Triple Bed Room Non AC · City view,Double Bed|225 sq.ft|3 Adults|Wardrobe/closet|Blanket|TV|Towels|Cushions
A-30464,RA-68297,Deluxe Room - 2 Single Beds · City view,Single Bed|240 sq.ft|3 Adults|Blanket|Water bottle|Attached washroom
A-85340,RA-07948,"Suite, 1 King",King Bed|689 sq.ft|3 Adults|Tea/coffee maker|Minibar|Duvet|Feather pillow|Air conditioning
A-71985,RA-58456,Cottage,
A-78077,RA-59789,Double Room · City view,Double Bed|120 sq.ft|3 Adults|Blanket|TV|Water bottle|Attached washroom|Fan|Accessible by elevator
A-89937,RA-81681,Suite Room Ac,Double Bed|170 sq.ft|3 Adults|Blanket|Air conditioning|Fan
A-05828,RA-78260,Blue Ribbon,
A-14531,RA-39727,Executive Room,
A-92994,RA-07338,Suite Room,Double Bed|250 sq.ft|3 Adults|Blanket|Air conditioning|Fan
A-22804,RA-03848,"Standard Room, 1 Queen Bed, City View · City view",QueenBed|237 sq.ft|2 Adults|Minibar|Blackout curtains|Flat-screen TV|Ironing facilities|Toiletries
A-49773,RA-15699,Executive Room · City view,Double Bed|200 sq.ft|3 Adults|Air conditioning|Water bottle|Attached washroom|Accessible by elevator
A-57188,RA-07522,Twin Room · City view,Twin Bed|196 sq.ft|3 Adults|Linens|Wardrobe/closet|Blanket|TV|Air conditioning
A-92927,RA-77681,"Comfort Apartment, Balcony, City View",
A-05517,RA-49281,Super Deluxe Room,Double Bed|100 sq.ft|2 Adults|Blanket|Attached washroom|Fan
A-89345,RA-14852,Standard Twin,Twin Bed|140 sq.ft|2 Adults|Blanket|Toiletries|WiFi access|Water bottle|Housekeeping
A-37900,RA-51568,Deluxe Room,Double Bed|180 sq.ft|2 Adults|Dining area|Wardrobe/closet|TV|Air conditioning|Housekeeping
A-97763,RA-14943,Non AC Deluxe Room,Double Bed|125 sq.ft|2 Adults|Linens|Cushions|Water bottle|Housekeeping|Attached washroom
A-06320,RA-59113,Deluxe Twin,Twin Bed|130 sq.ft|2 Adults|Blanket|Toiletries|WiFi access|Water bottle|Attached washroom
A-54440,RA-48689,STANDARD DOUBLE NON AC · City view,Double Bed|200 sq.ft|2 Adults|Blackout curtains|Blanket|TV|Attached washroom|Fan|Charging points
A-25030,RA-62326,Executive Room · City view,Double Bed|195 sq.ft|2 Adults|Blanket|TV|Air conditioning|Toiletries|Attached washroom
A-25216,RA-13592,FAMILY ROOM,
A-33103,RA-18468,Classic Room,Double Bed|100 sq.ft|2 Adults|Wardrobe/closet|Blanket|TV|Air conditioning|Towels
A-97009,RA-92991,Executive Room AC · City view,Double Bed|156 sq.ft|2 Adults|TV|Air conditioning|Towels|Fan|Shower|Shampoo
A-69127,RA-13477,Superior Double Room · City view,Queen Bed|250 sq.ft|3 Adults|Blanket|Water bottle|Attached washroom
A-44264,RA-27585,Deluxe Double or Twin Room,
A-59408,RA-46270,"Deluxe Room, 1 King Bed, Non Smoking",
A-55830,RA-18353,Economy Room · City view,Double Bed|169 sq.ft|3 Adults|Cushions|Water bottle|Housekeeping|Attached washroom|Mirror
A-27944,RA-04584,Deluxe Room · City view,Twin Bed|180 sq.ft|2 Adults|Fridge|Wardrobe/closet|Air conditioning|Desk|Trash can
A-66678,RA-84168,Classic Room · City view,King Bed|200 sq.ft|3 Adults|Blackout curtains|Blanket|TV|Air conditioning|WiFi access
A-67594,RA-02699,Deluxe Room · City view,Double Bed|290 sq.ft|3 Adults|Blanket|TV|WiFi access|Water bottle|Attached washroom
A-12046,RA-02481,Double Bed Room · City view,Double Bed|150 sq.ft|2 Adults|Blanket|TV|Air conditioning|Toiletries|Towels
A-20260,RA-37175,Suite Room · City view,King Bed|260 sq.ft|2 Adults|Blackout curtains|Sofa|Blanket|TV|Air conditioning
A-25363,RA-01610,Fortune Club Room,
A-22639,RA-88312,"Studio, City View",
A-65550,RA-00037,Standard Twin Room · City view,Twin Bed|186 sq.ft|2 Adults|Wardrobe/closet|Blanket|TV|Air conditioning|Toiletries
A-65550,RA-00115,Standard Queen Room · City view,Queen Bed|186 sq.ft|2 Adults|Wardrobe/closet|TV|Air conditioning|Towels|Water bottle
A-51723,RA-41156,Deluxe Queen Room,Double Bed|200 sq.ft|3 Adults|Fridge|Feather pillow|TV|Ironing facilities|Air conditioning
A-38595,RA-29051,Standard Studio,
A-96562,RA-50123,Classic,Queen Bed|100 sq.ft|2 Adults|Wardrobe/closet|Blanket|TV|Air conditioning|Heating
A-89051,RA-08622,Standard Non AC Room · City view,Double Bed|190 sq.ft|3 Adults|Blanket|Water bottle|Attached washroom|Clothes rack|Fan|Charging points
A-44561,RA-82261,Standard Double Rooms · City view,Queen Bed|120 sq.ft|3 Adults|Blanket|Air conditioning|Attached washroom|Fan|Desk
A-29246,RA-84437,Standard Room · City view,Double Bed|120 sq.ft|3 Adults|TV|Toiletries|Water bottle|Fan|Shower|Accessible by elevator
A-11604,RA-44773,Suite · City view,Double Bed|3 Adults|Blanket|Water bottle|Attached washroom|Clothes rack|Fan
A-70958,RA-91760,Premium,
A-39526,RA-80931,Premium Room · City view,Double Bed|225 sq.ft|3 Adults|Minibar|TV|Ironing facilities|Dental kit|Desk
A-46977,RA-51858,Comfort Double Room,
A-88793,RA-85399,Standard Room,
A-37154,RA-69292,Standard,Double Bed|150 sq.ft|2 Adults|Fridge|Flat-screen TV|TV|Air conditioning|Towels
A-17805,RA-74674,Deluxe Room · City view,Double Bed|182 sq.ft|3 Adults|Fridge|Blanket|Air conditioning|WiFi access|Water bottle
A-10733,RA-76039,Suite King Room · City view,Double Bed|450 sq.ft|3 Adults|Blanket|TV|Air conditioning|WiFi access|Water bottle
A-33946,RA-44196,Classic Room · City view,King Bed|280 sq.ft|3 Adults|Blanket|TV|Air conditioning|Air purifier|Towels
A-97677,RA-19292,Garden View Suite · Garden view,King Bed|679 sq.ft|3 Adults|Fridge|Blackout curtains|Flat-screen TV|Duvet|Linens
A-05294,RA-78479,Standard Double Room,QueenBed|144 sq.ft|2 Adults|Wardrobe/closet|TV|Ironing facilities|Private bathroom|Shower
A-00796,RA-52326,Premium Double Room · City view,Double Bed|190 sq.ft|4 Adults|Flat-screen TV|Air conditioning|WiFi access|Attached washroom|Fan|Electric kettle
A-15926,RA-90967,Standard Double Room · City view,Double Bed|165 sq.ft|2 Adults|Wardrobe/closet|Blanket|TV|Air conditioning|Toiletries
A-97677,RA-12972,Luxury Room City View Twin Bed · City view,Twin Bed|355 sq.ft|3 Adults|Fridge|Minibar|Blackout curtains|Flat-screen TV|Duvet
A-34176,RA-09125,Standard Room · City view,Double Bed|3 Adults|Blanket|Water bottle|Attached washroom|Clothes rack|Fan
A-70639,RA-89188,Triple Bed Premium Ac Room · City view,Double Bed|199 sq.ft|3 Adults|Minibar|Linens|Blanket|TV|Air conditioning
A-87784,RA-61004,"Deluxe Triple Room, City View",
A-65798,RA-99525,Standard Twin Room · City view,Twin Bed|100 sq.ft|2 Adults|Blanket|Water bottle|Attached washroom|Clothes rack|Fan|Charging points
A-49020,RA-90835,Executive Triple Bed Room · City view,Triple Bed|125 sq.ft|4 Adults|TV|Iron|Air conditioning|Heating|Air purifier
A-71587,RA-24627,Executive Suite Room,Double Bed|150 sq.ft|2 Adults|Blanket|Attached washroom|Accessible by elevator
A-21695,RA-13651,Standard Twin,Twin Bed|140 sq.ft|2 Adults|Wardrobe/closet|Blanket|Toiletries|WiFi access|Water bottle
A-63005,RA-29469,3 Bedroom Apartment,2315 sq.ft|6 Guests
A-68739,RA-91733,2 BHK Flat A/C · City view,Double Bed|600 sq.ft|3 Adults|Blackout curtains|Wardrobe/closet|Blanket|TV|Air conditioning
A-67420,RA-19031,Standard Twin,Twin Bed|120 sq.ft|2 Adults|Duvet|Wardrobe/closet|Blanket|Toiletries|Towels
A-45980,RA-50598,Double Deluxe Room Non Ac · City view,Double Bed|220 sq.ft|3 Adults|Wardrobe/closet|Housekeeping|Laundry|Fan|Dental kit
A-63585,RA-98264,Double Room NON AC · City view,Double Bed|110 sq.ft|3 Adults|Blanket|TV|Toiletries|Towels|WiFi access
A-99899,RA-03215,Double Room with Terrace,162 sq.ft|2 Guests|Fridge|Dining table|Linens|Wardrobe/closet|Air conditioning
A-04169,RA-76161,"Deluxe Double Room, City View",
A-48781,RA-28432,"Standard Room, 1 Double Bed, Accessible, Smoking",2 Adults|Coffee machine|Dining area|TV|Ironing facilities|Toiletries
A-54507,RA-32756,Standard Room · City view,Double Bed|220 sq.ft|3 Adults|Blanket|Attached washroom|Fan
A-64013,RA-79839,Executive Room · City view,Double Bed|190 sq.ft|3 Adults|Blanket|TV|WiFi access|Water bottle|Attached washroom|Shower
A-23951,RA-73157,Deluxe Ac Rooms · Hill view,Queen Bed|200 sq.ft|2 Adults|Blackout curtains|Blanket|TV|Air conditioning|WiFi access
A-72942,RA-85704,Service Apartments · City view,King Bed|450 sq.ft|2 Adults|Minibar|Flat-screen TV|Wardrobe/closet|Blanket|TV
A-76324,RA-37785,Standard Room,151 sq.ft|2 Guests|Flat-screen TV|Air conditioning|Toiletries|Towels|Private bathroom
A-40259,RA-83127,Premier Room King · City view,463 sq.ft|3 Adults|Coffee machine|Fridge|Minibar|Sofa|Wardrobe/closet
A-00822,RA-89490,Studio Suite,
A-57169,RA-00391,Villa · City view,King Bed|400 sq.ft|8 Adults|Blanket|Iron|WiFi access|Attached washroom|Fan
A-14951,RA-20105,Classic Triple Room,108 sq.ft|3 Guests|Flat-screen TV|Linens|Wardrobe/closet|TV|Air conditioning
A-87672,RA-17940,Deluxe Queen Bed Room with City View · City view,Double Bed|110 sq.ft|3 Adults|Blanket|Water bottle|Attached washroom
A-34829,RA-39954,Superior Suite · City view,Queen Bed|200 sq.ft|3 Adults|Flat-screen TV|Wardrobe/closet|Blanket|TV|Toiletries
A-37444,RA-68039,Garden Tented Cottage(Kids Below 14 Years are strictly not allowed) · Garden view,Double Bed|650 sq.ft|3 Adults|Blanket|TV|Air conditioning|WiFi access|Water bottle
A-86677,RA-39221,Deluxe Double Room,
A-23921,RA-56275,Superior Double or Twin Room,Twin Bed|200 sq.ft|3 Adults|Minibar|Wardrobe/closet|Blanket|TV|Ironing facilities
A-71255,RA-57262,Classic Room,Double Bed|100 sq.ft|2 Adults|Wardrobe/closet|Blanket|TV|Air conditioning|Toiletries
A-51810,RA-91915,EXECUTIVE KING ROOM · City view,King Bed|280 sq.ft|2 Adults|Flat-screen TV|Blanket|TV|Air conditioning|WiFi access
A-00822,RA-42708,Room,
A-08901,RA-96413,Deluxe Quadruple · City view,King Bed|240 sq.ft|4 Adults|Wardrobe/closet|Blanket|TV|Towels|WiFi access
A-68607,RA-99462,Deluxe,Queen Bed|120 sq.ft|2 Adults|Blackout curtains|Fan|Charging points
A-46503,RA-94443,Suite,
A-49082,RA-48431,Studio Room with Kitchen · City view,Double Bed|200 sq.ft|3 Adults|Blackout curtains|Sofa|Blanket|TV|Air conditioning
A-94542,RA-89087,Deluxe,Double Bed|125 sq.ft|2 Adults|Blanket|Attached washroom|Fan
A-04142,RA-64166,Suite AC Room,Queen Bed|100 sq.ft|4 Adults|Fridge|Sofa|Blanket|TV|Air conditioning
A-67060,RA-29185,Deluxe Ac Room · City view,King Bed|225 sq.ft|3 Adults|Flat-screen TV|Blanket|TV|Air conditioning|Toiletries
A-29061,RA-11795,"Winter Green, Guest room, 1 King, City view · City view",King Bed|334 sq.ft|2 Adults|Tea/coffee maker|Minibar|Air conditioning|Hairdryer|Private bathroom
A-71264,RA-33545,Non-AC Rooms · City view,Queen Bed|250 sq.ft|3 Adults|Blanket|Attached washroom|Fan
A-36369,RA-68577,Superior 1 BHK,Double Bed|750 sq.ft|3 Adults|Wardrobe/closet|Blanket|Air conditioning|Toiletries|WiFi access
A-92432,RA-50530,Deluxe Double Room · City view,Double Bed|196 sq.ft|3 Adults
A-60772,RA-80211,Premium Room,
A-31434,RA-33445,Deluxe Double Room,
A-15551,RA-10049,Family Suites Non Ac Room · City view,Double Bed|432 sq.ft|3 Adults|Wardrobe/closet|Blanket|Water bottle|Attached washroom|Clothes rack
A-40309,RA-51561,Double AC Room,Double Bed|180 sq.ft|3 Adults|TV|Air conditioning|Towels|Fan|Shower
A-18256,RA-13314,Executive Suite · City view,King Bed|210 sq.ft|3 Adults|Blanket|Attached washroom|Fan
A-05126,RA-53561,Deluxe Room,
A-89674,RA-51313,Family Room · City view,Double Bed|216 sq.ft|3 Adults|Wardrobe/closet|Blanket|TV|Air conditioning|Toiletries
A-42089,RA-26024,Deluxe Twin,Twin Bed|140 sq.ft|2 Adults|Blanket|Toiletries|WiFi access|Water bottle|Attached washroom
A-34477,RA-47551,Economy Room · City view,Double Bed|150 sq.ft|3 Adults|Blanket|Water bottle|Clothes rack|Mirror|Charging points|Trash can
A-46441,RA-74656,Suite · City view,Double Bed|650 sq.ft|3 Adults|Dining table|Feather pillow|Wardrobe/closet|TV|Ironing facilities
A-76919,RA-80809,Premium Room,Double Bed|120 sq.ft|2 Adults|TV|Air conditioning|Towels|Fan|Shower
A-92559,RA-11117,Deluxe Room Non A/C · City view,Queen Bed|120 sq.ft|3 Adults|Minibar|Blanket|TV|Towels|Cushions
A-32648,RA-27593,EXECUTIVE KING ROOM · City view,Double Bed|480 sq.ft|3 Adults|Blanket|Air conditioning|WiFi access|Water bottle|Attached washroom
A-19664,RA-27941,Deluxe Triple AC · City view,Triple Bed|360 sq.ft|3 Adults|Wardrobe/closet|Blanket|TV|Air conditioning|Toiletries
A-37578,RA-22789,Superior Room · City view,Double Bed|350 sq.ft|3 Adults|Fridge|Sofa|Wardrobe/closet|Blanket|TV
A-21822,RA-82165,Standard Room · City view,Double Bed|200 sq.ft|3 Adults|Blanket|Air conditioning|Attached washroom|Fan
A-17502,RA-48352,Classic Double or Twin,
A-02171,RA-66329,Superior Deluxe Room · City view,Double Bed|299 sq.ft|3 Adults|Water bottle|Fan|Dental kit|Desk|Charging points
A-87452,RA-43289,Suite Room,Double Bed|200 sq.ft|3 Adults|Fridge|Blanket|Water bottle|Attached washroom|Fan
A-68881,RA-55255,Premium Room,Double Bed|200 sq.ft|3 Adults|Free welcome drink|Minibar|Wake up service|TV|Air conditioning
A-64678,RA-07945,Classic Double or Twin,108 sq.ft|3 Guests|Linens|TV|Air conditioning|Toiletries|Private bathroom
A-86917,RA-50083,Executive Room,Double Bed|3 Adults|Fridge|Blanket|Air conditioning|Toiletries|Towels
A-95362,RA-48517,Executive family room · City view,Double Bed|250 sq.ft|4 Adults|Blanket|Attached washroom|Fan|Trash can
A-62460,RA-60869,Classic,Double Bed|130 sq.ft|2 Adults|Flat-screen TV|Attached washroom|Fan
A-57296,RA-84714,Standard Double - Non-Smoking,
A-23885,RA-11809,Deluxe AC Room · City view,Double Bed|150 sq.ft|2 Adults|Blanket|Air conditioning|Attached washroom|Fan|Closet
A-98793,RA-99861,Suite AC · City view,King Bed|300 sq.ft|4 Adults|Flat-screen TV|Sofa|Blanket|TV|Air conditioning
A-16623,RA-25914,Super Deluxe · City view,King Bed|550 sq.ft|2 Adults|Blanket|TV|Air conditioning|Toiletries|Towels
A-45104,RA-60310,Superior with Balcony · City view,Double Bed|280 sq.ft|2 Adults|Fridge|Blanket|Air conditioning|Water bottle|Attached washroom
A-31085,RA-14721,"Deluxe Double Room, City View",
A-39286,RA-60360,2 Bedroom Suite - 4 Person,
A-09919,RA-52812,DELUXE DOUBLE OR TWIN ROOM · City view,Double Bed|180 sq.ft|3 Adults|Blanket|Air conditioning|Water bottle|Housekeeping|Attached washroom
A-29304,RA-10812,Standard Room AC · City view,Double Bed|144 sq.ft|2 Adults|Coffee machine|Fridge|Dining table|Blanket|TV
A-06487,RA-86191,Superior Double Room,Double Bed|161 sq.ft|2 Adults|Tea/coffee maker|Blackout curtains|Flat-screen TV|Linens|Wardrobe/closet
A-66438,RA-01848,Deluxe Room · City view,Double Bed|180 sq.ft|3 Adults|TV|Air conditioning|Toiletries|Towels|Housekeeping
A-27918,RA-00860,Executive,2745 sq.ft|2 Guests|Fridge|Flat-screen TV|Linens|Wardrobe/closet|TV
A-09101,RA-68054,Suite Room · City view,Double Bed|180 sq.ft|3 Adults|Blanket|Air conditioning|Water bottle|Attached washroom|Fan
A-23099,RA-73718,Crescent Club Room · City view,Double Bed|225 sq.ft|2 Adults|Fridge|Blanket|Toiletries|WiFi access|Attached washroom
A-60992,RA-12153,Standard Double Room with Fan,Double Bed|225 sq.ft|3 Adults|Wardrobe/closet|Blanket|TV|Air conditioning|Toiletries
A-13130,RA-57745,Classic,Double Bed|100 sq.ft|2 Adults|Flat-screen TV|Attached washroom|Fan
A-89285,RA-24846,Superior King Room · Terrace,Double Bed|360 sq.ft|3 Adults|Blanket|TV|Air conditioning|Toiletries|WiFi access
A-16027,RA-57594,Club Twin Room · City view,Twin Bed|256 sq.ft|3 Adults|Tea/coffee maker|Flat-screen TV|Linens|Wardrobe/closet|Wake up service
A-60163,RA-37673,Deluxe with Balcony · City view,Double Bed|200 sq.ft|3 Adults|Blanket|TV|Water bottle|Attached washroom
A-24331,RA-60875,Deluxe Room · City view,Double Bed|100 sq.ft|2 Adults|Fridge|Minibar|Sofa|Wardrobe/closet|Blanket
A-89188,RA-34186,Studio Room,King Bed|180 sq.ft|2 Adults|Tea/coffee maker|Minibar|Blackout curtains|Flat-screen TV|Walk-in closet
A-21949,RA-83322,Luxury Studio Apartment · City view,Double Bed|484 sq.ft|3 Adults|Fridge|Blanket|TV|Air conditioning|WiFi access
A-29835,RA-93388,Compact Double Room With Balcony,King Bed|180 sq.ft|3 Adults|Blackout curtains|Flat-screen TV|Feather pillow|Blanket|TV
A-05741,RA-07165,Classic with Twin Bed,Double Bed|100 sq.ft|2 Adults|TV|Air conditioning|Towels|Private bathroom|Fan
A-05945,RA-39770,Standard Room,Double Bed|120 sq.ft|2 Adults|Blanket|Attached washroom|First aid kit
A-89285,RA-18258,Deluxe Double Room · City view,Double Bed|288 sq.ft|3 Adults|Blanket|TV|Air conditioning|Toiletries|WiFi access
A-09796,RA-42071,Suite,
A-88850,RA-20559,Executive Twin · City view,Double Bed|3 Adults|Fridge|Blackout curtains|Flat-screen TV|Duvet|Linens
A-46816,RA-17686,Deluxe Room,Double Bed|3 Adults|Blanket|TV|Air conditioning|Toiletries|Towels
A-74605,RA-84765,Standard Room NON AC · City view,Double Bed|100 sq.ft|3 Adults|Minibar|Flat-screen TV|Linens|Blanket|Towels
A-15911,RA-81772,Elite Room,Double Bed|220 sq.ft|3 Adults|Fridge|Minibar|Wardrobe/closet|TV|Ironing facilities
A-55231,RA-82718,Deluxe Room · City view,Double Bed|200 sq.ft|3 Adults|Blackout curtains|Air purifier|Charging points
A-69042,RA-62702,Deluxe King Room,453 sq.ft|3 Guests|Tea/coffee maker|Fridge|Flat-screen TV|Sofa|Linens
A-58710,RA-65607,Premium Room · City view,Double Bed|300 sq.ft|3 Adults|Blanket|TV|WiFi access|Water bottle|Housekeeping
A-44302,RA-33344,Deluxe,
A-40259,RA-16804,Four Seasons Cityscape Suite · City view,689 sq.ft|3 Adults|Coffee machine|Fridge|Minibar|Separate living room|Sofa
A-40891,RA-56067,Business Class Room - Lounge Access,
A-56567,RA-99631,Triple Air Conditioning,1 Adult|Fridge
A-97801,RA-53316,Classic,100 sq.ft|3 Adults|Flat-screen TV|Attached washroom|Fan
A-13089,RA-30569,Premium Room,237 sq.ft|2 Guests|Flat-screen TV|Wardrobe/closet|Air conditioning|Toiletries|Water bottle
A-50002,RA-41898,Standard Room · City view,Double Bed|120 sq.ft|3 Adults|Blanket|Humidifier|WiFi access|Housekeeping|Attached washroom
A-32094,RA-10109,"Winter Green, Guest room, 2 Twin, City view · City view",Twin Bed|247 sq.ft|3 Adults|Tea/coffee maker|Air conditioning|Water bottle|Geyser|Safe|Cable channels
A-50283,RA-67794,Family Triple Room,
A-43823,RA-44890,Hoodo Zoe - Magical Gothic Apartment W Balc,King Bed|475 sq.ft|3 Adults|Blackout curtains|Blanket|TV|Iron|Air conditioning
A-11940,RA-12236,Sunshine Bedroom with Balcony · City view,Queen Bed|193 sq.ft|3 Adults|Dining area|Linens|Wardrobe/closet|Wake up service|Blanket
A-12319,RA-32788,Executive Room · City view,Double Bed|180 sq.ft|3 Adults|Blanket|Water bottle|Attached washroom
A-87352,RA-34068,Standard Room · City view,Double Bed|180 sq.ft|3 Adults|Minibar|Flat-screen TV|Linens|Blanket|TV
A-55026,RA-28257,Premium Room · City view,Double Bed|180 sq.ft|2 Adults|Blanket|TV|Air conditioning|Toiletries|Towels
A-06977,RA-57381,6 Bed AC Dorm Unisex · City view,Single Bed|6 Adults|Blanket|Air conditioning|Mirror|Charging points|Trash can
A-54010,RA-58088,Premium,Double Bed|125 sq.ft|2 Adults|Blanket|Attached washroom|Fan
A-58679,RA-86012,Deluxe Room,200 sq.ft|2 Adults|Fridge|Wardrobe/closet|TV|Toiletries|Private bathroom
A-05680,RA-69559,"Luxury Double Room, Balcony, Garden View",
A-35375,RA-82678,Classic Double or Twin,108 sq.ft|2 Guests|Linens|TV|Air conditioning|Toiletries|Towels
A-94127,RA-32459,Deluxe Room · City view,Double Bed|253 sq.ft|3 Adults|Blanket|TV|Air conditioning|Toiletries|WiFi access
A-07627,RA-66663,Deluxe Double Bedroom,151 sq.ft|2 Guests|Tea/coffee maker|Fridge|Wine glasses|Flat-screen TV|Dining table
A-47877,RA-19849,Suite · City view,King Bed|520 sq.ft|3 Adults|Fridge|Blackout curtains|Flat-screen TV|Separate living room|Sofa
A-51469,RA-56764,3 Bedroom Apartment,646 sq.ft|6 Guests|Tea/coffee maker|Fridge|Wardrobe/closet|Air conditioning|Microwave
A-06977,RA-76725,4 Bed AC Dorm Unisex · City view,Single Bed|4 Adults|Blanket|Air conditioning|Mirror|Charging points|Trash can
A-54615,RA-98168,"Deluxe Double Room, City View",
A-66122,RA-02765,Smart Room · City view,Queen Bed|150 sq.ft|2 Adults|Minibar|Flat-screen TV|Sofa|Duvet|Blanket
A-84624,RA-90034,Premier Room · City view,Double Bed|538 sq.ft|3 Adults|Blanket|Air conditioning|WiFi access|Water bottle|Housekeeping
A-45654,RA-41180,Studio Executive,
A-37417,RA-00120,House,
A-36450,RA-41399,Deluxe Quadruple Room,FullBed|4 Adults|TV|Private bathroom|Shower|Smoking policy – non-smoking available|Housekeeping - daily
A-47887,RA-83872,Club Room · Pool view,Double Bed|272 sq.ft|2 Adults|Blanket|Air conditioning|WiFi access|Water bottle|Attached washroom
A-63628,RA-15782,"Standard Double Room, City View",
A-07377,RA-86357,Deluxe Double Room with Air Conditioning · City view,Double Bed|130 sq.ft|3 Adults|Blanket|Air conditioning|Attached washroom|Fan|Desk|Dustbin
A-13206,RA-55206,Studio Suite · Street View,King Bed|200 sq.ft|2 Adults|TV|Air conditioning|Water bottle|Desk|Safe|First aid kit
A-59269,RA-09690,Executive Room · City view,King Bed|144 sq.ft|3 Adults|Blanket|TV|Air conditioning|WiFi access|Water bottle
A-59837,RA-04036,Super Deluxe,
A-63338,RA-67733,"Deluxe Room, 1 Queen Bed",320 sq.ft|2 Adults|Coffee machine|Minibar|Blackout curtains|Wardrobe/closet|Air conditioning
A-61843,RA-62971,Classic Double or Twin,108 sq.ft|3 Guests|Linens|Wardrobe/closet|Air conditioning|Toiletries|Towels
A-43890,RA-34154,Deluxe Queen Room · City view,Queen Bed|200 sq.ft|3 Adults|Fridge|Wardrobe/closet|Blanket|TV|Ironing facilities
A-42163,RA-41749,Super Deluxe · City view,Double Bed|180 sq.ft|3 Adults|Blanket|Attached washroom|Fan
A-46188,RA-00769,Standard AC Room · City view,Double Bed|240 sq.ft|3 Adults|Fridge|Wardrobe/closet|Blanket|TV|Air conditioning
A-75047,RA-43581,Deluxe Room,2 Adults|TV|Air conditioning|Towels|Fan|Shower
A-82730,RA-09828,Deluxe Triple Room,1 Adult|TV|Air conditioning|Toiletries|Towels|Fan|Free WiFi
A-39309,RA-03712,Standard Room AC · City view,Double Bed|110 sq.ft|3 Adults|Blanket|Air conditioning|Attached washroom
A-29061,RA-79513,"Winter Green Premium, Guest room, 1 King, City view · City view",King Bed|409 sq.ft|3 Adults|Tea/coffee maker|Minibar|Air conditioning|Hairdryer|Private bathroom
A-84144,RA-68098,Superior Queen Room,323 sq.ft|3 Guests|Flat-screen TV|Sofa|Air conditioning|Toiletries|Towels
A-76472,RA-83542,1Bedroom with Balcony,Double Bed|430 sq.ft|2 Adults|Fridge|Sofa|Wardrobe/closet|Blanket|TV
A-39330,RA-36137,Deluxe Room,280 sq.ft|2 Guests|Air conditioning|Toiletries|Towels|Bathtub or shower|Shower|Mirror
A-43725,RA-82871,Standard Room,1 Adult|Wardrobe/closet|Dental kit|Desk|Trash can
A-78243,RA-71977,Deluxe Non AC,Double Bed|200 sq.ft|3 Adults|Sofa|Wardrobe/closet|Blanket|TV|Toiletries
A-90595,RA-55896,Deluxe Room,Double Bed|120 sq.ft|2 Adults|Flat-screen TV|Wake up service|TV|Air conditioning|Toiletries
A-35449,RA-39919,Luxury Suite,
A-04142,RA-46679,Deluxe AC Room,Double Bed|100 sq.ft|3 Adults|Blanket|TV|Ironing facilities|Iron|Air conditioning
A-02304,RA-26859,Pinewood- King Bed · City view,King Bed|200 sq.ft|3 Adults|Blanket|Toiletries|WiFi access|Water bottle|Attached washroom
A-27918,RA-37419,Premium Apartment,3822 sq.ft|2 Guests|Tea/coffee maker|Fridge|Flat-screen TV|Sofa|Linens
A-30762,RA-45808,Deluxe Suite,2691 sq.ft|2 Guests|Blackout curtains|Flat-screen TV|Linens|Wardrobe/closet|Ironing facilities
A-61381,RA-01668,Deluxe Double or Twin Room,
A-74642,RA-10279,"Premium Room, 1 King Bed, City View",KingBed|3 Adults|Smoking policy – non-smoking available|Wheelchair
A-08306,RA-01233,Double Room · City view,Twin Bed|120 sq.ft|3 Adults|Blanket|Water bottle|Attached washroom
A-00822,RA-59341,Deluxe Double Room,
A-10311,RA-75334,Superior Deluxe Room · City view,Triple Bed|250 sq.ft|3 Adults|Fridge|Minibar|Wardrobe/closet|Blanket|TV
A-15644,RA-21967,Premium King,King Bed|301 sq.ft|2 Adults|Blackout curtains|Blanket|Air conditioning|WiFi access|Attached washroom|Charging points
A-52276,RA-92114,Flexi Suite,
A-60772,RA-50223,Twin Bed Room,
A-97430,RA-11957,Address Suites · City view,Double Bed|220 sq.ft|3 Adults|Coffee machine|Fridge|Separate living room|Dining table|Sofa
A-80265,RA-23720,2 BHK KMR-501,Double Bed|300 sq.ft|6 Adults|Blanket|TV|Toiletries|Towels|WiFi access
A-49190,RA-27340,Super Deluxe Room · City view,Double Bed|324 sq.ft|3 Adults|Flat-screen TV|Linens|Blanket|TV|Towels
A-73659,RA-78002,Premium King Room · City view,Double Bed|300 sq.ft|3 Adults|Sofa|Wardrobe/closet|TV|Ironing facilities|Air conditioning
A-48328,RA-53688,1 Queen Junior Suite,377 sq.ft|1 Adult|Tea/coffee maker|Fridge|Minibar|Blackout curtains|Wardrobe/closet
A-78679,RA-13600,Villa (1 Bedroom),
A-45541,RA-07622,"Superior Apartment, 2 Bedrooms",
A-11753,RA-92437,Deluxe Queen,Queen Bed|200 sq.ft|2 Adults|Blanket|TV|Air conditioning|Toiletries|Towels
A-83767,RA-31115,Suite,539 sq.ft|2 Guests
A-57448,RA-39656,Executive King Room,227 sq.ft|2 Guests|Free welcome drink|Tea/coffee maker|Minibar|Blackout curtains|Flat-screen TV
A-56206,RA-78429,Executive Room · City view,2 Adults|Coffee machine|Wardrobe/closet|TV|Ironing facilities|Toiletries
A-75655,RA-68144,3BHK villa,King Bed|1500 sq.ft|6 Adults|Blackout curtains|Blanket|TV|Air conditioning|WiFi access
A-60632,RA-00623,Superior Double Room · City view,Double Bed|248 sq.ft|3 Adults|Blanket|TV|WiFi access|Water bottle|Attached washroom|Shower
A-02101,RA-12685,Deluxe,2691 sq.ft|3 Guests|Tea/coffee maker|Linens|Wardrobe/closet|Air conditioning|Toiletries
A-24331,RA-56277,Executive Room · City view,Double Bed|200 sq.ft|2 Adults|Fridge|Minibar|Sofa|Wardrobe/closet|Blanket
A-11849,RA-54202,Deluxe Room · City view,168 sq.ft|3 Adults|Blanket|Air conditioning|Water bottle|Attached washroom|Clothes rack
A-90967,RA-14430,Executive Room · City view,Double Bed|230 sq.ft|2 Adults|Sofa|Blanket|TV|Air conditioning|Toiletries
A-81435,RA-97362,Deluxe Room · City view,Double Bed|140 sq.ft|3 Adults|Air conditioning|Towels|Fan|Shower|Desk
A-04379,RA-59669,Two-Bedroom Apartment,797 sq.ft|6 Guests|Blackout curtains|Dining table|Sofa|Linens|Wardrobe/closet
A-67415,RA-69753,Family Studio · City view,FullBed|180 sq.ft|4 Adults|Wardrobe/closet|TV|Private bathroom|Shower|Body soap
A-36520,RA-08554,Standard Twin,Twin Bed|120 sq.ft|2 Adults|Duvet|Wardrobe/closet|WiFi access|Attached washroom|Fan
A-86774,RA-99163,Neel · City view,Double Bed|288 sq.ft|3 Adults|Sofa|Wardrobe/closet|Blanket|TV|Air conditioning
A-99580,RA-94022,Family Suite · City view,Double Bed|200 sq.ft|4 Adults|Blanket|TV|WiFi access|Water bottle|Attached washroom
A-08499,RA-96751,Standard Non AC · City view,King Bed|180 sq.ft|3 Adults|Blanket|Attached washroom|Fan
A-89970,RA-93410,Standard Non AC Room · City view,Double Bed|3 Adults|Blanket|Water bottle|Attached washroom|Clothes rack|Fan
A-89792,RA-76916,Premium Room · City view,Double Bed|224 sq.ft|3 Adults|TV|Ironing facilities|Air conditioning|Towels|Fan|Shampoo
A-62783,RA-28212,Superior KIng or Twin room · City view,Twin Bed|350 sq.ft|3 Adults|Minibar|Wardrobe/closet|Blanket|TV|Ironing facilities
A-05908,RA-95455,Deluxe Room · City view,Double Bed|250 sq.ft|3 Adults|Blanket|Attached washroom|Fan
A-18233,RA-45771,Deluxe Room · City view,Double Bed|110 sq.ft|2 Adults|Blackout curtains|Blanket|TV|Air conditioning|WiFi access
A-88403,RA-61838,Nature · City view,Queen Bed|204 sq.ft|3 Adults|Dining area|Wardrobe/closet|Blanket|TV|Air conditioning
A-59147,RA-84504,Standard Double AC Room · City view,Double Bed|144 sq.ft|3 Adults|Blanket|TV|Air conditioning|WiFi access|Water bottle
A-72337,RA-53207,Deluxe Twin,Twin Bed|180 sq.ft|2 Adults|Duvet|Blanket|Air conditioning|Towels|WiFi access
A-93903,RA-61273,Premium Room · City view,Double Bed|150 sq.ft|3 Adults|Air conditioning|Water bottle|Attached washroom|Desk|Trash can|Accessible by elevator
A-63396,RA-91897,Standard Room · City view,Double Bed|180 sq.ft|3 Adults|Blanket|TV|Air conditioning|Toiletries|Towels
A-83614,RA-03209,CLASSIC,Double Bed|100 sq.ft|2 Adults|Blanket|Attached washroom|Fan
A-55258,RA-39745,Classic,Double Bed|100 sq.ft|2 Adults|Blanket|Attached washroom|Fan
A-71985,RA-35978,"Cottage, Pool View",
A-10733,RA-12794,Standard Twin Room · City view,Twin Bed|160 sq.ft|3 Adults|Blanket|TV|Air conditioning|WiFi access|Water bottle
A-46386,RA-09562,Club Room · City view,Double Bed|275 sq.ft|2 Adults|Fridge|Blanket|Water bottle|Attached washroom|Clothes rack|Charging points
A-18357,RA-73403,Executive Four Bed - Breakfast Included · City view,Queen Bed|312 sq.ft|4 Adults|Blackout curtains|Sofa|Blanket|TV|Air conditioning
A-68961,RA-72450,Twin Superior Room · City view,Twin Bed|420 sq.ft|3 Adults|Attached washroom|Fan|Desk|Electric kettle
A-95256,RA-55442,Business Class Room,
A-13557,RA-79197,Deluxe Room,
A-42989,RA-46037,Classic,3 Adults|Flat-screen TV|Attached washroom|Fan
A-18480,RA-50259,House,
A-04715,RA-87423,Superior Executive Room,183 sq.ft|2 Guests|Tea/coffee maker|Blackout curtains|Flat-screen TV|Linens|Wardrobe/closet
A-21577,RA-81400,Standard King,King Bed|188 sq.ft|3 Adults|Flat-screen TV|Walk-in closet|Duvet|Linens|Feather pillow
A-60930,RA-89489,DELUXE DOUBLE OR TWIN · City view,King Bed|200 sq.ft|2 Adults|Minibar|Blanket|Towels|WiFi access|Cushions
A-01611,RA-00912,Deluxe - AC Room,Queen Bed|100 sq.ft|2 Adults|Blackout curtains|Blanket|TV|Air conditioning|WiFi access
A-10390,RA-94958,Standard Room · City view,Double Bed|150 sq.ft|2 Adults|Dining table|Sofa|Wardrobe/closet|TV|Towels
A-05692,RA-21209,Double room · Balcony,Double Bed|189 sq.ft|2 Adults|Duvet|Wake up service|Blanket|Air conditioning|Non-feather pillow
A-98062,RA-23135,Classic Double or Twin,108 sq.ft|3 Guests|Linens|Wardrobe/closet|Air conditioning|Toiletries|Satellite channels
A-55444,RA-63515,Double Room,Double Bed|100 sq.ft|2 Adults|Blanket|TV|Toiletries|WiFi access|Water bottle
A-51515,RA-22749,Club Premium · City view,Double Bed|264 sq.ft|3 Adults|Fridge|Blanket|Air conditioning|Water bottle|Attached washroom
A-15035,RA-55995,Non AC Room · City view,Double Bed|100 sq.ft|3 Adults|TV|Toiletries|WiFi access|Attached washroom|Fan
A-42311,RA-97019,"Superior Double Room, 1 Queen Bed",3 Adults|Blackout curtains|Wardrobe/closet|TV|Ironing facilities|Toiletries
A-42579,RA-16631,Deluxe Room · City view,Twin Bed|400 sq.ft|3 Adults|Wine glasses|Minibar|Feather pillow|Wardrobe/closet|TV
A-19354,RA-68763,King Double Room With Balcony · City view,Double Bed|280 sq.ft|2 Adults|Blanket|Air conditioning|Attached washroom
A-10688,RA-38689,Standard Room · City view,Double Bed|120 sq.ft|3 Adults|Blanket|Air conditioning|Attached washroom|Fan
A-76112,RA-40622,Suite Room @ Fernwood,King Bed|280 sq.ft|2 Adults|Air conditioning|Attached washroom|Accessible by elevator
A-42615,RA-95759,Executive Room · City view,Double Bed|2 Adults|Blanket|Water bottle|Attached washroom|Clothes rack|Fan
A-58551,RA-64920,Junior Suite,
A-64904,RA-34193,Deluxe Room · City view,Double Bed|120 sq.ft|3 Adults|TV|Air conditioning|Toiletries|Towels|Separate dining area
A-48537,RA-98072,Standard Double or Twin Room · Balcony,King Bed|140 sq.ft|2 Adults|Flat-screen TV|Duvet|Linens|Wardrobe/closet|Wake up service
A-43201,RA-29961,Deluxe Twin Bed · City view,Twin Bed|180 sq.ft|3 Adults|Blanket|Attached washroom|Fan
A-51452,RA-03289,Premium,Double Bed|125 sq.ft|2 Adults|Blanket|Air conditioning|Attached washroom
A-47877,RA-65368,Deluxe Twin Room · City view,Twin Bed|273 sq.ft|3 Adults|Fridge|Blackout curtains|Flat-screen TV|Linens|Wardrobe/closet
A-97927,RA-30930,Deluxe Room Air Conditioning,
A-80010,RA-24695,Deluxe,302 sq.ft|2 Guests|Flat-screen TV|Linens|Wardrobe/closet|Air conditioning|Toiletries
A-92024,RA-08442,Club Room · City view,Double Bed|441 sq.ft|3 Adults|Fridge|Minibar|Sofa|Wardrobe/closet|Blanket
A-21949,RA-19536,Luxury Room · City view,Double Bed|25 sq.ft|3 Adults|Fridge|Blanket|TV|Air conditioning|WiFi access
A-18721,RA-38169,Two Bedroom Apartment,
A-57678,RA-25543,Classic Room Twin Bed · City view,Twin Bed|130 sq.ft|2 Adults|Fridge|Sofa|Wardrobe/closet|Blanket|TV
A-17729,RA-56363,Classic,Queen Bed|100 sq.ft|3 Adults|Flat-screen TV|Blanket|Air conditioning|Toiletries|Towels
A-31356,RA-48065,Deluxe Double Room,Double Bed|110 sq.ft|2 Adults|Blackout curtains|Blanket|TV|Air conditioning|WiFi access
A-53406,RA-50476,House,
A-06027,RA-73496,Penthouse Suite,
A-31351,RA-13000,Deluxe Twin Room,Twin Bed|270 sq.ft|2 Adults|Blackout curtains|Blanket|TV|WiFi access|Attached washroom
A-94019,RA-83591,Nazaara 104 · City view,Queen Bed|110 sq.ft|3 Adults|Blanket|Attached washroom|Fan
A-83748,RA-44793,Executive Triple,Triple Bed|310 sq.ft|3 Adults|Fridge|Minibar|Linens|Wardrobe/closet|Blanket
A-68084,RA-79214,"Guest room, 2 Twin",Twin Bed|366 sq.ft|3 Adults|Tea/coffee maker|Minibar|Duvet|Feather pillow|Air conditioning
A-23834,RA-47307,Superior Room · City view,Double Bed|220 sq.ft|3 Adults|Fridge|Blackout curtains|Flat-screen TV|Duvet|Feather pillow
A-75536,RA-95166,Standard AC Room · City view,Double Bed|300 sq.ft|3 Adults|Linens|Blanket|TV|Air conditioning|Towels
A-42665,RA-58124,Classic,Double Bed|100 sq.ft|2 Adults|Blanket|Attached washroom|Fan
A-68135,RA-55486,Suite,
A-16053,RA-76058,Family Room · City view,Double Bed|140 sq.ft|3 Adults|Sofa|TV|Ironing facilities|Air conditioning|Toiletries
A-70971,RA-98438,Superior Room,
A-41512,RA-44133,Room Assigned on Arrival,
A-90073,RA-69833,Deluxe Room AC · City view,Double Bed|204 sq.ft|3 Adults|Wardrobe/closet|Blanket|TV|Air conditioning|Toiletries
A-71167,RA-31639,Classic,Double Bed|130 sq.ft|3 Adults|Blanket|Attached washroom|Fan
A-91980,RA-65728,Deluxe Room,Double Bed|150 sq.ft|2 Adults|Flat-screen TV|Wardrobe/closet|TV|Air conditioning|Toiletries
A-90110,RA-52131,Deluxe Twin Non Smoking Room · City view,Twin Bed|300 sq.ft|3 Adults|Fridge|Wine glasses|Minibar|Blackout curtains|Sofa
A-68555,RA-17049,Superior King Suite,King Bed|250 sq.ft|3 Adults|Blanket|Air conditioning|Attached washroom|Fan|Accessible by elevator
A-16100,RA-91867,Deluxe Twin Bed Room · City view,Twin Bed|1722 sq.ft|3 Adults|Blanket|Attached washroom|Fan
A-48437,RA-30348,Two Bedroom Suite AC · City view,Double Bed|750 sq.ft|4 Adults|Fridge|Dining table|Sofa|TV|Air conditioning
A-50406,RA-53355,Family Suite · City view,Double Bed|640 sq.ft|3 Adults|Sofa|Wardrobe/closet|Blanket|TV|Ironing facilities
A-74539,RA-15903,Standard Double Room · City view,Double Bed|150 sq.ft|3 Adults|Air conditioning|Towels|Fan|Shower|Conditioner|Shampoo
A-28357,RA-58868,Triple Deluxe,6459 sq.ft|3 Guests
A-13156,RA-15081,Silver Executive Room · City view,Double Bed|220 sq.ft|3 Adults|Fridge|Air conditioning|Towels|Private bathroom|Fan
A-79331,RA-18404,Standard Room,TwinBed|151 sq.ft|2 Adults|Fridge|Blackout curtains|Wardrobe/closet|TV|Ironing facilities
A-20017,RA-76442,Deluxe Room · City view,Double Bed|100 sq.ft|3 Adults|Minibar|Blanket|TV|Toiletries|Water bottle
A-58710,RA-14969,Club Twin Bed Room · City view,Double Bed|300 sq.ft|3 Adults|Blanket|TV|Air conditioning|WiFi access|Water bottle
A-05037,RA-73005,Standard Room,Double Bed|125 sq.ft|3 Adults|Linens|Blanket|TV|Towels|Cushions
A-56771,RA-13496,"Room, 1 King Bed",
A-99671,RA-45421,LUXURY DELUXE · City view,Double Bed|200 sq.ft|3 Adults|Wardrobe/closet|Blanket|TV|Air conditioning|WiFi access
A-97009,RA-92326,Studio Room AC · City view,Double Bed|594 sq.ft|3 Adults|Dining table|Sofa|TV|Air conditioning|Towels
A-30256,RA-77177,Room (Non AC) with Kitchen & Balcony,Double Bed|205 sq.ft|3 Adults|Blanket|TV|Toiletries|Towels|WiFi access
A-70908,RA-41376,Deluxe Room · City view,Double Bed|250 sq.ft|3 Adults|Wardrobe/closet|Blanket|TV|Air conditioning|Toiletries
A-27888,RA-20254,Presidential AC Room · City view,King Bed|202 sq.ft|2 Adults|Blanket|Attached washroom|Fan|Disabled access
A-99080,RA-37295,Executive Triple Room Non Ac · City view,Twin Bed|150 sq.ft|3 Adults|Fridge|Blanket|WiFi access|Water bottle|Clothes rack
A-92432,RA-09620,Deluxe Double Room Non AC · City view,Double Bed|196 sq.ft|3 Adults|Feather pillow|Towels|Fan|Shower|Desk
A-57184,RA-36462,Deluxe · City view,Double Bed|168 sq.ft|3 Adults|Separate living room|Sofa|Wardrobe/closet|Blanket|TV
A-29104,RA-82755,Room with Kitchen and Balcony (AC),2 Guests|First aid kit
A-99040,RA-36316,Super Deluxe King,3 Adults|Separate living room|Wardrobe/closet|Blanket|TV|Ironing facilities
A-39876,RA-46985,"Deluxe Double Room, City View · City view",QueenBed|160 sq.ft|2 Adults|Toiletries|Hairdryer|Private bathroom|Shower|Body soap
A-43823,RA-22305,Hoodo Zoe - Industrial Style Apartment W Balc,King Bed|475 sq.ft|3 Adults|Blackout curtains|Dining table|Blanket|TV|Iron
A-35304,RA-74326,Deluxe Double Room,1292 sq.ft|2 Guests
A-93981,RA-94159,Double Room,1077 sq.ft|2 Guests|Tea/coffee maker|Flat-screen TV|Dining table|Linens|Wardrobe/closet
A-44264,RA-56318,Deluxe Double Room,
A-34279,RA-28787,Deluxe Room,
A-28101,RA-00090,Standard Room · City view,Double Bed|150 sq.ft|3 Adults|Blanket|TV|Toiletries|Towels|WiFi access
A-42615,RA-39092,Deluxe Room · City view,Double Bed|3 Adults|Blanket|Water bottle|Attached washroom|Clothes rack|Fan
A-47170,RA-65049,Deluxe Double Room · City view,Double Bed|250 sq.ft|3 Adults|Blanket|Water bottle|Attached washroom
A-18058,RA-24331,Double Room,FullBed|325 sq.ft|2 Adults|Ironing facilities|Air conditioning|Toiletries|Hairdryer|Private bathroom
A-56567,RA-82977,Quadruple Deluxe - 4 Bed AC Room,
A-46188,RA-73494,Superior AC Room · City view,Queen Bed|280 sq.ft|3 Adults|Fridge|Wardrobe/closet|Blanket|TV|Iron
A-30073,RA-08027,Superior Room · City view,Double Bed|225 sq.ft|2 Adults|Tea/coffee maker|Fridge|Minibar|Linens|TV
A-63673,RA-20683,Suite,Double Bed|100 sq.ft|2 Adults|Blackout curtains|Fan|Charging points
A-55099,RA-23942,Deluxe Double Room · City view,FullBed|180 sq.ft|2 Adults|Flat-screen TV|TV|Towels|WiFi access|Water bottle
A-42244,RA-51432,Executive Room,
A-68961,RA-32817,King Superior Room · City view,Double Bed|420 sq.ft|3 Adults|Air conditioning|Water bottle|Attached washroom|Accessible by elevator
A-18175,RA-16192,Deluxe Room · City view,Double Bed|120 sq.ft|3 Adults|Linens|Blanket|Towels|Cushions|Water bottle
A-54034,RA-86397,"Double Room, Balcony",
A-57650,RA-14904,One-Bedroom Apartment with Balcony,216 sq.ft|2 Guests|Fridge|Flat-screen TV|Dining table|Sofa|Linens
A-23696,RA-56631,Classic,Double Bed|100 sq.ft|2 Adults|Blanket|Attached washroom|Fan
A-35443,RA-12489,Classic,Double Bed|130 sq.ft|2 Adults|Blanket|Attached washroom|Fan
A-32181,RA-69450,Standard Double Room without Air Conditioning,22 sq.ft|3 Guests
A-15926,RA-46785,Executive Room · City view,Double Bed|290 sq.ft|2 Adults|Wardrobe/closet|Blanket|TV|Air conditioning|Toiletries
A-30000,RA-81670,Standard Twin Room,Twin Bed|240 sq.ft|2 Adults|Fridge|Minibar|Dining table|Duvet|Wardrobe/closet
A-19625,RA-15686,Club Room,
A-03193,RA-46479,Deluxe Room · Garden view,Queen Bed|180 sq.ft|3 Adults|Blanket|TV|Air conditioning|Toiletries|Towels
A-11304,RA-43147,Standard Double Room,QueenBed|181 sq.ft|2 Adults|Toiletries|Private bathroom|Smoking policy – non-smoking available|Air conditioning
A-99280,RA-85673,Club Room · City view,King Bed|256 sq.ft|3 Adults|Blanket|Ironing facilities|Water bottle|Attached washroom
A-72337,RA-81240,Deluxe Queen,Queen Bed|180 sq.ft|2 Adults|Walk-in closet|Duvet|Air conditioning|Towels|WiFi access
A-54214,RA-90585,Deluxe Room AC,Double Bed|3 Adults|Blackout curtains|Flat-screen TV|Blanket|TV|Air conditioning
A-04240,RA-53263,Double Room · City view,Double Bed|120 sq.ft|3 Adults|Blanket|Attached washroom|Fan
A-43604,RA-67466,Premium Suite with Balcony · City view,Double Bed|170 sq.ft|3 Adults|Tea/coffee maker|Sofa|TV|Toiletries|WiFi access
A-33540,RA-33639,Studio Room,
A-92994,RA-97068,Premium Room,Double Bed|200 sq.ft|3 Adults|Blanket|Air conditioning|Fan
A-17611,RA-61509,Suite Room · City view,Double Bed|300 sq.ft|3 Adults|Blanket|Water bottle|Attached washroom
A-66532,RA-94960,Deluxe Room · City view,Twin Bed|400 sq.ft|3 Adults|Flat-screen TV|Blanket|TV|Air conditioning|Towels
A-99176,RA-09268,Standard Double Room · City view,Double Bed|150 sq.ft|3 Adults|Fridge|Air conditioning|Towels|Private bathroom|Fan|Shower
A-39489,RA-58855,Basic Double Room,
A-31301,RA-91769,Twin Beded Room,Twin Bed|240 sq.ft|2 Adults|Blackout curtains|Blanket|TV|Air conditioning|WiFi access
A-98490,RA-23312,Standard Room · City view,Double Bed|100 sq.ft|3 Adults|Blanket|Water bottle|Attached washroom
A-48328,RA-05018,"Standard Room, 2 Twin Beds, Balcony",200 sq.ft|2 Adults|Coffee machine|Fridge|Minibar|Blackout curtains|Wardrobe/closet
A-77597,RA-67489,Deluxe Double Room · City view,QueenBed|2 Adults|Wardrobe/closet|TV|Air conditioning|Toiletries|Body soap
A-74776,RA-36810,House,
A-05967,RA-60756,Double non ac · Balcony,Double Bed|169 sq.ft|2 Adults|Blackout curtains|Duvet|Blanket|Air conditioning|Non-feather pillow
A-36575,RA-99912,Private Suite Rooms,King Bed|1009 sq.ft|2 Adults|Blackout curtains|Flat-screen TV|Blanket|TV|Air conditioning
A-67065,RA-60948,Superior Double Room · City view,Double Bed|215 sq.ft|3 Adults|Minibar|Blackout curtains|Flat-screen TV|Duvet|Linens
A-27338,RA-71456,Deluxe AC Room · City view,Double Bed|140 sq.ft|3 Adults|Blanket|TV|Air conditioning|Toiletries|Towels
A-77913,RA-04461,Standard Double Room · City view,Double Bed|200 sq.ft|2 Adults|Fridge|TV|Air conditioning|Towels|Fan
A-32195,RA-82250,Deluxe Queen Room · City view,Queen Bed|256 sq.ft|3 Adults|Blanket|TV|Air conditioning|WiFi access|Water bottle
A-37004,RA-31390,Deluxe Twin,Twin Bed|140 sq.ft|2 Adults|Blanket|Toiletries|WiFi access|Water bottle|Attached washroom
A-10603,RA-56062,Standard Room (Non- AC) · City view,King Bed|100 sq.ft|2 Adults|Wardrobe/closet|Blanket|TV|Toiletries|WiFi access
A-96215,RA-87801,Deluxe Executive Room · City view,Double Bed|110 sq.ft|3 Adults|Blanket|Attached washroom|Fan
A-75138,RA-27004,Executive Suite · City view,Double Bed|250 sq.ft|3 Adults|Flat-screen TV|Wardrobe/closet|Blanket|TV|Air conditioning
A-08087,RA-85433,Standard AC Room · City view,Double Bed|225 sq.ft|3 Adults|Flat-screen TV|Blanket|TV|Air conditioning|Toiletries
A-25683,RA-09375,Deluxe Room · City view,Double Bed|120 sq.ft|2 Adults|Blackout curtains|Blanket|TV|Air conditioning|WiFi access
A-83693,RA-00149,AZURE Suite Apartment A8,
A-21720,RA-21865,Executive Room,King Bed|220 sq.ft|3 Adults|Fridge|Blackout curtains|Flat-screen TV|Linens|Wardrobe/closet
A-87784,RA-71079,"Basic Single Room, City View",
A-47283,RA-36006,Deluxe AC Room,Queen Bed|180 sq.ft|2 Adults|Blanket|Attached washroom|Fan|Disabled access
A-49149,RA-00196,Standard Double,Double Bed|180 sq.ft|2 Adults|Blanket|TV|Toiletries|Towels|WiFi access
A-97408,RA-80536,Premium,Double Bed|125 sq.ft|2 Adults|Flat-screen TV|Attached washroom|Fan
A-56393,RA-46854,Premium Room,Double Bed|121 sq.ft|3 Adults|Fridge|Blackout curtains|Blanket|TV|Ironing facilities
A-71634,RA-30217,Deluxe AC Room,
A-33571,RA-80607,Premium Room,Double Bed|140 sq.ft|2 Adults|Flat-screen TV|Linens|Wake up service|TV|Air conditioning
A-45995,RA-51233,Family Room · City view,Double Bed|800 sq.ft|3 Adults|Fridge|Blanket|Water bottle|Attached washroom|Fan
A-81270,RA-49405,Classic Room,3 Adults|Separate living room|Blanket|TV|Air conditioning|Toiletries
A-45995,RA-33306,Deluxe Room with Balcony,Double Bed|199 sq.ft|3 Adults|Fridge|Blanket|Water bottle|Attached washroom|Fan
A-86774,RA-64077,Zari,King Bed|288 sq.ft|3 Adults|Blackout curtains|Flat-screen TV|Duvet|TV|Air conditioning
A-93843,RA-04202,Villa · City view,King Bed|400 sq.ft|12 Adults|Blanket|Iron|WiFi access|Attached washroom|Fan
A-77931,RA-86752,Suite Room,Double Bed|1009 sq.ft|3 Adults|Flat-screen TV|Duvet|Wake up service|Air conditioning|Cushions
A-71255,RA-59559,Premium,Double Bed|125 sq.ft|2 Adults|Wardrobe/closet|Blanket|TV|Air conditioning|Toiletries
A-75372,RA-29571,Mandarin,King Bed|360 sq.ft|2 Adults|Blanket|TV|WiFi access|Attached washroom
A-18462,RA-28134,Superior Twin Room,194 sq.ft|2 Guests|Tea/coffee maker|Minibar|Flat-screen TV|Sofa|Linens
A-76554,RA-70232,Premium Studio,
A-70639,RA-03697,Suite Room · City view,Double Bed|200 sq.ft|4 Adults|Wardrobe/closet|Blanket|TV|Air conditioning|Toiletries
A-35881,RA-86447,Premium Cottage,
A-39742,RA-42954,Studio Room (AC) · City view,Double Bed|350 sq.ft|3 Adults|Blanket|TV|Air conditioning|Toiletries|Towels
A-69904,RA-27262,Standard Double Room · City view,Double Bed|260 sq.ft|3 Adults|Fridge|Ironing facilities|Air conditioning|Towels|Private bathroom
A-08114,RA-99732,Premium Twin Room · City view,Single Bed|280 sq.ft|2 Adults|Blanket|Air conditioning|Toiletries|Towels|WiFi access
A-16046,RA-06691,Family Room,2691 sq.ft|3 Guests|Tea/coffee maker|Flat-screen TV|Linens|Wardrobe/closet|Extra long beds (> 6.5 ft)
A-79919,RA-01324,"Deluxe Room, 1 King Bed",
A-36450,RA-49034,Deluxe Triple Room,"FullBed,TwinBed|3 Adults|TV|Private bathroom|Shower|Smoking policy – non-smoking available|Air conditioning|Housekeeping - daily"
A-00029,RA-20418,Standard Double Room,Grand King Bed|220 sq.ft|3 Adults|Tea/coffee maker|Flat-screen TV|TV|Ironing facilities|Iron
A-27707,RA-33589,Standard Room,Queen Bed|140 sq.ft|2 Adults|Flat-screen TV|Wardrobe/closet|Wake up service|Blanket|Ironing facilities
A-04222,RA-20405,Executive Suite · City view,King Bed|361 sq.ft|3 Adults|Blanket|TV|Toiletries|Towels|Hairdryer
A-24746,RA-49211,DELUXE TRIPLE ROOM · City view,Double Bed|368 sq.ft|3 Adults|Blackout curtains|Sofa|Blanket|TV|Air conditioning
A-09828,RA-47834,Executive,Double Bed|200 sq.ft|3 Adults|Fridge|Minibar|Dining table|Sofa|Wardrobe/closet
A-97677,RA-87616,Deluxe room Garden view King Bed · Garden view,King Bed|355 sq.ft|3 Adults|Fridge|Minibar|Blackout curtains|Flat-screen TV|Duvet
A-15644,RA-65785,Executive Superior,King Bed|205 sq.ft|2 Adults|Blackout curtains|Blanket|Air conditioning|WiFi access|Attached washroom
A-69809,RA-19498,Standard Room Non Ac · City view,Double Bed|220 sq.ft|2 Adults|Blanket|WiFi access|Water bottle|Attached washroom|Fan
A-03397,RA-32737,Premium,2 Adults
A-44500,RA-95898,Deluxe Room,Double Bed|120 sq.ft|2 Adults|Blackout curtains|Blanket|TV|Air conditioning|WiFi access
A-21175,RA-21767,Deluxe,Double Bed|125 sq.ft|2 Adults|Wardrobe/closet|Blanket|TV|Towels|Attached washroom
A-81362,RA-42000,Deluxe AC · City view,Double Bed|200 sq.ft|3 Adults|Linens|Blanket|TV|Towels|Cushions
A-20816,RA-25615,Deluxe Double Room · City view,Double Bed|180 sq.ft|3 Adults|Linens|Blanket|Towels|Cushions|Water bottle
A-18163,RA-93815,Deluxe Room,Double Bed|180 sq.ft|2 Adults|Flat-screen TV|Linens|Wardrobe/closet|Wake up service|Blanket
A-95313,RA-87245,Classic Double,Double Bed|100 sq.ft|2 Adults|Blanket|Non-feather pillow|Toiletries|WiFi access|Attached washroom|Fan
A-46361,RA-94053,Deluxe Room,Double Bed|130 sq.ft|2 Adults|Blackout curtains|Blanket|Attached washroom|Fan|Charging points|Dustbin
A-91260,RA-89579,Deluxe Room,Double Bed|2422 sq.ft|3 Adults|Fridge|Wardrobe/closet|Air conditioning|Water bottle|Attached washroom
A-95086,RA-87651,Deluxe · City view,Double Bed|100 sq.ft|2 Adults|Blackout curtains|Air conditioning|Attached washroom|Fan|Charging points|Trash can
A-77338,RA-35638,Classic Triple Room,
A-17586,RA-75566,Double AC Room,194 sq.ft|2 Guests|Linens|Wardrobe/closet|Ironing facilities|Air conditioning|Toiletries
A-31009,RA-58694,Luxury,
A-51374,RA-69968,Glamping Tents · Garden view,Futon|100 sq.ft|2 Adults|Blanket|Toiletries|Water bottle
A-49475,RA-73114,Standard Room,
A-21547,RA-22924,Classic Double or Twin,
A-49502,RA-51595,Deluxe King Room · City view,King Bed|288 sq.ft|3 Adults|Minibar|Blackout curtains|Flat-screen TV|Wardrobe/closet|Blanket
A-24265,RA-18492,Deluxe Room,1938 sq.ft|1 Adult|TV|Air conditioning|Toiletries|Towels|Water bottle
A-21265,RA-62953,Standard Twin Room · City view,TwinBed|192 sq.ft|2 Adults|Minibar|Blackout curtains|Wardrobe/closet|TV|Ironing facilities
A-69239,RA-90133,King Suite · City view,Double Bed|3 Adults|Blanket|Water bottle|Attached washroom|Clothes rack|Fan
A-83654,RA-03645,Standard Double Room,Double Bed|140 sq.ft|2 Adults|Fridge|Ironing facilities|Air conditioning|Towels|Shower
A-16549,RA-48705,Classic,Double Bed|100 sq.ft|3 Adults|Flat-screen TV|Fan
A-00822,RA-40918,Standard Double Room,
A-91931,RA-67021,Standard twin bed · City view,Double Bed|220 sq.ft|3 Adults|Linens|Blanket|TV|Air conditioning|WiFi access
A-66547,RA-25580,"Standard Studio, Park View",
A-95958,RA-92198,Deluxe Room,Double Bed|150 sq.ft|2 Adults|Flat-screen TV|Linens|Wardrobe/closet|Wake up service|Blanket
A-91530,RA-34863,Junior Suite · City view,Double Bed|160 sq.ft|3 Adults|Feather pillow|TV|Ironing facilities|Air conditioning|Towels
A-22249,RA-58929,Flat 01 - 2BHK Apartment · City view,Double Bed|2100 sq.ft|7 Adults|Blanket|Attached washroom|Fan
A-34530,RA-00447,Deluxe AC Room,97 sq.ft|2 Guests|Wardrobe/closet|Air conditioning|Toiletries|Towels|Satellite channels
A-43823,RA-99022,Hoodo Zoe - Country Style Apartment - 202 W Balc,King Bed|475 sq.ft|3 Adults|Fridge|Blackout curtains|Dining table|Sofa|Blanket
A-24259,RA-32575,Standard Room · City view,Double Bed|190 sq.ft|3 Adults|Blanket|Water bottle|Housekeeping|Attached washroom|Clothes rack
A-78517,RA-70113,Classic,100 sq.ft|3 Adults|Flat-screen TV|Attached washroom|Fan
A-96574,RA-85205,Cozy 2BHK Home in Yelahanka,
A-77373,RA-59656,Deluxe Room,199 sq.ft|3 Adults|Blanket|TV|Towels|Water bottle|Attached washroom
A-54577,RA-23162,Standard Room,TwinBed|200 sq.ft|2 Adults|TV|Toiletries|Private bathroom|Shower|Body soap
A-40309,RA-18424,Family Suite Non AC Suite,Double Bed|300 sq.ft|4 Adults|Blanket|TV|WiFi access|Water bottle|Attached washroom
A-79411,RA-11055,Executive King Room With Balcony · Balcony,King Bed|230 sq.ft|2 Adults|Blanket|Attached washroom|Fan
A-40259,RA-93181,Deluxe King Room · City view,463 sq.ft|3 Adults|Spa tub|Coffee machine|Fridge|Minibar|Sofa
A-74166,RA-49583,CLASSIC,Double Bed|130 sq.ft|2 Adults|Blanket|Attached washroom|Fan
A-84793,RA-31887,Executive Room,Double Bed|180 sq.ft|3 Adults|TV|Air conditioning|WiFi access|Water bottle|Attached washroom|Desk
A-50549,RA-73460,Superior Double Room,Queen Bed|150 sq.ft|3 Adults|Blanket|TV|Air conditioning|Towels|WiFi access
A-04703,RA-59356,Deluxe Room,302 sq.ft|2 Guests|Tea/coffee maker|Blackout curtains|Flat-screen TV|Linens|Wardrobe/closet
A-61268,RA-97357,Deluxe Double Room,3 Guests|Air conditioning
A-73591,RA-23393,Studio Apartment · City view,Double Bed|500 sq.ft|3 Adults|Sofa|Blanket|TV|Air conditioning|Toiletries
A-51060,RA-04833,Deluxe One-Bedroom Apartment · City view,Double Bed|484 sq.ft|3 Adults|Fridge|Wine glasses|Minibar|Dining table|Sofa
A-05982,RA-59749,Deluxe Room,Double Bed|180 sq.ft|3 Adults|Blanket|TV|Toiletries|Towels|WiFi access
A-71634,RA-90584,Standard Non AC Room,
A-33540,RA-02524,Basic Non AC Room,
A-98398,RA-64176,Deluxe Room · City view,King Bed|120 sq.ft|3 Adults|Blanket|Water bottle|Attached washroom
A-33081,RA-77557,Deluxe Double Room · City view,Double Bed|120 sq.ft|2 Adults|Blanket|TV|WiFi access|Water bottle|Attached washroom
A-92098,RA-15577,Superior Suite,
A-88850,RA-55589,Deluxe Queen,Double Bed|2 Adults|Fridge|Minibar|Blackout curtains|Flat-screen TV|Duvet
A-63881,RA-73109,Super Deluxe Room,216 sq.ft|2 Guests|Fridge|Flat-screen TV|Linens|Wardrobe/closet|Air conditioning
A-24747,RA-13047,Deluxe Room,180 sq.ft|2 Adults|TV|Air conditioning|Towels|Private bathroom|Fan|Shower
A-83767,RA-13295,AC 2-Bedroom Family House,
A-09919,RA-49921,STANDARD DOUBLE ROOM NON AC · City view,Double Bed|160 sq.ft|3 Adults|Blanket|Water bottle|Attached washroom|Clothes rack|Fan|Charging points
A-34530,RA-85080,Quadruple Room for 4 People,97 sq.ft|4 Guests|Wardrobe/closet|Toiletries|Satellite channels|Water bottle|Fan
A-76472,RA-88796,Standard room · City view,Double Bed|250 sq.ft|2 Adults|Fridge|Sofa|Wardrobe/closet|Blanket|TV
A-29218,RA-74535,Base Room,Double Bed|180 sq.ft|2 Adults|Blanket|TV|Air conditioning|Toiletries|Towels
A-53396,RA-12600,Deluxe Twin Room · City view,Twin Bed|110 sq.ft|3 Adults|Fridge|Wardrobe/closet|Blanket|TV|Air conditioning
A-27459,RA-04742,Standard Queen,Queen Bed|120 sq.ft|2 Adults|Flat-screen TV|Air conditioning|WiFi access|Attached washroom|Fan
A-46927,RA-52537,Studio Apartment,
A-91540,RA-64360,Classic Triple Room,108 sq.ft|3 Guests|Flat-screen TV|Linens|Wardrobe/closet|TV|Air conditioning
A-99326,RA-68092,Deluxe Studio Twin,Twin Bed|215 sq.ft|3 Adults|Fridge|Blackout curtains|Flat-screen TV|Duvet|Linens
A-87285,RA-46570,Studio,
A-57307,RA-27246,Executive Room AC · City view,Double Bed|180 sq.ft|3 Adults|Wardrobe/closet|Blanket|TV|Air conditioning|Toiletries
A-36138,RA-61496,Standard Double Room,King Bed|150 sq.ft|2 Adults|Flat-screen TV|Blanket|TV|Iron|Air conditioning
A-72499,RA-78993,Superior Studio · City view,King Bed|300 sq.ft|3 Adults|Flat-screen TV|Sofa|Wardrobe/closet|Blanket|TV
A-24137,RA-54138,Budget Room NON AC · City view,Double Bed|180 sq.ft|3 Adults|Blanket|Air conditioning|Towels|Housekeeping|Attached washroom
A-60457,RA-91872,Superior City View,181 sq.ft|2 Guests|Flat-screen TV|Linens|Wardrobe/closet|TV|Ironing facilities
A-77955,RA-88643,Deluxe Triple Room,
A-19664,RA-03835,Standard Double Non AC · City view,Double Bed|100 sq.ft|3 Adults|Wardrobe/closet|Blanket|TV|Toiletries|Towels
A-80720,RA-75417,Large 1 Bedroom Apartment · City view,King Bed|225 sq.ft|6 Adults|Fridge|Wardrobe/closet|Blanket|TV|Toiletries
A-11861,RA-55248,Deluxe Room,180 sq.ft|3 Adults|TV|Air conditioning|Toiletries|Private bathroom|Shower
A-13089,RA-75090,Deluxe Room,173 sq.ft|2 Guests|Flat-screen TV|Wardrobe/closet|Air conditioning|Toiletries|Water bottle
A-83102,RA-04770,Deluxe Room with King Bed,
A-95708,RA-49093,Double Room · City view,Double Bed|200 sq.ft|2 Adults|Blanket|Water bottle|Attached washroom|Accessible by elevator
A-92314,RA-12320,Deluxe Suite · City view,King Bed|700 sq.ft|3 Adults|Fridge|Minibar|Blackout curtains|Flat-screen TV|Separate living room
A-14531,RA-99350,Family Room,
A-99088,RA-88898,Deluxe Double or Twin Room · City view,Double Bed|170 sq.ft|3 Adults|Blackout curtains|Wardrobe/closet|Blanket|TV|Ironing facilities
A-83767,RA-46213,Non - AC Standard Room,539 sq.ft|2 Guests
A-47073,RA-58331,Twin Bed Room,
A-29264,RA-34942,DELUXE ROOM · City view,Double Bed|220 sq.ft|3 Adults|Fridge|Blanket|TV|Towels|Water bottle
A-49623,RA-86006,Superior Deluxe Room - King Bed · City view,King Bed|300 sq.ft|3 Adults|Fridge|Wardrobe/closet|Blanket|TV|Air conditioning
A-98127,RA-67828,Deluxe Room,
A-89909,RA-08378,Family Room,Double Bed|140 sq.ft|4 Adults|Blanket|Water bottle|Attached washroom
A-51506,RA-59576,Family AC Room,King Bed|310 sq.ft|3 Adults|Flat-screen TV|Blanket|TV|Air conditioning|Toiletries
A-41210,RA-48217,"Superior Room, 1 King Bed, Non Smoking",KingBed|220 sq.ft|3 Adults|Minibar|Blackout curtains|Wardrobe/closet|Toiletries|Hairdryer
A-38250,RA-42344,Family Room,3230 sq.ft|3 Guests|Air conditioning|LAN Internet access|Smoking policy – non-smoking available
A-63145,RA-93537,Standard Twin Room,
A-21473,RA-85928,Superior Room - 1 Double Bed 25SQM WiFi Shower,
A-10665,RA-98869,Standard Room,Double Bed|266 sq.ft|3 Adults|Separate living room|Blanket|TV|Ironing facilities|Hairdryer
A-05799,RA-80139,Classic,Double Bed|100 sq.ft|3 Adults|Flat-screen TV|Fan
A-91102,RA-67131,Deluxe Room,Queen Bed|225 sq.ft|2 Adults|Blackout curtains|Blanket|TV|Air conditioning|WiFi access
A-78816,RA-00108,D-Luxe Twin Room · City view,Twin Bed|200 sq.ft|2 Adults|Tea/coffee maker|Fridge|Flat-screen TV|Linens|Wake up service
A-10839,RA-37580,Standard Room · City view,Double Bed|110 sq.ft|3 Adults|Blanket|Attached washroom|Fan
A-47887,RA-00164,Suite Room · Pool view,Double Bed|324 sq.ft|2 Adults|Blanket|Air conditioning|WiFi access|Water bottle|Attached washroom
A-26343,RA-67030,Executive Room,King Bed|100 sq.ft|2 Adults|Flat-screen TV|Wake up service|TV|Air conditioning|Toiletries
A-86677,RA-16328,Deluxe Room,
A-10329,RA-47184,Executive Double or Twin Room · City view,Twin Bed|168 sq.ft|3 Adults|Sofa|Wardrobe/closet|TV|Air conditioning|Toiletries
A-71727,RA-82241,Standard Rooms,6459 sq.ft|1 Adult|Fridge|Sofa|TV|Air conditioning|Washing machine
A-22593,RA-15071,SUITE ROOM · City view,Double Bed|119 sq.ft|2 Adults|Duvet|Feather pillow|Wake up service|Blanket|Ironing facilities
A-09718,RA-94180,Basic Room,
A-99088,RA-61508,Standard Double Room · City view,Queen Bed|225 sq.ft|3 Adults|Dining area|Sofa|Wardrobe/closet|Blanket|TV
A-44289,RA-46652,Executive Room · City view,Double Bed|199 sq.ft|3 Adults|Fridge|Blanket|Air conditioning|Water bottle|Attached washroom
A-08029,RA-68252,Standard Twin,Twin Bed|140 sq.ft|2 Adults|Wardrobe/closet|Blanket|Toiletries|WiFi access|Water bottle
A-99280,RA-24523,Superior Double or Twin,1 double bed|248 sq.ft|2 Guests|Tea/coffee maker|Fridge|Minibar|Flat-screen TV|Sofa
A-49596,RA-08231,Presidential Double Room,
A-07571,RA-55027,Entire 2BHK Luxury Apartment · City view,Double Bed|800 sq.ft|4 Adults|Blanket|TV|Air conditioning|WiFi access|Water bottle
A-27592,RA-18274,Terrace with 2 Rooms · City view,Queen Bed|400 sq.ft|4 Adults|Blanket|Attached washroom|Fan
A-34839,RA-94985,Studio Apartment with Kitchenette · City view,Queen Bed|210 sq.ft|3 Adults|Blanket|Attached washroom|Fan
A-24746,RA-44437,STANDARD ROOM WITH FAN · City view,Double Bed|120 sq.ft|3 Adults|Blanket|Air conditioning|Attached washroom|Fan
A-67636,RA-95300,"Club lounge access, Guest room, 2 Queen",Queen Bed|420 sq.ft|3 Adults|Tea/coffee maker|Minibar|Duvet|Feather pillow|Streaming services
A-54747,RA-68270,Two Bedroom Pool Villa,
A-81060,RA-92209,Deluxe Room · City view,Double Bed|120 sq.ft|2 Adults|Wardrobe/closet|Desk|Trash can
A-72362,RA-75550,Deluxe Room · City view,Double Bed|120 sq.ft|3 Adults|Separate living room|TV|Air conditioning|Toiletries|Towels
A-99080,RA-10825,Suite Room · City view,Double Bed|130 sq.ft|3 Adults|Fridge|Blanket|Water bottle|Attached washroom|Desk
A-13926,RA-47298,Studio Executive,Queen Bed|500 sq.ft|2 Adults|Blackout curtains|Sofa|Blanket|TV|Air conditioning
A-85340,RA-17690,"Guest room, 1 King",King Bed|344 sq.ft|3 Adults|Tea/coffee maker|Minibar|Duvet|Feather pillow|Air conditioning
A-56365,RA-90360,Family Room · City view,Double Bed|180 sq.ft|3 Adults|Flat-screen TV|Linens|Blanket|TV|Air conditioning
A-06028,RA-31003,Premium Room · City view,King Bed|230 sq.ft|3 Adults|Blanket|Water bottle|Housekeeping|Attached washroom|Clothes rack
A-94651,RA-29224,Superior Room · City view,Double Bed|396 sq.ft|3 Adults|Blanket|Air conditioning|WiFi access|Cushions|Water bottle
A-69003,RA-39205,Standard Room Non-A/C · City view,Double Bed|110 sq.ft|3 Adults|Attached washroom|Fan|Disabled access
A-10733,RA-25240,Executive Suite Room · City view,Double Bed|520 sq.ft|3 Adults|Blanket|TV|Air conditioning|WiFi access|Water bottle
A-25031,RA-60637,"Room, 2 Twin Beds",TwinBed|377 sq.ft|3 Adults|Pillow menu|Wine/champagne|Coffee machine|Fridge|Minibar
A-16795,RA-44413,Deluxe Room · City view,Double Bed|150 sq.ft|2 Adults|Dining area|Dining table|Sofa|Wardrobe/closet|Blanket
A-72499,RA-93386,Queen Studio · City view,Queen Bed|260 sq.ft|3 Adults|Flat-screen TV|Wardrobe/closet|Blanket|TV|Iron
A-71195,RA-62997,Deluxe Double Room · City view,Double Bed|3 Adults|Blanket|TV|WiFi access|Water bottle|Attached washroom
A-90073,RA-79693,Standard Room · City view,King Bed|200 sq.ft|2 Adults|Blanket|TV|Air conditioning|Toiletries|Towels
A-21949,RA-26537,Three Bedroom Penthouse Apartment · City view,Double Bed|538 sq.ft|8 Adults|Fridge|Blanket|TV|Air conditioning|WiFi access
A-76999,RA-95286,Non - AC Standard Room,2691 sq.ft|2 Guests|Air conditioning
A-40922,RA-08816,Standard Double Room,
A-41437,RA-16509,Executive Room,259 sq.ft|2 Guests|Air conditioning
A-79639,RA-91369,Superior Room,
A-30053,RA-39309,Standard Room,
A-28921,RA-63596,Standard Room · City view,Double Bed|150 sq.ft|3 Adults|Blackout curtains|Duvet|TV|Air conditioning|Non-feather pillow
A-18885,RA-05191,Standard Double Room · City view,King Bed|180 sq.ft|2 Adults|Wine glasses|Blackout curtains|Wardrobe/closet|Blanket|TV
A-86454,RA-62718,Deluxe Room,Double Bed|180 sq.ft|2 Adults|Flat-screen TV|Linens|Blanket|TV|Air conditioning
A-61151,RA-03955,Standard Room,Double Bed|123 sq.ft|3 Adults|Blanket|Attached washroom|Fan
A-22138,RA-29750,Standard 1BHK · City view,Queen Bed|240 sq.ft|3 Adults|Blanket|Attached washroom|Fan
A-23797,RA-16752,Premium Double Room · City view,King Bed|150 sq.ft|3 Adults|Blackout curtains|Flat-screen TV|Wardrobe/closet|Blanket|TV
A-27543,RA-90624,Guest House Twin Room,
A-57296,RA-01094,Executive,
A-23224,RA-12701,Triple Ac Room · City view,Double Bed|350 sq.ft|4 Adults|TV|Air conditioning|Water bottle|Housekeeping|Laundry
A-02656,RA-83551,Classic,100 sq.ft|3 Adults|Flat-screen TV|Attached washroom|Fan
A-30464,RA-65933,Deluxe room - 1 Double Bed · City view,Double Bed|240 sq.ft|3 Adults|Blanket|Water bottle|Attached washroom
A-15806,RA-44711,Classic Twin Room,
A-68661,RA-80701,Classic Room,2 Adults|Wardrobe/closet|TV|Air conditioning|Towels|Fan|Shower
A-97856,RA-44601,Deluxe,
A-13113,RA-51306,Deluxe Family Room,
A-58710,RA-64901,Club King · City view,Double Bed|300 sq.ft|2 Adults|Air conditioning|Water bottle|Attached washroom|Accessible by elevator
A-49949,RA-66548,"3 Bedroom Apartment, City view",1507 sq.ft|2 Guests|Linens|Wardrobe/closet|Ironing facilities|Air conditioning|Washing machine
A-21993,RA-34677,Double Room · City view,Double Bed|160 sq.ft|2 Adults|Dining table|Linens|Feather pillow|Wardrobe/closet|Blanket
A-84916,RA-56328,Deluxe Room,
A-34839,RA-28200,Superior One-Bedroom Apartment with Balcony · City view,Queen Bed|450 sq.ft|4 Adults|Fridge|Blackout curtains|Flat-screen TV|Sofa|Blanket
A-09942,RA-39346,Classic,Double Bed|130 sq.ft|2 Adults|Blanket|Attached washroom|Fan
A-41302,RA-01868,Grand Pearl Inn · City view,Double Bed|210 sq.ft|3 Adults|Blanket|Attached washroom|Fan
A-31892,RA-63586,"Suite, Balcony, City View",
A-51096,RA-63802,Deluxe Double Room,
A-68716,RA-98779,One Bedroom Suite · City view,Queen Bed|220 sq.ft|3 Adults|Blanket|Water bottle|Attached washroom|Clothes rack|Fan
A-36856,RA-94060,Deluxe · Garden view,Double Bed|250 sq.ft|3 Adults|Blanket|Water bottle|Attached washroom
A-67415,RA-51294,Deluxe Double Room (AC),FullBed|110 sq.ft|3 Adults|Wardrobe/closet|TV|Private bathroom|Shower|Body soap
A-51291,RA-48636,1BHK (AC in Bedroom) · City view,Double Bed|375 sq.ft|3 Adults|Blanket|TV|Air conditioning|Toiletries|WiFi access
A-07837,RA-79603,Standard Room,Double Bed|125 sq.ft|2 Adults|Blanket|Fan|First aid kit
A-08168,RA-63506,One Bedroom Apartment / Grand Royal Suite · City view,King Bed|600 sq.ft|3 Adults|Fridge|Blackout curtains|Sofa|Blanket|TV
A-64257,RA-35417,Classic Double or Twin,108 sq.ft|3 Guests|Flat-screen TV|Linens|Wardrobe/closet|TV|Air conditioning
A-27140,RA-79877,Super Deluxe AC,3230 sq.ft|2 Guests|Sofa|Air conditioning|Private bathroom|Mirror|Desk|Free WiFi
A-30420,RA-63139,Deluxe Twin,237 sq.ft|2 Guests|Blackout curtains|Flat-screen TV|Linens|Wardrobe/closet|Ironing facilities
A-25363,RA-57039,Premium King,
A-02304,RA-86748,Oakwood · City view,Double Bed|200 sq.ft|3 Adults|Blanket|TV|Fan|Shower
A-33183,RA-08893,Super Deluxe · City view,Double Bed|100 sq.ft|3 Adults|Fridge|TV|Towels|Shower|Dental kit|Trash can
A-39184,RA-03403,Executive AC Room · City view,Double Bed|210 sq.ft|3 Adults|Fridge|Flat-screen TV|Wardrobe/closet|Blanket|TV
A-50074,RA-78143,Executive Twin Room,
A-00754,RA-03576,Deluxe Room,190 sq.ft|3 Adults|Wardrobe/closet|TV|Ironing facilities|Private bathroom|Dental kit
A-27944,RA-24491,Premium Room · City view,King Bed|200 sq.ft|3 Adults|Private pool|Fridge|Minibar|Separate living room|Dining table
A-62556,RA-49634,Standard Double or Twin Room,Double Bed|150 sq.ft|3 Adults|Fridge|TV|Air conditioning|Toiletries|WiFi access
A-09922,RA-80272,Villa · City view,King Bed|400 sq.ft|12 Adults|Blanket|Iron|WiFi access|Attached washroom|Fan
A-76472,RA-91225,Studio,Double Bed|300 sq.ft|2 Adults|Fridge|Sofa|Wardrobe/closet|Blanket|TV
A-22601,RA-00561,Deluxe Double Room · City view,Double Bed|200 sq.ft|3 Adults|Fridge|TV|Air conditioning|Towels|Shampoo|Desk
A-80903,RA-19416,Deluxe Room,Double Bed|375 sq.ft|3 Adults|Wardrobe/closet|Blanket|TV|Air conditioning|Towels
A-36702,RA-61370,Standard Room,Double Bed|120 sq.ft|3 Adults|Blanket|WiFi access|Attached washroom|Fan|Desk|First aid kit
A-22152,RA-12825,Deluxe Room · City view,Double Bed|3 Adults|Wardrobe/closet|Blanket|TV|Air conditioning|WiFi access
A-26193,RA-02438,Deluxe Room,Double Bed|200 sq.ft|2 Adults|Flat-screen TV|Linens|Wardrobe/closet|Wake up service|TV
A-39845,RA-46920,Deluxe room,Double Bed|210 sq.ft|3 Adults|Blanket|Attached washroom|Fan
A-10311,RA-15380,Deluxe Twin Room · City view,Double Bed|220 sq.ft|3 Adults|Fridge|Minibar|Wardrobe/closet|Blanket|TV
A-74509,RA-55179,Deluxe King Room · City view,King Bed|240 sq.ft|3 Adults|Tea/coffee maker|Coffee machine|Fridge|Minibar|Blackout curtains
A-91211,RA-75708,2 Bedroom Apartment,646 sq.ft|4 Guests|Fridge|Flat-screen TV|Linens|Wardrobe/closet|TV
A-25030,RA-04365,Studio Room · City view,Double Bed|225 sq.ft|2 Adults|Blanket|TV|Air conditioning|Toiletries|Attached washroom
A-63067,RA-73971,Standard Room,
A-20808,RA-94756,Adjoining Club Room · City view,Double Bed|300 sq.ft|3 Adults|Fridge|Minibar|Separate living room|Wardrobe/closet|Blanket
A-09722,RA-34231,Classic with Balcony,King Bed|140 sq.ft|2 Adults|Blackout curtains|Fan|Charging points
A-51506,RA-75280,Suite Room · City view,Queen Bed|150 sq.ft|3 Adults|Flat-screen TV|Blanket|TV|Air conditioning|Toiletries
A-82326,RA-97338,Executive Suite · City view,Double Bed|267 sq.ft|3 Adults|Blanket|Attached washroom|Fan
A-22804,RA-64208,"Suite, 1 King Bed with Sofa bed",
A-61263,RA-50337,Deluxe Room,
A-59205,RA-72837,Premium Room · City view,KingBed|213 sq.ft|3 Adults|Wardrobe/closet|Air conditioning|Toiletries|Shower|Body soap
A-54079,RA-30785,Premium Suite · City view,Double Bed|320 sq.ft|3 Adults|Fridge|Air conditioning|Water bottle|Attached washroom|Fan
A-35201,RA-67353,"Deluxe Room, 2 Twin Beds (Deluxe Twin Room)",301 sq.ft|3 Adults|Fridge|Ironing facilities|Air conditioning|Water bottle|Housekeeping
A-59269,RA-72866,Deluxe Room · City view,King Bed|144 sq.ft|3 Adults|Blanket|TV|Air conditioning|Water bottle|Housekeeping
A-48781,RA-02996,"Executive Room, Smoking",280 sq.ft|2 Adults|Coffee machine|Dining area|TV|Ironing facilities|Toiletries
A-41510,RA-71339,"Penthouse Quad W/ Kitchen, Terrace & Bathtub · City view",King Bed|475 sq.ft|4 Adults|Blanket|TV|WiFi access|Attached washroom|Trash can
A-40259,RA-35348,Club Room King · Pool view,569 sq.ft|2 Adults|Spa tub|Coffee machine|Fridge|Minibar|Sofa
A-36124,RA-30264,Classic Triple Room,130 sq.ft|3 Guests|Flat-screen TV|Linens|Wardrobe/closet|TV|Air conditioning
A-82326,RA-25608,Deluxe Room · City view,Double Bed|242 sq.ft|3 Adults|Blanket|Attached washroom|Fan
A-68739,RA-76427,Studio Room Non-A/C · City view,Double Bed|120 sq.ft|2 Adults|Wardrobe/closet|Blanket|TV|WiFi access|Water bottle
A-46554,RA-25168,Deluxe Room,FullBed|150 sq.ft|2 Adults|Wardrobe/closet|Toiletries|Private bathroom|Shower|Toilet paper
A-81095,RA-81113,Deluxe Room · City view,Double Bed|150 sq.ft|2 Adults|Flat-screen TV|Linens|TV|Towels|Cushions
A-33372,RA-03533,Executive · Grounds,375 sq.ft|3 Adults|Tea/coffee maker|Fridge|Minibar|Flat-screen TV|TV
A-26350,RA-21284,Bungalow,43056 sq.ft|8 Guests|Tea/coffee maker|Linens|Wardrobe/closet|TV|Ironing facilities
A-16046,RA-99119,Standard,1723 sq.ft|2 Guests|Tea/coffee maker|Flat-screen TV|Linens|Wardrobe/closet|TV
A-43116,RA-38909,Suite,
A-21302,RA-56342,Deluxe Room · City view,Double Bed|125 sq.ft|3 Adults|Minibar|Flat-screen TV|Blanket|TV|Toiletries
A-99774,RA-68614,Two Bedroom Apartment,1000 sq.ft|4 Guests|Fridge|Blackout curtains|Flat-screen TV|Separate living room|Sofa
A-61587,RA-43001,Deluxe Room · City view,Double Bed|3 Adults|Blanket|TV|Air conditioning|Toiletries|WiFi access
A-25948,RA-13316,Classic with Balcony,King Bed|110 sq.ft|2 Adults|Blackout curtains|Fan|Charging points
A-47196,RA-75685,Premium,2 Guests
A-89937,RA-07830,Deluxe Room Ac,Double Bed|150 sq.ft|3 Adults|Blanket|Air conditioning|Fan
A-08350,RA-00409,Queen Room,Double Bed|200 sq.ft|2 Adults|Blanket|TV|Toiletries|WiFi access|Water bottle
A-27918,RA-73945,Suite,6297 sq.ft|2 Guests|Tea/coffee maker|Fridge|Flat-screen TV|Sofa|Linens
A-33875,RA-93154,Studio with Balcony,323 sq.ft|2 Guests|Tea/coffee maker|Wine glasses|Minibar|Flat-screen TV|Linens
A-04257,RA-02258,Deluxe suite,King Bed|240 sq.ft|2 Adults|Blackout curtains|Blanket|TV|Air conditioning|Toiletries
A-67636,RA-34056,"Guest room, 2 Queen",Queen Bed|420 sq.ft|3 Adults|Tea/coffee maker|Minibar|Duvet|Feather pillow|Streaming services
A-15551,RA-86131,Double Non A/c room · City view,Double Bed|240 sq.ft|3 Adults|Wardrobe/closet|Blanket|TV|Ironing facilities|Air conditioning
A-91931,RA-94078,Deluxe Rooms · City view,Double Bed|168 sq.ft|3 Adults|Linens|Blanket|TV|Air conditioning|Towels
A-29054,RA-58564,Standard Non AC Room · City view,Double Bed|200 sq.ft|3 Adults|Blackout curtains|Wardrobe/closet|Blanket|TV|Heating
A-99316,RA-50291,Superior One Bedroom Apartment · City view,King Bed|400 sq.ft|4 Adults|Fridge|Wine glasses|Blackout curtains|Dining table|Sofa
A-62237,RA-37067,Classic,Double Bed|97 sq.ft|2 Adults|Flat-screen TV|TV|Air conditioning|WiFi access|Housekeeping
A-64468,RA-04933,Standard Twin,Twin Bed|120 sq.ft|2 Adults|Blanket|Toiletries|Towels|WiFi access|Water bottle
A-56860,RA-50226,Standard Double Room · City view,Double Bed|150 sq.ft|2 Adults|TV|Air conditioning|Towels|Fan|Shower
A-35718,RA-95883,Deluxe Room Non AC · Garden view,Double Bed|200 sq.ft|3 Adults|Blanket|Attached washroom|Fan
A-02732,RA-79235,Jugglers Rest Spacez Luxury Villa · City view,Double Bed|150 sq.ft|15 Adults|Blanket|Attached washroom|Fan
A-15551,RA-71240,Deluxe Triple Ac Room · City view,Triple Bed|320 sq.ft|4 Adults|Wardrobe/closet|Blanket|Air conditioning|Water bottle|Attached washroom
A-64282,RA-42515,Classic Room,
A-49016,RA-82337,Deluxe Double · City view,Double Bed|161 sq.ft|2 Adults|Wardrobe/closet|Blanket|TV|Air conditioning|Toiletries
A-37259,RA-68609,Premium Queen,Double Bed|250 sq.ft|3 Adults|Blanket|TV|Air conditioning|Toiletries|Towels
A-28166,RA-00593,"Standard Double Room, Balcony, City View",
A-83475,RA-28173,1 BHK Premier Residence · City view,Double Bed|200 sq.ft|3 Adults|Fridge|Minibar|Blackout curtains|Flat-screen TV|Sofa
A-92229,RA-78568,Presidential Suite,Double Bed|440 sq.ft|2 Adults|Blanket|Attached washroom|First aid kit
A-54664,RA-65454,2BHK Apartment · City view,Double Bed|1800 sq.ft|3 Adults|Blackout curtains|Sofa|Blanket|TV|Air conditioning
A-71536,RA-07653,Standard Double Room,Double Bed|190 sq.ft|2 Adults|Blanket|TV|Toiletries|WiFi access|Water bottle
A-40610,RA-25737,Deluxe Room,Double Bed|170 sq.ft|2 Adults|Flat-screen TV|Linens|Blanket|TV|Air conditioning
A-64948,RA-02430,Deluxe Double Room,
A-57864,RA-03678,"Family Double Room, Multiple Beds, Kitchen",
A-07762,RA-71151,Misty Blue - Entire 2 BHK Serviced Apartment · City view,Double Bed|1300 sq.ft|4 Adults|Sofa|Blanket|TV|Air conditioning|Toiletries
A-21949,RA-12624,6 Bedroom Penthouse Apartment · City view,Double Bed|10 Adults|Fridge|Blanket|TV|Air conditioning|WiFi access
A-93466,RA-29062,Deluxe · City view,Double Bed|180 sq.ft|3 Adults|Sofa|Blanket|TV|Ironing facilities|Air conditioning
A-23921,RA-79128,Executive Room with Queen Bed · City view,Queen Bed|200 sq.ft|3 Adults|Minibar|Wardrobe/closet|Ironing facilities|Air conditioning|Towels
A-72499,RA-29389,King Studio · City view,King Bed|320 sq.ft|3 Adults|Flat-screen TV|Sofa|Wardrobe/closet|Blanket|TV
A-83475,RA-78816,Executive Twin Room · City view,Double Bed|170 sq.ft|2 Adults|Fridge|Minibar|Blackout curtains|Flat-screen TV|Sofa
A-62826,RA-45567,Deluxe Double Room · City view,Double Bed|160 sq.ft|3 Adults|Fridge|TV|Air conditioning|Towels|Private bathroom
A-74511,RA-33055,Private Room 1,130 sq.ft|2 Guests|Blackout curtains|Sofa|Extra long beds (> 6.5 ft)|TV|Air conditioning
A-94572,RA-73420,Super Deluxe King,
A-34839,RA-03968,Superior One-Bedroom Apartment · City view,Queen Bed|450 sq.ft|4 Adults|Fridge|Blackout curtains|Flat-screen TV|Dining area|Sofa
A-35078,RA-43904,Family Suite,
A-63093,RA-42943,Classic,Double Bed|130 sq.ft|2 Adults
A-96708,RA-13880,Two-Bedroom Apartment · City view,Double Bed|800 sq.ft|4 Adults|Blanket|TV|Air conditioning|Water bottle|Housekeeping
A-47196,RA-27542,Executive,2 Guests
A-77891,RA-67258,Executive Double room · City view,Double Bed|3 Adults|Blanket|TV|WiFi access|Attached washroom|Clothes rack
A-02324,RA-31844,Twin Bed Room,
A-21132,RA-30691,Deluxe Room,Double Bed|100 sq.ft|2 Adults|Blanket|TV|Toiletries|Towels|WiFi access
A-06701,RA-40877,Saver Double Room,Double Bed|130 sq.ft|2 Adults|Wardrobe/closet|TV|Air conditioning|Towels|Fan|Shower
A-40470,RA-74099,Premium,
A-96560,RA-30643,Standard Room,King Bed|160 sq.ft|2 Adults|Flat-screen TV|Linens|Blanket|Air conditioning|Toiletries
A-98362,RA-61527,Deluxe Room,Double Bed|150 sq.ft|2 Adults|Flat-screen TV|Dining area|Walk-in closet|Wardrobe/closet|TV
A-49622,RA-95724,Deluxe Room with King Bed · City view,Double Bed|3 Adults|Fridge|Blanket|Air conditioning|WiFi access|Water bottle
A-93482,RA-15254,Family Suite,2 Guests
A-60468,RA-86015,Studio King · City view,King Bed|480 sq.ft|3 Adults|Blackout curtains|Blanket|TV|Air conditioning|WiFi access
A-75779,RA-80679,Studio Double Room · City view,Double Bed|120 sq.ft|3 Adults
A-51452,RA-30864,Super Deluxe Room,Double Bed|135 sq.ft|2 Adults|Blanket|Air conditioning|Attached washroom
A-40232,RA-98362,Executive Double Room,FullBed|2 Adults|Wardrobe/closet|TV|Toiletries|Hairdryer|Private bathroom
A-22748,RA-98902,Presidentials Suite · City view,Double Bed|350 sq.ft|6 Adults|Tea/coffee maker|Coffee machine|Flat-screen TV|Duvet|Wake up service
A-70958,RA-41033,Classic Double or Twin,173 sq.ft|3 Guests|Fridge|Linens|Wardrobe/closet|Air conditioning|Microwave
A-84423,RA-54002,"Double Room, Balcony, City View",
A-14595,RA-80080,Deluxe Room,King Bed|400 sq.ft|3 Adults|Fridge|Dining table|Wardrobe/closet|TV|Kitchen
A-96968,RA-76047,Double Room · City view,Double Bed|100 sq.ft|3 Adults|Blanket|TV|Attached washroom
A-00822,RA-55457,Premium Room,
A-32877,RA-90264,Classic,Double Bed|100 sq.ft|3 Adults|Flat-screen TV|Attached washroom|Fan
A-45995,RA-13408,Deluxe Room Castle View · City view,Double Bed|250 sq.ft|3 Adults|Fridge|Blanket|Water bottle|Attached washroom|Fan
A-08901,RA-72968,Deluxe Six Bed Room · City view,Single Bed|500 sq.ft|6 Adults|Blackout curtains|Wardrobe/closet|Blanket|TV|Air conditioning
A-69042,RA-46945,Family Room,
A-13878,RA-86209,Deluxe Room · City view,Double Bed|180 sq.ft|2 Adults|Blackout curtains|Flat-screen TV|Dining area|Wardrobe/closet|Blanket
A-51905,RA-78013,Standard Double Room · City view,Double Bed|180 sq.ft|2 Adults|Air conditioning|Attached washroom|Charging points
A-54747,RA-22724,Premium Villa with Private Pool,1 Adult|Sofa|Towels|Satellite channels|Mirror|Desk
A-77989,RA-11586,Deluxe,Double Bed|151 sq.ft|2 Adults|Flat-screen TV|Attached washroom|Fan|Dental kit|Charging points|Trash can
A-40727,RA-36857,Suite Room,Queen Bed|250 sq.ft|2 Adults|Flat-screen TV|Dining area|Walk-in closet|Wardrobe/closet|Wake up service
A-72942,RA-62395,Grand Service Apartments · City view,King Bed|450 sq.ft|2 Adults|Minibar|Blanket|TV|Air conditioning|Toiletries
A-00393,RA-80239,Deluxe Room,2691 sq.ft|2 Guests|Flat-screen TV|Wardrobe/closet|Ironing facilities|Air conditioning|Toiletries
A-87391,RA-74038,Deluxe Room,
A-23894,RA-70347,"Club lounge access, Guest room, 1 King",King Bed|398 sq.ft|3 Adults|Tea/coffee maker|Minibar|Duvet|Feather pillow|Streaming services
A-38229,RA-12603,Executive Room · City view,Double Bed|200 sq.ft|3 Adults|Wardrobe/closet|Blanket|TV|Air conditioning|WiFi access
A-28197,RA-00095,Double Room,151 sq.ft|2 Guests|Blackout curtains|Flat-screen TV|Linens|Wardrobe/closet|TV
A-36024,RA-89443,"Premium Suite, 1 King Bed with Sofa bed, City View · City view","KingBed,SofaBed|2 Adults|Toiletries|Hairdryer|Kitchenette|Shower|Body soap"
A-06595,RA-71466,Deluxe Room · City view,Double Bed|120 sq.ft|3 Adults|Flat-screen TV|Linens|Blanket|TV|Towels
A-23116,RA-52672,Executive Room · City view,Double Bed|200 sq.ft|3 Adults|Fridge|Sofa|Air conditioning|WiFi access|Water bottle
A-56425,RA-89728,Standard King Room,King Bed|150 sq.ft|3 Adults|Blanket|Attached washroom|Fan
A-63347,RA-54266,Executive AC Room · City view,King Bed|12 sq.ft|3 Adults|Linens|Wake up service|Blanket|TV|Air conditioning
A-34829,RA-96259,Superior Room,Double Bed|200 sq.ft|3 Adults|Flat-screen TV|Wardrobe/closet|Blanket|TV|Toiletries
A-17519,RA-93003,Deluxe Twin Room Type A,2261 sq.ft|2 Guests|Fridge|Dining table|Linens|Wardrobe/closet|Ironing facilities
A-05014,RA-50944,Junior Studio Suite,
A-41510,RA-05824,Penthouse Twin Beds · City view,Twin Bed|275 sq.ft|4 Adults|Blanket|TV|WiFi access|Attached washroom|Charging points|Trash can
A-83784,RA-30954,Classic Triple Room,108 sq.ft|3 Guests|Linens|TV|Air conditioning|Toiletries|Towels
A-45520,RA-46805,Standard Twin,Twin Bed|140 sq.ft|2 Adults|Blanket|Toiletries|WiFi access|Water bottle|Housekeeping
A-51770,RA-73356,Executive · City view,Grand King Bed|210 sq.ft|3 Adults|Blanket|Air conditioning|Attached washroom|Fan|Accessible by elevator|First aid kit
A-12946,RA-11604,Executive,
A-63591,RA-96233,Deluxe AC room · City view,Double Bed|110 sq.ft|3 Adults|Blanket|Attached washroom|Fan
A-14549,RA-44347,Deluxe,Queen Bed|110 sq.ft|2 Adults|Blackout curtains|Fan|Charging points
A-92314,RA-55490,Deluxe Room Twin Bed · Garden view,Twin Bed|301 sq.ft|2 Adults|Fridge|Blackout curtains|Flat-screen TV|Duvet|Linens
A-87185,RA-76573,Superior Room,151 sq.ft|2 Guests|Tea/coffee maker|Fridge|Air conditioning|Towels|Satellite channels
A-05352,RA-28003,Triple Room,Single Bed|400 sq.ft|4 Adults|Flat-screen TV|Duvet|Blanket|TV|Air conditioning
A-83693,RA-09344,AZURE Suite Apartment A4,
A-31424,RA-73801,Executive Room · City view,Double Bed|350 sq.ft|3 Adults|Linens|Blanket|TV|Air conditioning|Toiletries
A-03256,RA-97176,Classic Deluxe,108 sq.ft|3 Guests|Tea/coffee maker|Minibar|Linens|Air conditioning|Toiletries
A-76112,RA-66681,Executive Twin Rooms @ Fernwood,King Bed|280 sq.ft|2 Adults|Air conditioning|Attached washroom|Accessible by elevator
A-41210,RA-27052,"Premium Room, 1 King Bed, Non Smoking, Garden View · Garden view",KingBed|250 sq.ft|3 Adults|Minibar|Blackout curtains|Wardrobe/closet|Toiletries|Hairdryer
A-45541,RA-03855,"Deluxe Apartment, 1 Queen Bed",
A-77931,RA-35682,Premium Room · City view,Double Bed|240 sq.ft|3 Adults|Air conditioning|Water bottle|Attached washroom|Accessible by elevator
A-22996,RA-48617,1 Bedroom Suite · City view,3 Adults|Fridge|Blanket|TV|Ironing facilities|Water bottle
A-56920,RA-88702,Executive Room · City view,Double Bed|120 sq.ft|3 Adults|Blanket|Water bottle|Attached washroom
A-66190,RA-67957,Standard,Double Bed|160 sq.ft|2 Adults|Blackout curtains|Blanket|Air conditioning|Attached washroom|Fan
A-22319,RA-53704,SUPERIOR SUITE ROOM · City view,Double Bed|350 sq.ft|3 Adults|Fridge|Flat-screen TV|Linens|Wardrobe/closet|Blanket
A-34926,RA-26704,Classic Room,Double Bed|130 sq.ft|2 Adults|Wardrobe/closet|TV|Towels|Fan|Shower
A-29280,RA-56265,Standard Studio · City view,3 Adults|Private bathroom|Shower|Safe|Electric kettle|Slippers
A-56173,RA-57556,Standard Double Room · City view,Double Bed|160 sq.ft|2 Adults|Fridge|TV|Air conditioning|Towels|Fan
A-51638,RA-66698,ABM Suite · City view,Double Bed|175 sq.ft|3 Adults|Minibar|Wardrobe/closet|Blanket|TV|Air conditioning
A-07258,RA-87066,Super Deluxe · City view,Double Bed|250 sq.ft|3 Adults|Blanket|TV|Toiletries|WiFi access|Water bottle
A-97592,RA-05916,Double Deluxe A/c · City view,Double Bed|144 sq.ft|3 Adults|Flat-screen TV|Linens|Blanket|TV|Toiletries
A-57864,RA-49365,"Premium Suite, 1 Queen Bed, Kitchen",
A-63825,RA-73436,Deluxe Non Ac Room · City view,Double Bed|300 sq.ft|3 Adults|Blackout curtains|Linens|Cushions|Water bottle|Housekeeping
A-16623,RA-25759,Premium Room · City view,Twin Bed|480 sq.ft|2 Adults|Blanket|TV|Air conditioning|Toiletries|Towels
A-32094,RA-37301,"Hazel, Suite, 1 Queen, City view · City view",Queen Bed|355 sq.ft|3 Adults|Tea/coffee maker|Air conditioning|Water bottle|Geyser|Safe|Cable channels
A-42346,RA-97537,Classic Double or Twin,
A-45604,RA-18433,Standard Room,Double Bed|100 sq.ft|3 Adults|Blanket|Toiletries|WiFi access|Attached washroom
A-76112,RA-37683,Executive King Rooms @ Fernwood,King Bed|280 sq.ft|2 Adults|Air conditioning|Attached washroom|Accessible by elevator
A-08087,RA-40470,Standard Non AC Room · City view,Double Bed|225 sq.ft|2 Adults|Blanket|TV|WiFi access|Water bottle|Attached washroom
A-13086,RA-84175,Classic Double Room,
A-54503,RA-14204,Studio Deluxe · City view,Double Bed|750 sq.ft|3 Adults|Minibar|Flat-screen TV|Sofa|Linens|Blanket
A-24642,RA-29440,Classic with Balcony,
A-20816,RA-27629,Deluxe Triple Room · City view,Double Bed|144 sq.ft|3 Adults|Linens|Blanket|TV|Towels|Cushions
A-91530,RA-50487,Family Room · City view,Double Bed|160 sq.ft|3 Adults|Feather pillow|TV|Ironing facilities|Air conditioning|Towels
A-34822,RA-14617,Superior Room,302 sq.ft|2 Guests|Tea/coffee maker|Blackout curtains|Flat-screen TV|Sofa|Linens
A-07424,RA-66122,Standard Room · City view,Double Bed|400 sq.ft|3 Adults|Fridge|Blackout curtains|Dining table|Wardrobe/closet|Blanket
A-63497,RA-38048,Executive Room,FullBed|215 sq.ft|2 Adults|Flat-screen TV|Wardrobe/closet|Air conditioning|Heating|Toiletries
A-31169,RA-62354,Studio Room · City view,King Bed|225 sq.ft|3 Adults|Blackout curtains|Blanket|TV|WiFi access|Attached washroom
A-61303,RA-36536,Villa · City view,King Bed|400 sq.ft|10 Adults|Blanket|Iron|WiFi access|Attached washroom|Fan
A-71985,RA-98671,"Cottage, Garden View",
A-12326,RA-61300,Classic,Double Bed|130 sq.ft|3 Adults|Flat-screen TV|Attached washroom|Fan
A-38199,RA-61044,Deluxe with Twin Bed,Double Bed|150 sq.ft|2 Adults|Blackout curtains|Fan|Charging points
A-85613,RA-21538,Deluxe Double Room · City view,Double Bed|166 sq.ft|2 Adults|Tea/coffee maker|Blackout curtains|Flat-screen TV|Linens|Wardrobe/closet
A-99747,RA-69813,Deluxe Room · City view,Double Bed|120 sq.ft|3 Adults|TV|Air conditioning|Toiletries|Towels|Separate dining area
A-11239,RA-17217,Deluxe Room,
A-03801,RA-59465,Deluxe Twin · City view,Twin Bed|275 sq.ft|3 Adults|Blanket|Air conditioning|Attached washroom
A-96156,RA-02365,Standard Twin,Twin Bed|120 sq.ft|2 Adults|Wardrobe/closet|Blanket|Toiletries|Towels|WiFi access
A-51794,RA-57216,"Superior Suite, Multiple Beds (Two Bedroom Premier Suite)",KingBed|1000 sq.ft|6 Adults|Coffee machine|Minibar|Wardrobe/closet|TV|Air conditioning
A-62783,RA-34488,Suites Room · City view,Double Bed|350 sq.ft|3 Adults|Wardrobe/closet|Blanket|Air conditioning|WiFi access|Water bottle
A-72773,RA-68202,Standard,205 sq.ft|3 Guests|Flat-screen TV|Linens|Toiletries|Towels|Clothes rack
A-63269,RA-74431,Deluxe Double Room,
A-82737,RA-99267,Deluxe King,King Bed|2960 sq.ft|2 Adults|Blanket|Attached washroom|Fan|Disabled access
A-14562,RA-80338,Classic Room,1507 sq.ft|2 Guests|Blackout curtains|Sofa|Linens|Wardrobe/closet|TV
A-60930,RA-70091,Executive Room · City view,King Bed|270 sq.ft|2 Adults|Minibar|Blanket|TV|Heating|Towels
A-33767,RA-71483,Deluxe Double Room,Double Bed|170 sq.ft|3 Adults|Fridge|Ironing facilities|Air conditioning|Towels|Shower
A-26489,RA-71739,Superior Double Room,2 Adults|Ironing facilities|Air conditioning|Towels|Fan|Shower
A-35881,RA-28341,Deluxe Air Conditioning,
A-79471,RA-34730,Superior Twin Room · City view,Twin Bed|210 sq.ft|3 Adults|Blanket|TV|Air conditioning|WiFi access|Water bottle
A-26522,RA-69624,Deluxe Room,Double Bed|100 sq.ft|2 Adults|Blackout curtains|Blanket|Attached washroom|Fan|Charging points|Dustbin
A-36568,RA-84090,Premium Double Room · Park View,175 sq.ft|3 Adults|Coffee machine|Wardrobe/closet|TV|Hairdryer|Private bathroom
A-89894,RA-44096,Execuitive King,248 sq.ft|2 Guests|Tea/coffee maker|Flat-screen TV|Linens|Wardrobe/closet|Ironing facilities
A-17818,RA-10883,Executive Room · City view,King Bed|120 sq.ft|3 Adults|Wardrobe/closet|Blanket|TV|Air conditioning|Toiletries
A-63825,RA-76305,Executive AC Room · City view,Double Bed|240 sq.ft|3 Adults|Blanket|TV|Air conditioning|Toiletries|Towels
A-55099,RA-66152,Family Triple Room,3 Adults|Wardrobe/closet|TV|Private bathroom|Shower|Dental kit
A-48515,RA-58255,"Double Room, Air conditioning",
A-35855,RA-95442,Deluxe Room,1 Adult|Fridge|Separate living room|Dining table|Sofa|Wardrobe/closet
A-13926,RA-41902,One Bedroom Executive,Queen Bed|560 sq.ft|2 Adults|Blackout curtains|Blanket|TV|Air conditioning|WiFi access
A-49623,RA-12463,Royal Suite - King Bed · City view,King Bed|500 sq.ft|2 Adults|Fridge|Wardrobe/closet|Blanket|Attached washroom|Fan
A-21949,RA-40853,Five Bedroom Cottages · City view,Double Bed|750 sq.ft|10 Adults|Fridge|Blanket|TV|Air conditioning|WiFi access
A-95161,RA-12922,Classic Room,Double Bed|110 sq.ft|2 Adults|Coffee machine|Blanket|TV|Air conditioning|Toiletries
A-18170,RA-19784,Deluxe Twin,Twin Bed|120 sq.ft|2 Adults|Blanket|Air conditioning|Toiletries|Towels|WiFi access
A-29224,RA-94820,Classic,Double Bed|130 sq.ft|3 Adults|Blackout curtains|Flat-screen TV|Wardrobe/closet|Blanket|TV
A-29504,RA-73371,King Bed,216 sq.ft|2 Guests|Air conditioning
A-14436,RA-94783,Superior Non-Air Conditioning Room,
A-14060,RA-97033,Superior Twin · City view,Twin Bed|240 sq.ft|3 Adults|Blanket|TV|Air conditioning|WiFi access|Water bottle
A-08168,RA-51179,Luxury Studio · City view,Double Bed|200 sq.ft|3 Adults|Fridge|Microwave|Toaster|Towels|Private bathroom|Desk
A-02033,RA-31634,Deluxe Rooms,2 Guests|Linens|Wardrobe/closet|Toiletries|Towels|Satellite channels
A-46368,RA-95570,Deluxe Single Room,
A-33875,RA-97259,King Studio,345 sq.ft|2 Guests|Tea/coffee maker|Fridge|Wine glasses|Minibar|Blackout curtains
A-61437,RA-37179,Deluxe Room · City view,Double Bed|180 sq.ft|2 Adults|Blackout curtains|Flat-screen TV|Linens|Wardrobe/closet|Wake up service
A-24770,RA-60827,Deluxe Suite · City view,Double Bed|495 sq.ft|3 Adults|Flat-screen TV|Blanket|TV|Air conditioning|Toiletries
A-36066,RA-05270,"Deluxe Twin Room, Balcony",
A-87376,RA-91493,Deluxe Queen,Queen Bed|140 sq.ft|2 Adults|Flat-screen TV|WiFi access|Attached washroom|Fan
A-13557,RA-26058,Triple Room,
A-53977,RA-69581,Deluxe Room,KingBed|144 sq.ft|2 Adults|Coffee machine|Wardrobe/closet|TV|Toiletries|Private bathroom
A-28166,RA-70789,"Superior Apartment, Balcony, City View",
A-97408,RA-61779,Deluxe,3 Adults|Flat-screen TV|Attached washroom|Fan
A-56365,RA-31589,Executive Room · City view,Double Bed|180 sq.ft|3 Adults|Flat-screen TV|Linens|Blanket|TV|Air conditioning
A-56547,RA-74937,Deluxe Room · City view,Double Bed|199 sq.ft|3 Adults|Blanket|TV|Air conditioning|Toiletries|WiFi access
A-71747,RA-48222,Standard Room · City view,Double Bed|150 sq.ft|3 Adults|Blanket|Water bottle|Attached washroom
A-79639,RA-21535,Deluxe Double Room,
A-34037,RA-91874,Deluxe,248 sq.ft|3 Guests|Linens|Wardrobe/closet|Ironing facilities|Air conditioning|Toiletries
A-97245,RA-20793,Deluxe Room · City view,Double Bed|225 sq.ft|3 Adults|Fridge|Ironing facilities|Air conditioning|Water bottle|Attached washroom
A-85524,RA-75249,Standard Queen,151 sq.ft|2 Guests|Linens|Air conditioning|Toiletries|Bathtub or shower|Shower
A-06953,RA-40119,Deluxe Room,
A-63591,RA-85392,Deluxe Non AC room · City view,Double Bed|110 sq.ft|3 Adults|Blanket|Attached washroom|Fan
A-31015,RA-65459,Deluxe Room,Queen Bed|140 sq.ft|3 Adults|Flat-screen TV|Linens|Blanket|Air conditioning|Non-feather pillow
A-47381,RA-96141,CLASSIC,Double Bed|100 sq.ft|2 Adults|Blanket|Attached washroom|Fan
A-64684,RA-33892,FAMILY TRIPLE ROOM AC · City view,Triple Bed|315 sq.ft|3 Adults|Blanket|TV|WiFi access|Water bottle|Attached washroom|Shower
A-36007,RA-11594,Deluxe Room Non AC · City view,Double Bed|156 sq.ft|3 Adults|Linens|Blanket|Towels|Cushions|Water bottle
A-40309,RA-03141,Triple AC Room,Triple Bed|250 sq.ft|4 Adults|TV|Air conditioning|Towels|Water bottle|Fan
A-84147,RA-88830,1BHK,King Bed|180 sq.ft|2 Adults|Tea/coffee maker|Minibar|Blackout curtains|Flat-screen TV|Walk-in closet
A-94019,RA-85602,Nazaara G1 · City view,Queen Bed|110 sq.ft|3 Adults|Blanket|Attached washroom|Fan
A-47419,RA-72741,Superior Deluxe · City view,King Bed|270 sq.ft|2 Adults|Blackout curtains|Blanket|Air conditioning|WiFi access|Attached washroom
A-93677,RA-85107,Standard Room,76 sq.ft|2 Guests|Air conditioning
A-54777,RA-81425,Standard Double Room,
A-09010,RA-18625,Deluxe Room,302 sq.ft|2 Guests|Tea/coffee maker|Air conditioning|Hairdryer|Satellite channels|Clothes rack
A-46899,RA-58984,Deluxe AC Room,151 sq.ft|2 Guests|Linens|Air conditioning|Toiletries|Towels|Satellite channels
A-65548,RA-18247,Deluxe Queen Room with Extra Benefit,
A-34822,RA-48552,Presidential Suite,485 sq.ft|2 Guests|Tea/coffee maker|Flat-screen TV|Sofa|Linens|Wardrobe/closet
A-06195,RA-25182,Luxury Room · Garden view,Double Bed|144 sq.ft|3 Adults|Blanket|Water bottle|Attached washroom|Clothes rack|Fan
A-15390,RA-90992,Deluxe Room · City view,Double Bed|100 sq.ft|3 Adults|Blanket|Attached washroom|Fan
A-99343,RA-55830,Deluxe Suite,Double Bed|410 sq.ft|3 Adults|Blanket|Air conditioning|Water bottle|Desk|Trash can|Accessible by elevator
A-54883,RA-47087,Standard Room · City view,Double Bed|1690 sq.ft|2 Adults|Blanket|Attached washroom|Fan
A-93685,RA-32520,Deluxe Room · City view,Double Bed|200 sq.ft|3 Adults|TV|Air conditioning|WiFi access|Water bottle|Clothes rack
A-96708,RA-81689,Three-Bedroom Apartment · City view,Double Bed|900 sq.ft|6 Adults|Blanket|TV|Air conditioning|Water bottle|Housekeeping
A-22726,RA-71270,"Premium Room, 1 King Bed, Lake View · Lake view",KingBed|344 sq.ft|3 Adults|Wine/champagne|Minibar|Blackout curtains|Wardrobe/closet|Hairdryer
A-99714,RA-29791,1BHK Apartment with Balcony,1507 sq.ft|2 Guests|Air conditioning|Terrace
A-05741,RA-11133,Deluxe,Double Bed|125 sq.ft|2 Adults|TV|Air conditioning|Towels|Private bathroom|Fan
A-09718,RA-65776,Deluxe Twin Room,
A-48328,RA-36035,"Standard Room, 2 Twin Beds",200 sq.ft|2 Adults|Coffee machine|Fridge|Minibar|Blackout curtains|Wardrobe/closet
A-89350,RA-55812,Standard Twin,Twin Bed|140 sq.ft|2 Adults|Blanket|Toiletries|WiFi access|Water bottle|Housekeeping
A-03939,RA-29540,Deluxe Double Room,
A-62202,RA-61575,Suite · City view,Double Bed|425 sq.ft|3 Adults|Blanket|Air conditioning|Water bottle|Attached washroom|Clothes rack
A-03685,RA-70898,Suite Room · City view,Double Bed|400 sq.ft|3 Adults|Blanket|TV|Air conditioning|Toiletries|WiFi access
A-48849,RA-48047,Family AC Room,King Bed|1000 sq.ft|4 Adults|Blackout curtains|TV|Air conditioning|WiFi access|Attached washroom
A-32028,RA-82297,"Comfort Single Room, Balcony, City View",
A-85620,RA-83757,Classic Triple Room,108 sq.ft|3 Guests|Flat-screen TV|Linens|Wardrobe/closet|TV|Air conditioning
A-93367,RA-34856,Basic Double Room,
A-10603,RA-97577,Suite Room · City view,Double Bed|130 sq.ft|3 Adults|Blanket|Water bottle|Attached washroom
A-07202,RA-75089,Standard Twin,Twin Bed|120 sq.ft|2 Adults|Duvet|Blanket|Toiletries|Towels|WiFi access
A-85712,RA-48240,Executive King room,Double Bed|144 sq.ft|3 Adults|Wardrobe/closet|Blanket|TV|WiFi access|Attached washroom
A-49037,RA-25534,Basic Room,Double Bed|110 sq.ft|3 Adults|Blanket|WiFi access|Attached washroom|Fan|Charging points
A-22704,RA-47530,Deluxe Room · City view,Double Bed|100 sq.ft|2 Adults|Blanket|TV|Air conditioning|WiFi access|Water bottle
A-78510,RA-56765,Executive Room · City view,Double Bed|169 sq.ft|3 Adults|Flat-screen TV|Linens|Blanket|TV|Air conditioning
A-66628,RA-55057,3 BHK Villa · Garden view,King Bed|2000 sq.ft|15 Adults|Chocolate/cookies|Private pool|Tea/coffee maker|Fridge|Wine glasses
A-21432,RA-24533,Standard Double Room · City view,Twin Bed|120 sq.ft|3 Adults|Wardrobe/closet|Blanket|TV|Ironing facilities|Air conditioning
A-31356,RA-24905,Deluxe Triple Room,Double Bed|110 sq.ft|2 Adults|Blackout curtains|Blanket|TV|Air conditioning|WiFi access
A-14375,RA-42915,Standard Double Room · City view,Double Bed|144 sq.ft|3 Adults|Flat-screen TV|Linens|Blanket|TV|Towels
A-48347,RA-65859,Deluxe Room with Kitchenette · City view,Double Bed|210 sq.ft|2 Adults|Blanket|Water bottle|Housekeeping|Attached washroom|Clothes rack
A-97559,RA-99253,Superior Twin Room · City view,Twin Bed|200 sq.ft|3 Adults|Blanket|Air conditioning|Attached washroom|Fan
A-23551,RA-66534,Superior Room · City view,Double Bed|230 sq.ft|3 Adults|Blanket|Water bottle|Attached washroom
A-97009,RA-34808,Deluxe Room AC · City view,Double Bed|240 sq.ft|3 Adults|Sofa|TV|Air conditioning|Towels|Fan
A-83567,RA-58246,Deluxe Double or Twin Room,
A-04138,RA-33033,Executive Room Non AC · City view,Double Bed|140 sq.ft|3 Adults|Blanket|TV|Toiletries|WiFi access|Water bottle
A-32669,RA-34596,House,
A-00804,RA-32407,Executive Room · City view,Double Bed|260 sq.ft|3 Adults|Blanket|Toiletries|Towels|Hairdryer|WiFi access
A-85445,RA-52410,Studio,2 Adults|TV|Private bathroom|Smoking policy – non-smoking available|Air conditioning
A-38199,RA-25995,Deluxe with Balcony,Double Bed|100 sq.ft|2 Adults|Blackout curtains|Fan|Charging points
A-99316,RA-05727,Superior One Bedroom Apartment With Balcony · City view,King Bed|400 sq.ft|4 Adults|Fridge|Blackout curtains|Flat-screen TV|Dining table|Sofa
A-13156,RA-27866,Platinum Deluxe Room · City view,Double Bed|247 sq.ft|3 Adults|Fridge|Blanket|TV|Ironing facilities|Air conditioning
A-88177,RA-76053,Executive Private Room in Shared Apartment · City view,Double Bed|240 sq.ft|3 Adults|Blanket|TV|Air conditioning|WiFi access|Water bottle
A-71264,RA-64497,Non-AC Single Room · City view,Queen Bed|190 sq.ft|2 Adults|Blanket|Attached washroom|Fan
A-74642,RA-58314,"Room, 2 Twin Beds, City View",TwinBed|3 Adults|Smoking policy – non-smoking available|Wheelchair
A-28050,RA-33871,Twin Room · City view,Bunk Bed|180 sq.ft|2 Adults|Blanket|Water bottle|Attached washroom
A-58431,RA-98933,Deluxe Double Room,FullBed|3 Adults|Coffee machine|Minibar|Wardrobe/closet|Ironing facilities|Toiletries
A-11130,RA-85963,"Deluxe Double Room, Balcony, City View",
A-45700,RA-29779,Deluxe Ac Room · City view,Double Bed|200 sq.ft|2 Adults|Pillow menu|Blackout curtains|Flat-screen TV|Linens|Wardrobe/closet
A-65947,RA-42461,Deluxe Suite,Double Bed|380 sq.ft|3 Adults|Wardrobe/closet|Blanket|TV|Air conditioning|Toiletries
A-40382,RA-20666,Super Deluxe Room · City view,Double Bed|180 sq.ft|3 Adults|Flat-screen TV|Linens|Blanket|TV|Air conditioning
A-34589,RA-36142,Deluxe Room Double · City view,Double Bed|150 sq.ft|3 Adults|Minibar|TV|Air conditioning|Toiletries|Hairdryer
A-43028,RA-48603,Semi Luxury Room · City view,King Bed|3 Adults|Fridge|Flat-screen TV|Wardrobe/closet|Blanket|TV
A-06346,RA-79573,Deluxe Double Room (View) · City view,Queen Bed|247 sq.ft|3 Adults|Dining area|Linens|Wake up service|Blanket|TV
A-26343,RA-06568,Deluxe Room,Double Bed|120 sq.ft|2 Adults|Flat-screen TV|Wake up service|TV|Air conditioning|Toiletries
A-76286,RA-50065,Family Quadruple Room,
A-09049,RA-75404,Classic,Queen Bed|140 sq.ft|2 Adults|Blanket|TV|Air conditioning|Toiletries|Towels
A-05741,RA-52467,Classic with Balcony,2 Adults
A-89867,RA-21861,Two-Bedroom Apartment,549 sq.ft|6 Guests|Fridge|Sofa|Linens|Wardrobe/closet|Extra long beds (> 6.5 ft)
A-05036,RA-55862,Superior King Room with balcony · City view,King Bed|350 sq.ft|3 Adults|Blanket|Water bottle|Attached washroom
A-15006,RA-18640,House,
A-87958,RA-80394,"Executive King (Stay on 31st December is mandatory to avail - Stay 1 Night get a complimentary F&B Voucher worth 3000/-, Stay 2 Nights get a complimentary F&B Voucher worth 4500/-) · City view",Double Bed|290 sq.ft|3 Adults|Blackout curtains|Duvet|Linens|Wardrobe/closet|Wake up service
A-69272,RA-03613,Deluxe Room · City view,Double Bed|270 sq.ft|3 Adults|Minibar|Sofa|Wardrobe/closet|Blanket|TV
A-18721,RA-29388,Standard,151 sq.ft|2 Guests
A-17084,RA-71634,Standard Queen Room Non AC · City view,Double Bed|269 sq.ft|3 Adults|Blanket|WiFi access|Cushions|Water bottle|Housekeeping
A-99907,RA-05282,SIGNATURE · City view,Double Bed|260 sq.ft|3 Adults|Blanket|TV|Air conditioning|WiFi access|Water bottle
A-63540,RA-44363,"Deluxe Double Room, City View",
A-49149,RA-34521,Deluxe King,Double Bed|180 sq.ft|4 Adults|Blanket|TV|Toiletries|Towels|WiFi access
A-15002,RA-18542,Comfort Double Room,
A-32232,RA-70116,Triple Room - Non Smoking,22 sq.ft|3 Guests|Flat-screen TV|Linens|Toiletries|Towels|Water bottle
A-04379,RA-72026,Deluxe Apartment,593 sq.ft|6 Guests|Dining table|Sofa|Linens|Wardrobe/closet|Extra long beds (> 6.5 ft)
A-14549,RA-93772,Classic,Queen Bed|130 sq.ft|3 Adults|Blackout curtains|Flat-screen TV|Attached washroom|Fan
A-06047,RA-96756,Classic,Double Bed|100 sq.ft|3 Adults|Flat-screen TV|Attached washroom|Fan
A-89120,RA-36720,"Deluxe Twin Room, 1 Double Bed",FullBed|161 sq.ft|2 Adults|TV|Air conditioning|Toiletries|Private bathroom|Shower
A-64316,RA-00030,Standard Twin,Twin Bed|120 sq.ft|2 Adults|Wardrobe/closet|Blanket|Toiletries|WiFi access|Water bottle
A-80265,RA-42988,2 BHK KMR-401,Double Bed|280 sq.ft|6 Adults|Blanket|TV|Toiletries|Towels|WiFi access
A-15029,RA-50938,Suite Room · City view,Double Bed|220 sq.ft|2 Adults|TV|Air conditioning|Towels|Shower
A-69409,RA-68479,Superior Room · City view,Double Bed|200 sq.ft|3 Adults|Blanket|WiFi access|Water bottle|Attached washroom|Clothes rack
A-02873,RA-31529,Deluxe Room,Double Bed|150 sq.ft|2 Adults|Flat-screen TV|Wake up service|TV|Air conditioning|Toiletries
A-24965,RA-39715,Premium Double Room,151 sq.ft|2 Adults|Dining table|Sofa|Ironing facilities|Air conditioning|Towels
A-71265,RA-37163,Deluxe Room,Double Bed|200 sq.ft|2 Adults|Flat-screen TV|Wake up service|TV|Air conditioning|Toiletries
A-96188,RA-99428,"Studio, City View",
A-94101,RA-06847,Standard Double Room without Air Conditioning,22 sq.ft|3 Guests
A-34104,RA-54001,Family Room · City view,Double Bed|315 sq.ft|2 Adults|Air conditioning|WiFi access|Water bottle|Housekeeping|Attached washroom
A-76860,RA-89318,Standard Double Room · City view,Double Bed|150 sq.ft|2 Adults|Flat-screen TV|Duvet|Linens|Wardrobe/closet|Wake up service
A-67387,RA-81685,Deluxe Double Room,Double Bed|150 sq.ft|2 Adults|Flat-screen TV|Blanket|TV|Toiletries|Towels
A-49989,RA-43109,"Suite, Multiple Beds","QueenBed,KingBed|5382 sq.ft|5 Adults|Streaming services|Ironing facilities|Air conditioning|Hairdryer|Private bathroom"
A-76021,RA-08177,Deluxe Room,Double Bed|150 sq.ft|2 Adults|Blackout curtains|Flat-screen TV|Dining area|Linens|Wardrobe/closet
A-12319,RA-35597,Minister Room · City view,Double Bed|200 sq.ft|3 Adults|Blanket|Water bottle|Attached washroom
A-54079,RA-62699,Executive Suite - Queen / Twin Bed · City view,Twin Bed|270 sq.ft|3 Adults|Fridge|Air conditioning|Water bottle|Attached washroom|Dental kit
A-23001,RA-92723,Deluxe Room · City view,Double Bed|300 sq.ft|2 Adults|Blanket|TV|Air conditioning|WiFi access|Water bottle
A-39526,RA-92554,Classic Room · City view,Double Bed|272 sq.ft|3 Adults|Minibar|TV|Air conditioning|Water bottle|Housekeeping
A-81362,RA-35177,Classic Double Room · City view,Double Bed|224 sq.ft|3 Adults|Flat-screen TV|Linens|Blanket|TV|Towels
A-71302,RA-01534,Superior Room,
A-27506,RA-30754,Deluxe Private AC Room with Ensuite Bathroom,Double Bed|220 sq.ft|2 Adults|Blanket|Air conditioning|Non-feather pillow|Water bottle|Attached washroom
A-65179,RA-80513,Standard Room · City view,Double Bed|182 sq.ft|3 Adults|Blanket|TV|Air conditioning|WiFi access|Water bottle
A-47737,RA-82966,Deluxe Family Room · City view,Double Bed|300 sq.ft|3 Adults|Flat-screen TV|Duvet|Linens|Air conditioning|Towels
A-41407,RA-13260,Deluxe Room,Double Bed|190 sq.ft|3 Adults|Flat-screen TV|Linens|Wardrobe/closet|TV|Ironing facilities
A-53678,RA-35488,Luxury Terrace Room · City view,Double Bed|506 sq.ft|2 Adults|Minibar|Wardrobe/closet|TV|Air conditioning|Towels
A-34125,RA-23679,Deluxe Twin Room,
A-39418,RA-00138,Deluxe AC Room · City view,King Bed|180 sq.ft|3 Adults|Blanket|TV|Air conditioning|Towels|WiFi access
A-23894,RA-46059,"Junior Kitchenette Suite, Club lounge access, Suite, 1 King",King Bed|807 sq.ft|3 Adults|Tea/coffee maker|Minibar|Duvet|Feather pillow|Streaming services
A-70612,RA-52340,Double Deluxe Room Non AC · City view,Double Bed|3 Adults|Wardrobe/closet|Blanket|TV|Toiletries|WiFi access
A-06146,RA-03561,Suite Room,Queen Bed|285 sq.ft|2 Adults|Flat-screen TV|Linens|Wardrobe/closet|TV|Ironing facilities
A-62747,RA-75881,Club Non AC Room · City view,Double Bed|242 sq.ft|3 Adults|Blanket|Water bottle|Attached washroom|Clothes rack|Fan
A-66234,RA-35573,Deluxe Double Room · City view,King Bed|170 sq.ft|3 Adults|Blackout curtains|Flat-screen TV|Wardrobe/closet|Blanket|TV
A-89435,RA-25949,Luxury Suite,
A-05294,RA-75382,Standard Double or Twin Room,TwinBed|2 Adults|Wardrobe/closet|TV|Ironing facilities|Private bathroom|Shower
A-97677,RA-95697,Deluxe Room City View King Bed · City view,King Bed|356 sq.ft|3 Adults|Fridge|Blackout curtains|Duvet|Linens|Feather pillow
A-33018,RA-34116,Deluxe Room,Double Bed|220 sq.ft|3 Adults|Flat-screen TV|Linens|Wardrobe/closet|Wake up service|Blanket
A-60314,RA-78806,Superior Apartment,420 sq.ft|2 Guests
A-18357,RA-29825,Suite Room - Breakfast Included · City view,Queen Bed|430 sq.ft|3 Adults|Blackout curtains|Sofa|Blanket|TV|Air conditioning
A-95974,RA-24825,Standard Room,
A-73883,RA-70345,Deluxe Double Room,Double Bed|150 sq.ft|3 Adults|Wardrobe/closet|Blanket|Air conditioning|Towels|WiFi access
A-02033,RA-73422,Deluxe Room,
A-17843,RA-99593,Family Suite 4 Bed · City view,Queen Bed|400 sq.ft|4 Adults|Blanket|TV|Air conditioning|Toiletries|WiFi access
A-63157,RA-08360,Double room · City view,Double Bed|200 sq.ft|3 Adults|Blanket|Water bottle|Attached washroom
A-45999,RA-40066,Deluxe Room,
A-57678,RA-77838,Premium Room · City view,Double Bed|182 sq.ft|3 Adults|Fridge|Wardrobe/closet|Blanket|Water bottle|Attached washroom
A-59662,RA-14597,Homely 2BHK Apartment In The Heart Of Bangalore,
A-26303,RA-72779,Standard Room · City view,Double Bed|181 sq.ft|3 Adults|Blanket|TV|WiFi access|Water bottle|Attached washroom
A-33571,RA-33573,Deluxe Room,Double Bed|140 sq.ft|2 Adults|Flat-screen TV|Wake up service|TV|Air conditioning|Toiletries
A-61381,RA-59949,Premium Double Room,
A-35717,RA-14435,Standard Twin,Twin Bed|120 sq.ft|2 Adults|Duvet|Blanket|Toiletries|Towels|WiFi access
A-39330,RA-48983,Super Deluxe,259 sq.ft|2 Guests
A-04291,RA-26818,Classic,100 sq.ft|3 Adults|Flat-screen TV|Attached washroom|Fan
A-91926,RA-02724,Comfort Double Room · City view,Double Bed|240 sq.ft|3 Adults|TV|Ironing facilities|Air conditioning|Towels|Fan
A-14594,RA-50327,Twin Room,2 Guests
A-35486,RA-22967,Standard Room · City view,Queen Bed|180 sq.ft|2 Adults|Blackout curtains|Wardrobe/closet|Blanket|TV|Air conditioning
A-03685,RA-77538,Deluxe AC Room · City view,Double Bed|215 sq.ft|3 Adults|Blanket|TV|WiFi access|Water bottle|Clothes rack
A-34688,RA-60754,Deluxe Room,Double Bed|150 sq.ft|2 Adults|Blackout curtains|Blanket|TV|Air conditioning|WiFi access
A-10733,RA-01722,Deluxe Twin Room · City view,Twin Bed|240 sq.ft|3 Adults|Blanket|TV|Air conditioning|WiFi access|Water bottle
A-79447,RA-49432,"Superior Room, City View",
A-17322,RA-05203,Standard Double or Twin Room,
A-70971,RA-93581,Standard Room,
A-33372,RA-47203,Gold Club · Grounds,375 sq.ft|3 Adults|Tea/coffee maker|Fridge|Minibar|Flat-screen TV|Linens
A-99040,RA-13768,Super Deluxe Suite,3 Adults|Separate living room|Wardrobe/closet|Blanket|TV|Ironing facilities
A-63673,RA-29432,Deluxe,Double Bed|125 sq.ft|2 Adults|Blackout curtains|Fan|Charging points
A-88065,RA-22579,Executive Room,
A-04189,RA-70516,Classic,Double Bed|130 sq.ft|3 Adults|Blackout curtains|Flat-screen TV|Blanket|Air conditioning|Toiletries
A-57173,RA-40894,Deluxe Room · City view,Double Bed|288 sq.ft|3 Adults|Coffee machine|Fridge|Minibar|Separate living room|Dining table
A-21573,RA-38670,Premium Room · City view,Double Bed|390 sq.ft|3 Adults|Blanket|TV|Air conditioning|Towels|Cushions
A-78529,RA-56856,Specially Abbled Room · City view,Double Bed|185 sq.ft|3 Adults|Blanket|Air conditioning|Attached washroom
A-14924,RA-26503,Economy Room,156 sq.ft|2 Guests|Flat-screen TV|Linens|Wardrobe/closet|Toiletries|Clothes rack
A-69127,RA-92261,Studio Room 3 · City view,Double Bed|250 sq.ft|3 Adults|Fridge|Wardrobe/closet|Blanket|Air conditioning|Toiletries
A-38423,RA-83219,Deluxe Room · City view,Double Bed|320 sq.ft|3 Adults|Blackout curtains|Wardrobe/closet|Blanket|TV|Air conditioning
A-21473,RA-76067,Club Double Bed Room,2 Adults|TV|Ironing facilities|Air conditioning|Towels|Bathtub
A-46719,RA-04562,Junior Suite,5921 sq.ft|2 Guests
A-35078,RA-08990,Premium Executive Room,
A-25504,RA-11073,Deluxe Room sharing In a Houseboat AC timing 8 pm to 6 am,4 Guests
A-30053,RA-98327,Executive Room,
A-35449,RA-81449,EXECUTIVE SUITE DOUBLE BED GARDEN VIEW WITH VIEW,1 Adult|Fridge|Ironing facilities|Attached washroom|Desk|Charging points
A-79868,RA-26085,1 BHK,Double Bed|100 sq.ft|2 Adults|Blackout curtains|Blanket|Air conditioning|WiFi access|Attached washroom
A-06548,RA-17923,Suite,Double Bed|195 sq.ft|3 Adults|Wardrobe/closet|Ironing facilities|Air conditioning|Towels|Fan
A-66438,RA-46248,Executive Room · City view,Double Bed|192 sq.ft|3 Adults|TV|Air conditioning|Toiletries|Housekeeping|Clothes rack
A-56887,RA-65553,Classic,Double Bed|100 sq.ft|2 Adults|Blanket|Attached washroom|Fan
A-67221,RA-00894,Deluxe Room,FullBed|151 sq.ft|2 Adults|Wardrobe/closet|TV|Toiletries|Private bathroom|Shower
A-84835,RA-53573,Deluxe Room · City view,Double Bed|250 sq.ft|3 Adults|Blanket|TV|Toiletries|Towels|WiFi access
A-80510,RA-51422,Classic Triple Room,108 sq.ft|3 Guests|Flat-screen TV|Linens|Wardrobe/closet|TV|Air conditioning
A-91903,RA-93422,Deluxe Room · City view,Double Bed|150 sq.ft|3 Adults|TV|Air conditioning|Toiletries|Towels|Separate dining area
A-29128,RA-68505,Classic AC Rooms,Double Bed|144 sq.ft|2 Adults|Linens|Cushions|Water bottle|Housekeeping|Attached washroom
A-64228,RA-67263,Deluxe Room,Queen Bed|165 sq.ft|2 Adults|Blackout curtains|Blanket|TV|Air conditioning|WiFi access
A-76919,RA-61230,Executive Room,Double Bed|120 sq.ft|3 Adults|TV|Air conditioning|Towels|Fan|Shower
A-79919,RA-18377,"Deluxe Room, 2 Twin Beds",
A-86797,RA-59695,Luxury Room,
A-98043,RA-52928,Deluxe Room,Double Bed|180 sq.ft|2 Adults|Flat-screen TV|TV|Air conditioning|Toiletries|WiFi access
A-59039,RA-85435,Double Room AC,Double Bed|180 sq.ft|3 Adults|Attached washroom|Fan|First aid kit
A-60632,RA-52436,Deluxe Double Room · City view,Double Bed|248 sq.ft|3 Adults|Blanket|TV|WiFi access|Water bottle|Attached washroom|Shower
A-00501,RA-74373,Classic,Double Bed|100 sq.ft|2 Adults|Blanket|Attached washroom|Fan
A-17818,RA-97279,Deluxe Room · City view,Queen Bed|110 sq.ft|3 Adults|Wardrobe/closet|Blanket|TV|Air conditioning|WiFi access
A-00084,RA-37121,Classic,Double Bed|97 sq.ft|2 Adults|Air conditioning|Attached washroom|Fan|Charging points
A-81789,RA-18833,Deluxe Twin,Twin Bed|130 sq.ft|2 Adults|Blanket|Air conditioning|Toiletries|Towels|WiFi access
A-80720,RA-70880,Luxury Room · City view,Double Bed|220 sq.ft|2 Adults|Fridge|Flat-screen TV|Linens|Wardrobe/closet|Blanket
A-37285,RA-78520,Standard Room · City view,Double Bed|120 sq.ft|3 Adults|Blanket|Water bottle|Attached washroom
A-36083,RA-68165,House,
A-97052,RA-90587,Deluxe Studio · City view,Double Bed|320 sq.ft|2 Adults|Fridge|Dining table|Sofa|TV|Ironing facilities
A-29121,RA-79506,Suite,Double Bed|100 sq.ft|2 Adults|Blanket|Attached washroom|Fan
A-63951,RA-03461,Avora Studio · City view,Double Bed|450 sq.ft|2 Adults|Blanket|Air conditioning|Water bottle|Accessible by elevator
A-89705,RA-69002,Deluxe Room Non AC · City view,Double Bed|200 sq.ft|2 Adults|Flat-screen TV|Linens|Blanket|TV|Toiletries
A-78522,RA-39899,Deluxe Double Room,
A-49020,RA-28817,Executive Room · City view,Double Bed|125 sq.ft|3 Adults|TV|Iron|Air conditioning|Heating|Air purifier
A-51506,RA-54993,Deluxe Room With Balcony,King Bed|260 sq.ft|2 Adults|Flat-screen TV|Blanket|TV|Air conditioning|Toiletries
A-29115,RA-38749,Executive Triple Room · City view,Triple Bed|230 sq.ft|4 Adults|Blanket|TV|WiFi access|Water bottle|Attached washroom|Shower
A-07529,RA-77038,Standard Room,Double Bed|130 sq.ft|2 Adults|Blanket|Attached washroom|Fan
A-17843,RA-47351,Suite Room · City view,Queen Bed|300 sq.ft|2 Adults|Blanket|TV|Air conditioning|Toiletries|WiFi access
A-08836,RA-18750,Deluxe Room · City view,Double Bed|150 sq.ft|3 Adults|Blanket|TV|Air conditioning|Toiletries|Hairdryer
A-62783,RA-85942,Deluxe King or Twin Room · City view,Double Bed|350 sq.ft|3 Adults|Sofa|Wardrobe/closet|Blanket|Air conditioning|WiFi access
A-86122,RA-05144,Two Bedroom with Kitchen · City view,Double Bed|614 sq.ft|3 Adults|Blanket|Air conditioning|Water bottle|Housekeeping|Attached washroom
A-32648,RA-85804,STANDARD ROOM · City view,Double Bed|329 sq.ft|3 Adults|Blanket|TV|Air conditioning|Water bottle|Clothes rack
A-11965,RA-71615,Standard Double Room,
A-57864,RA-67198,"Deluxe Double or Twin Room, Multiple Beds, Accessible, Kitchenette",
A-87696,RA-12376,Executive Room,Double Bed|160 sq.ft|2 Adults|Blanket|TV|Toiletries|Towels|WiFi access
A-27338,RA-62275,Standard Non AC Room · City view,Double Bed|180 sq.ft|3 Adults|Flat-screen TV|Wardrobe/closet|Blanket|TV|WiFi access
A-68961,RA-14650,Executive Suite Room · City view,Double Bed|899 sq.ft|3 Adults|Air conditioning|Water bottle|Attached washroom|Accessible by elevator
A-09802,RA-81888,Deluxe Room · City view,Double Bed|150 sq.ft|3 Adults|Blanket|TV|Air conditioning|Toiletries|WiFi access
A-67820,RA-57646,Superior,
A-35449,RA-17944,Executive Room with King Bed and Balcony,
A-78433,RA-72913,Standard room · City view,Queen Bed|110 sq.ft|3 Adults|Blanket|Attached washroom|Fan
A-60457,RA-73355,Deluxe,151 sq.ft|2 Guests|Flat-screen TV|Linens|Wardrobe/closet|TV|Ironing facilities
A-28295,RA-33276,Executive Room Non Ac · City view,Double Bed|100 sq.ft|3 Adults|Blanket|TV|Water bottle|Attached washroom|Clothes rack
A-14358,RA-76418,Studio Room · City view,Double Bed|200 sq.ft|3 Adults|Tea/coffee maker|Fridge|Flat-screen TV|Wardrobe/closet|Blanket
A-02033,RA-53268,Suite,2 Guests|Blackout curtains|Linens|Wardrobe/closet|Air conditioning|Toiletries
A-59837,RA-90137,Junior Suite - 1 King Bed,
A-76043,RA-11589,Classic,Double Bed|100 sq.ft|2 Adults|Blanket|Attached washroom|Fan
A-93844,RA-15000,Deluxe Room · City view,Double Bed|220 sq.ft|3 Adults|Fridge|Blackout curtains|Wardrobe/closet|Blanket|TV
A-97060,RA-63954,Deluxe Twin Room · City view,Double Bed|240 sq.ft|3 Adults|Air conditioning|Towels|Fan|Desk
A-13641,RA-09609,Premier Cottage · Garden view,King Bed|300 sq.ft|3 Adults|Blanket|TV|Toiletries|WiFi access|Water bottle
A-51755,RA-78467,"Deluxe Double Room, Balcony",
A-68779,RA-48749,Premium Room,
A-22158,RA-59915,"Superior Double Room, City View · City view",KingBed|250 sq.ft|3 Adults|Coffee machine|Minibar|Blackout curtains|Wardrobe/closet|Streaming services
A-26691,RA-96885,Presidential,2175 sq.ft|2 Guests|Tea/coffee maker|Flat-screen TV|Linens|TV|Air conditioning
A-32648,RA-79970,EXECUTIVE PODS (MALE) · City view,Single Bed|215 sq.ft|2 Adults|Blanket|Water bottle|Attached washroom|Clothes rack|Fan|Charging points
A-17405,RA-12567,Studio Room · City view,King Bed|180 sq.ft|2 Adults|Tea/coffee maker|Blackout curtains|Flat-screen TV|Walk-in closet|Linens
A-07897,RA-70013,Senate Room · City view,Double Bed|324 sq.ft|3 Adults|Sofa|Wardrobe/closet|Blanket|TV|Ironing facilities
A-83890,RA-59240,Superior Room,Double Bed|150 sq.ft|3 Adults|Blanket|Air conditioning|Fan
A-64636,RA-07278,"Family Apartment, City View · City view",KingBed|900 sq.ft|6 Adults|Fridge|Dining area|Air conditioning|Microwave|Toiletries
A-78580,RA-31126,Classic Room,3 Adults|Wardrobe/closet|TV|Air conditioning|Towels|Fan|Shower
A-04142,RA-88097,Executive Non AC Room,Double Bed|100 sq.ft|3 Adults|Blanket|TV|Ironing facilities|Toiletries|Towels
A-00501,RA-16437,Deluxe,Double Bed|100 sq.ft|2 Adults|Blanket|Attached washroom|Fan
A-81159,RA-99541,Deluxe Room,Double Bed|140 sq.ft|2 Adults|Flat-screen TV|TV|Air conditioning|Toiletries|WiFi access
A-27811,RA-86638,Deluxe Double Room (Den) · City view,Queen Bed|355 sq.ft|3 Adults|Dining area|Linens|Wardrobe/closet|Wake up service|Blanket
A-29259,RA-83457,Standard Room Queen · City view,Queen Bed|100 sq.ft|3 Adults|Blanket|Ironing facilities|Water bottle|Attached washroom|Clothes rack
A-63070,RA-41208,Premium Room · City view,Double Bed|200 sq.ft|3 Adults|Blanket|Air conditioning|Water bottle|Accessible by elevator
A-60772,RA-89187,Standard,1615 sq.ft|1 Adult|Linens|Air conditioning|Toiletries|Towels|Satellite channels
A-88223,RA-22836,Classic Room,3 Adults|Wardrobe/closet|TV|Air conditioning|Towels|Fan|Shower
A-97296,RA-46398,1 King Bed Superior Room Non-Smoking · City view,Double Bed|200 sq.ft|3 Adults|Fridge|Blanket|WiFi access|Water bottle|Attached washroom
A-82737,RA-40428,Club Room,King Bed|3229 sq.ft|2 Adults|Blanket|Attached washroom|Fan|Disabled access
A-09828,RA-41546,Premium Triple · City view,Triple Bed|250 sq.ft|3 Adults|Fridge|Minibar|Separate living room|Sofa|Wardrobe/closet
A-39865,RA-85023,Double Room,1615 sq.ft|2 Guests|Tea/coffee maker|Flat-screen TV|Sofa|Wardrobe/closet|TV
A-51842,RA-24113,Double Deluxe Room · City view,Double Bed|225 sq.ft|3 Adults|Blanket|TV|Toiletries|Towels|WiFi access
A-36520,RA-96185,Standard Queen,Queen Bed|120 sq.ft|2 Adults|Duvet|Wardrobe/closet|Air conditioning|WiFi access|Attached washroom
A-15010,RA-10601,Deluxe Room · City view,Double Bed|180 sq.ft|3 Adults|Blanket|TV|Air conditioning|Toiletries|Towels
A-13248,RA-48804,Deluxe Twin,Twin Bed|120 sq.ft|2 Adults|Wardrobe/closet|Blanket|Toiletries|Towels|WiFi access
A-21949,RA-78882,Cottage with Veranda and Bathtub · City view,Double Bed|45 sq.ft|3 Adults|Fridge|Blanket|TV|Air conditioning|WiFi access
A-61938,RA-96759,Standard AC Room · City view,Double Bed|200 sq.ft|2 Adults|Flat-screen TV|Air conditioning|Attached washroom
A-80720,RA-34075,Ultra Luxury Studio · City view,King Bed|225 sq.ft|3 Adults|Fridge|Wardrobe/closet|Blanket|TV|WiFi access
A-56170,RA-48505,Club Room,2 Guests|First aid kit
A-22935,RA-91298,Sai Nivas - 1BHK - 206 - 201 · City view,Queen Bed|600 sq.ft|3 Adults|Blanket|Water bottle|Attached washroom|Trash can
A-07414,RA-13350,Classic,Double Bed|100 sq.ft|2 Adults|Flat-screen TV|Attached washroom|Fan
A-56906,RA-37726,Club King Room · City view,3 Adults|Blanket|Water bottle|Attached washroom|Clothes rack|Fan
A-25504,RA-08272,Luxury Room in Houseboat full time Ac,
A-55302,RA-64057,Superior Room,345 sq.ft|2 Guests|Blackout curtains|Flat-screen TV|Linens|Wardrobe/closet|Ironing facilities
A-89808,RA-92580,Executive Room · City view,King Bed|144 sq.ft|2 Adults|Blanket|TV|Toiletries|Towels|WiFi access
A-06457,RA-70121,Standard Twin,Twin Bed|120 sq.ft|2 Adults|Duvet|Wardrobe/closet|Blanket|Toiletries|Towels
A-25821,RA-20083,Superior room with Balcony · City view,Double Bed|200 sq.ft|2 Adults|Blackout curtains|Blanket|TV|Air conditioning|WiFi access
A-05003,RA-74249,Standard Room,King Bed|160 sq.ft|2 Adults|Flat-screen TV|Linens|Blanket|Air conditioning|Toiletries
A-85340,RA-60800,"Premium, Guest room, 2 Double",Double Bed|387 sq.ft|3 Adults|Tea/coffee maker|Minibar|Duvet|Feather pillow|Air conditioning
A-74462,RA-25379,Classic Room,Double Bed|150 sq.ft|2 Adults|Fridge|Sofa|Feather pillow|TV|Air conditioning
A-92111,RA-21850,Deluxe Room · City view,Double Bed|200 sq.ft|3 Adults|Minibar|Separate living room|Sofa|Wardrobe/closet|Blanket
A-04663,RA-82825,Double,2 Guests|Air conditioning
A-37266,RA-67626,Deluxe Double or Twin,183 sq.ft|2 Guests|Fridge|Blackout curtains|Separate living room|Dining table|Linens
A-87208,RA-64892,Premium Room · City view,Double Bed|550 sq.ft|3 Adults|Minibar|Flat-screen TV|Linens|Blanket|TV
A-44289,RA-98388,Suite Room · City view,Double Bed|250 sq.ft|3 Adults|Fridge|Blanket|Air conditioning|WiFi access|Water bottle
A-18005,RA-76420,Executive AC Room · City view,Double Bed|150 sq.ft|3 Adults|Blanket|TV|Air conditioning|Toiletries|Towels
A-56848,RA-20806,"Deluxe Room, 1 Queen Bed",250 sq.ft|3 Adults|Coffee machine|Wardrobe/closet|TV|Ironing facilities|Air conditioning
A-69042,RA-69013,Room Assigned on Arrival,
A-51374,RA-05562,Starlight Cottage · Garden view,Double Bed|200 sq.ft|3 Adults|Blanket|TV|Toiletries|WiFi access|Water bottle|Attached washroom
A-39575,RA-08475,Suite · City view,Double Bed|288 sq.ft|3 Adults|Flat-screen TV|Blanket|Air conditioning|Towels|Cushions
A-26389,RA-75429,Family Room · City view,Double Bed|144 sq.ft|3 Adults|Flat-screen TV|Linens|Blanket|TV|Air conditioning
A-59147,RA-01975,Deluxe Double Room AC · City view,Double Bed|144 sq.ft|3 Adults|Blanket|Air conditioning|WiFi access|Water bottle|Attached washroom|Shower
A-10104,RA-24068,Deluxe Twin Room · City view,Twin Bed|132 sq.ft|2 Adults|Wardrobe/closet|Blanket|TV|Ironing facilities|Air conditioning
A-41510,RA-41019,Luxury Queen Room · City view,Queen Bed|175 sq.ft|2 Adults|Blanket|TV|Air conditioning|Attached washroom|Trash can
A-25532,RA-75682,Executive Double with AC · City view,Double Bed|160 sq.ft|3 Adults|Sofa|Blanket|TV|Toiletries|Towels
A-02842,RA-26647,Suite Room,549 sq.ft|3 Adults|Fridge|Separate living room|Wardrobe/closet|Blanket|Ironing facilities
A-73861,RA-39964,Luxury Villa · City view,Queen Bed|250 sq.ft|3 Adults|Blanket|Attached washroom|Fan
A-79140,RA-65190,Garden Deluxe,
A-46490,RA-03856,Superior Suite · City view,Double Bed|150 sq.ft|3 Adults|Wardrobe/closet|Blanket|TV|Air conditioning|Toiletries
A-22726,RA-77282,"Executive Room, 1 King Bed, Non Smoking, Garden View (Forest View) · Garden view",KingBed|344 sq.ft|3 Adults|Wine/champagne|Minibar|Blackout curtains|Wardrobe/closet|Hairdryer
A-07438,RA-32456,"Executive Room, 1 King Bed",
A-33018,RA-01489,Suite Room,Double Bed|220 sq.ft|2 Adults|Flat-screen TV|Linens|Wardrobe/closet|Wake up service|Blanket
A-46541,RA-90152,Executive Twin,Twin Bed|280 sq.ft|2 Adults|Blackout curtains|Flat-screen TV|Duvet|Linens|Wardrobe/closet
A-48328,RA-61932,Standard Room,200 sq.ft|2 Adults|Coffee machine|Fridge|Minibar|Blackout curtains|Wardrobe/closet
A-86774,RA-20668,Studio M · City view,King Bed|552 sq.ft|3 Adults|Minibar|Flat-screen TV|Sofa|Duvet|TV
A-43062,RA-72571,Deluxe Double Bedroom,1 queen bed|130 sq.ft|2 Guests|Flat-screen TV|Sofa|Linens|Wardrobe/closet|Extra long beds (> 6.5 ft)
A-25031,RA-92758,"Apartment, 2 Bedrooms · City view",KingBed|1108 sq.ft|4 Adults|Pillow menu|Wine/champagne|Coffee machine|Fridge|Minibar
A-87822,RA-28144,Queen Room · City view,Double Bed|250 sq.ft|3 Adults|Blanket|TV|Air conditioning|Toiletries|Towels
A-24169,RA-33733,Standard Room,200 sq.ft|2 Guests|Tea/coffee maker|Flat-screen TV|Linens|Wardrobe/closet|Air conditioning
A-71269,RA-15749,Standard Double Room · City view,Double Bed|225 sq.ft|3 Adults|Blackout curtains|Wardrobe/closet|Blanket|TV|Air conditioning
A-19738,RA-34505,"Deluxe Double Room, City View",
A-14924,RA-65208,Triple Air Conditioning,194 sq.ft|3 Guests|Linens|TV|Air conditioning|Toiletries|Private bathroom
A-36821,RA-86002,Deluxe,Double Bed|125 sq.ft|2 Adults|Blanket|Attached washroom|Fan
A-37948,RA-62066,Deluxe Room,3 Adults|Wardrobe/closet|TV|Air conditioning|Towels|Fan|Shower
A-03422,RA-49134,"Deluxe Room, Balcony, City View",
A-22624,RA-07211,Premium Room · City view,Queen Bed|145 sq.ft|3 Adults|Wardrobe/closet|Blanket|TV|Air conditioning|WiFi access
A-04142,RA-49767,Executive AC Bunker,Bunk Bed|100 sq.ft|3 Adults|Blanket|TV|Iron|Air conditioning|Toiletries
A-50988,RA-47409,Twin Room,
A-06552,RA-49758,Basic Double Room,
A-69400,RA-57093,Standard Room,
A-97202,RA-58250,Studio Room · City view,Double Bed|140 sq.ft|3 Adults|Blanket|Water bottle|Attached washroom
A-46368,RA-73782,"Premium Single Room, 1 Double Bed",
A-43643,RA-78165,Classic · City view,Double Bed|130 sq.ft|2 Adults|Air conditioning|Attached washroom|Fan|Charging points
A-39002,RA-50771,Deluxe,
A-13832,RA-59131,Standard Twin,Twin Bed|120 sq.ft|2 Adults|Duvet|Blanket|Toiletries|Towels|WiFi access
A-21573,RA-58321,Executive Room · City view,Double Bed|235 sq.ft|3 Adults|Blanket|TV|Air conditioning|Toiletries|Towels
A-59039,RA-99111,Executive Room,Double Bed|195 sq.ft|3 Adults|TV|Attached washroom|First aid kit
A-90826,RA-30623,Standard Double or Twin Room with Balcony · City view,Double Bed|182 sq.ft|3 Adults|Air conditioning|Water bottle|Attached washroom|Dental kit|Trash can|Accessible by elevator
A-25495,RA-02128,Suite Room · City view,Double Bed|400 sq.ft|3 Adults|Blanket|TV|Air conditioning|Toiletries|Towels
A-07697,RA-10581,Deluxe Double Room,
A-65996,RA-41656,Deluxe Room with Kitchen,
A-48437,RA-59507,Two Bedroom Suite Non Ac · City view,Double Bed|750 sq.ft|3 Adults|Fridge|Dining table|Sofa|TV|Towels
A-87208,RA-71804,Standard Room · City view,Double Bed|233 sq.ft|3 Adults|Tea/coffee maker|Minibar|Flat-screen TV|Linens|Blanket
A-00118,RA-22478,Classic Room,144 sq.ft|2 Adults|Blanket|TV|Air conditioning|Toiletries|Towels
A-65172,RA-98613,Superior,
A-30517,RA-48681,Classic Triple Room,108 sq.ft|3 Guests|Linens|TV|Air conditioning|Toiletries|Towels
A-78816,RA-25955,Luxe Queen Room · City view,Queen Bed|200 sq.ft|2 Adults|Fridge|Blanket|TV|Ironing facilities|Air conditioning
A-36450,RA-22309,Basic Double Room,2 Adults|TV|Bathtub or shower|Private bathroom|Desk|Smoking policy – non-smoking available
A-27563,RA-22047,Deluxe Room · City view,Queen Bed|300 sq.ft|2 Adults|Blanket|Attached washroom|Fan
A-32648,RA-97675,DELUXE TWIN ROOM · City view,Twin Bed|200 sq.ft|2 Adults|Blanket|Air conditioning|Attached washroom
A-38935,RA-89751,Deluxe Double Room · City view,Double Bed|150 sq.ft|3 Adults|Fridge|TV|Air conditioning|Towels|Private bathroom
A-26991,RA-60367,Executive,
A-31301,RA-16971,Standard ROOM,Double Bed|144 sq.ft|2 Adults|Blackout curtains|Blanket|TV|Air conditioning|WiFi access
A-30762,RA-45138,Double Executive,2153 sq.ft|2 Guests|Flat-screen TV|Linens|Wardrobe/closet|TV|Ironing facilities
A-71522,RA-86768,Super Deluxe · City view,Double Bed|250 sq.ft|3 Adults|TV|Towels|Private bathroom|Shower|Desk
A-55386,RA-76092,Deluxe,539 sq.ft|6 Guests|Air conditioning
A-08340,RA-89641,"Room, 2 Twin Beds, Non Smoking · City view",TwinBed|3 Adults|Coffee machine|Fridge|Minibar|Blackout curtains|Flat-screen TV
A-91841,RA-66082,Classic Room · City view,Double Bed|97 sq.ft|3 Adults|Flat-screen TV|Linens|Blanket|TV|Towels
A-41664,RA-94976,Classic,Double Bed|130 sq.ft|3 Adults|Flat-screen TV|Blanket|Attached washroom|Fan
A-29931,RA-36998,Deluxe TWIN Rooms · City view,Double Bed|150 sq.ft|3 Adults|Blanket|TV|Air conditioning|WiFi access|Water bottle
A-36450,RA-03115,Family Room,FullBed|6 Adults|TV|Private bathroom|Shower|Smoking policy – non-smoking available|Housekeeping - daily
A-01492,RA-66657,Standard King Room · City view,King Bed|200 sq.ft|2 Adults|TV|Air conditioning|Towels|Private bathroom|Fan
A-60980,RA-44452,Superior Double Room with AC,Double Bed|150 sq.ft|3 Adults|Blackout curtains|Wardrobe/closet|Blanket|TV|Air conditioning
A-67751,RA-33500,Deluxe,2 Adults
A-54736,RA-25637,Premium 1bhk apartment · City view,Double Bed|550 sq.ft|3 Adults|Blanket|TV|Air conditioning|WiFi access|Water bottle
A-69809,RA-53846,Club Class Non A/c · City view,Double Bed|144 sq.ft|3 Adults|Blackout curtains|Wardrobe/closet|Blanket|TV|Ironing facilities
A-88403,RA-22353,Sunshine · City view,Queen Bed|161 sq.ft|3 Adults|Dining area|Linens|Wardrobe/closet|Wake up service|Blanket
A-54510,RA-66005,Family Room · City view,Double Bed|225 sq.ft|5 Adults|Blanket|Water bottle|Attached washroom
A-24586,RA-77133,Classic Triple Room,130 sq.ft|3 Guests|Flat-screen TV|Linens|Wardrobe/closet|TV|Air conditioning
A-15916,RA-60877,Suites Rooms · City view,Double Bed|102 sq.ft|3 Adults|Minibar|Flat-screen TV|Linens|Blanket|TV
A-75536,RA-30675,Deluxe AC Room with Balcony · City view,Double Bed|320 sq.ft|3 Adults|Minibar|Linens|Blanket|TV|Air conditioning
A-55026,RA-19613,Deluxe Room · City view,Double Bed|130 sq.ft|2 Adults|TV|Air conditioning|Toiletries|Towels|Separate dining area
A-68667,RA-39304,Deluxe Double Room · Landmark view,Double Bed|250 sq.ft|3 Adults|Wardrobe/closet|Blanket|TV|Air conditioning|WiFi access
A-68095,RA-37643,Classic Triple Room,130 sq.ft|3 Guests|Flat-screen TV|Linens|Wardrobe/closet|TV|Air conditioning
A-59147,RA-55380,Standard Double Non AC Room · City view,Double Bed|144 sq.ft|3 Adults|Blanket|TV|WiFi access|Attached washroom|Shower
A-16936,RA-93582,Deluxe,205 sq.ft|2 Guests|Air conditioning|LAN Internet access
A-12843,RA-37922,Classic,Double Bed|130 sq.ft|2 Adults|Flat-screen TV|Attached washroom|Fan
A-83693,RA-86385,AZURE Suite Apartment A5,
A-64875,RA-56150,Family Suite · City view,King Bed|140 sq.ft|3 Adults|Blackout curtains|Flat-screen TV|Sofa|Blanket|TV
A-26976,RA-46947,Executive Room · City view,Double Bed|300 sq.ft|3 Adults|Blanket|TV|Air conditioning|WiFi access|Water bottle
A-27839,RA-10993,Family Room,
A-38294,RA-58016,Double or Twin Room,
A-49223,RA-88298,Deluxe Room · City view,Double Bed|256 sq.ft|3 Adults|Coffee machine|Fridge|Minibar|Dining table|Sofa
A-93367,RA-42696,Classic Double Room,
A-77230,RA-91219,Deluxe Room Non A/c,King Bed|25 sq.ft|2 Adults|Blanket|Fan|Shower
A-29259,RA-25256,Premium Queen · City view,Double Bed|100 sq.ft|3 Adults|Blanket|Ironing facilities|Water bottle|Attached washroom|Clothes rack
A-13428,RA-45745,Suite Room,
A-90379,RA-23157,Classic,Double Bed|130 sq.ft|2 Adults|Flat-screen TV|Air conditioning|Attached washroom|Fan|Charging points
A-17980,RA-84757,Executive · City view,Double Bed|144 sq.ft|2 Adults|Blanket|Air conditioning|Water bottle|Accessible by elevator
A-83654,RA-32072,Deluxe Double Room · City view,Double Bed|140 sq.ft|3 Adults|Fridge|Ironing facilities|Air conditioning|Towels|Shower
A-87878,RA-71802,Executive Room Double or Twin,King Bed|238 sq.ft|2 Adults|Blackout curtains|Blanket|TV|WiFi access|Attached washroom
A-67515,RA-98012,Family Room,
A-18462,RA-64593,Standard Twin Room,
A-21571,RA-78240,Executive Non Ac Room · City view,Double Bed|144 sq.ft|3 Adults|Fridge|TV|Air conditioning|Towels|Fan
A-90330,RA-03814,Luxury Rooms · Garden view,King Bed|144 sq.ft|3 Adults|Blanket|Air conditioning|Water bottle|Housekeeping|Attached washroom
A-97296,RA-93138,1 King Bed Premium Room Non-Smoking · City view,Double Bed|100 sq.ft|3 Adults|Fridge|Blanket|TV|WiFi access|Water bottle
A-86530,RA-73325,Executive A/c Room · City view,Double Bed|180 sq.ft|2 Adults|Fridge|Sofa|TV|Air conditioning|Towels
A-55325,RA-31590,Room Assigned on Arrival,2 Guests|Fridge
A-16493,RA-55403,Classic Triple Room,130 sq.ft|3 Guests|Flat-screen TV|Linens|Wardrobe/closet|TV|Air conditioning
A-14436,RA-89611,Superior Air Conditioning Rooms,
A-22726,RA-72334,"Executive Room, 2 Twin Beds (Forest View) · Garden view",TwinBed|344 sq.ft|3 Adults|Wine/champagne|Minibar|Blackout curtains|Wardrobe/closet|Hairdryer
A-21902,RA-82234,Suite,Grand King Bed|440 sq.ft|3 Adults|Blanket|TV|Toiletries|WiFi access|Water bottle
A-87816,RA-72993,"Standard Room, 2 Twin Beds (Turf View) · Garden view",205 sq.ft|2 Adults|Fridge|Wardrobe/closet|Blanket|TV|Ironing facilities
A-39716,RA-35881,Double Room,1292 sq.ft|2 Guests|Air conditioning
A-83164,RA-25842,SPOT ON NON-AC SAVER,Double Bed|130 sq.ft|2 Adults|Wardrobe/closet|TV|Towels|Fan|Shower
A-38595,RA-74970,Deluxe Double Room,
A-80720,RA-69325,Triple Studio W Bathtub,King Bed|230 sq.ft|4 Adults|Blackout curtains|Blanket|TV|Air conditioning|WiFi access
A-45742,RA-49644,Deluxe Double or Twin,210 sq.ft|2 Guests|Tea/coffee maker|Wine glasses|Blackout curtains|Flat-screen TV|Linens
A-97009,RA-01928,Executive Room Non AC · City view,Double Bed|156 sq.ft|2 Adults|TV|Towels|Private bathroom|Fan|Shower|Shampoo
A-91490,RA-21568,Deluxe Room · City view,Double Bed|180 sq.ft|3 Adults|Flat-screen TV|Linens|Air conditioning|Towels|Cushions
A-49195,RA-76070,Executive King Room · City view,Double Bed|250 sq.ft|3 Adults|Blanket|TV|Air conditioning|WiFi access|Water bottle
A-07972,RA-33095,"Family Double Room, Balcony, City View · City view","KingBed,TwinBed|475 sq.ft|3 Adults|Coffee machine|Minibar|Dining area|Microwave|Stovetop"
A-60348,RA-18092,Standard Room · City view,Double Bed|75 sq.ft|3 Adults|Blackout curtains|Flat-screen TV|Linens|Blanket|Towels
A-94084,RA-79520,"Luxury Suite, City View · City view",KingBed|300 sq.ft|3 Adults|Private bathroom|Shower|Body soap|Shampoo|Toilet paper
A-75646,RA-09034,Classic Room,2 Guests
A-80467,RA-44734,Double Non AC Room · City view,Double Bed|225 sq.ft|3 Adults|Wardrobe/closet|Blanket|TV|Toiletries|Towels
A-54134,RA-70769,Deluxe Room · City view,Double Bed|260 sq.ft|3 Adults|Tea/coffee maker|Coffee machine|Fridge|Minibar|Blackout curtains
A-56206,RA-55301,Premium Room,2 Adults|Coffee machine|Wardrobe/closet|TV|Ironing facilities|Toiletries
A-90384,RA-78817,"Basic Apartment, Balcony",
A-46195,RA-31675,Deluxe Double Room · City view,Double Bed|120 sq.ft|3 Adults|Flat-screen TV|Linens|Blanket|TV|Towels
A-51154,RA-20106,Superior Room · City view,Double Bed|240 sq.ft|3 Adults|Fridge|Blanket|TV|Air conditioning|Toiletries
A-65035,RA-80096,Deluxe Room,1346 sq.ft|2 Guests|Flat-screen TV|Linens|Air conditioning|Toiletries|Towels
A-57304,RA-06866,Classic,Double Bed|144 sq.ft|3 Adults|Blanket|Air conditioning|Attached washroom|Fan
A-55364,RA-15803,"Family Apartment, Park View · Park View",KingBed|2 Adults|Fridge|Stovetop|Toiletries|Kitchen|Private bathroom
A-27888,RA-95954,Presidential Non AC Room · City view,Double Bed|202 sq.ft|3 Adults|Blanket|Attached washroom|Fan
A-63612,RA-75471,"Standard Room, City View",
A-49623,RA-05553,Superior Deluxe Room - Twin Bed · City view,King Bed|300 sq.ft|3 Adults|Fridge|Wardrobe/closet|Blanket|TV|Air conditioning
A-22704,RA-28694,Standard Double Room · City view,Double Bed|100 sq.ft|2 Adults|Air conditioning|Toiletries|WiFi access|Water bottle|Attached washroom
A-54010,RA-94804,CLASSIC,Double Bed|130 sq.ft|2 Adults|Blanket|Attached washroom|Fan
A-87878,RA-51768,SUPERIOR ROOM,King Bed|288 sq.ft|3 Adults|Blackout curtains|Sofa|Blanket|TV|Air conditioning
A-57709,RA-18844,Deluxe Double or Twin Room,
A-18723,RA-01096,Executive Room AC,Double Bed|200 sq.ft|3 Adults|Wardrobe/closet|Blanket|TV|Toiletries|Towels
A-01336,RA-78825,Deluxe Rooms · City view,Double Bed|195 sq.ft|3 Adults|Blanket|TV|Air conditioning|Toiletries|Towels
A-38455,RA-32448,AC Room · City view,King Bed|120 sq.ft|2 Adults|Blanket|TV|Air conditioning|Toiletries|Towels
A-81661,RA-57686,Classic,Queen Bed|100 sq.ft|2 Adults|Blackout curtains|Blanket|Air conditioning|Attached washroom|Charging points|Trash can
A-77213,RA-67708,Premier Twin Room · City view,Twin Bed|400 sq.ft|3 Adults|Fridge|Wardrobe/closet|Ironing facilities|Clothes dryer|Dental kit
A-09802,RA-40758,Suite Room · City view,Double Bed|200 sq.ft|3 Adults|Minibar|Air conditioning|Cushions|Water bottle|Housekeeping
A-15287,RA-03334,Premier Twin Room,2 Guests|Fridge|Wardrobe/closet|Dental kit|Desk|Trash can
A-43571,RA-15975,Deluxe Twin Room · City view,Twin Bed|216 sq.ft|2 Adults|Blanket|Attached washroom|Fan
A-69239,RA-52261,Club Suite · City view,Double Bed|3 Adults|Blanket|Air conditioning|Water bottle|Attached washroom|Clothes rack
A-67947,RA-57169,Deluxe Room · City view,Double Bed|150 sq.ft|3 Adults|Wardrobe/closet|TV|Air conditioning|Toiletries|Towels
A-69790,RA-72597,Standard Room · City view,Double Bed|222 sq.ft|2 Adults|Blanket|Air conditioning|Water bottle|Attached washroom|Clothes rack
A-71727,RA-85962,Deluxe Non AC,13994 sq.ft|1 Adult|Fridge|Sofa|TV|Air conditioning|Washing machine
A-57864,RA-13332,"Deluxe Studio Suite, 1 Queen Bed, Accessible, Kitchenette",
A-42311,RA-93574,Standard Double Room,
A-18723,RA-51582,Executive Room Non AC,Double Bed|200 sq.ft|3 Adults|Flat-screen TV|Wardrobe/closet|Blanket|TV|Toiletries
A-84481,RA-25010,Executive Suite,Queen Bed|350 sq.ft|4 Adults|Wardrobe/closet|Blanket|Ironing facilities|Air conditioning|WiFi access
A-04142,RA-84623,Deluxe AC Bunker,Bunk Bed|100 sq.ft|3 Adults|Blanket|TV|Iron|Air conditioning|Toiletries
A-80457,RA-88293,Executive Suite · City view,Queen Bed|168 sq.ft|3 Adults|Air conditioning|Towels|Private bathroom|Shower|Conditioner
A-66122,RA-95048,Executive · Golf view,Triple Bed|250 sq.ft|3 Adults|Minibar|Flat-screen TV|Linens|Blanket|TV
A-84144,RA-83048,Double Deluxe,200 sq.ft|2 Guests
A-78529,RA-56237,Superior Twin Room · City view,Twin Bed|185 sq.ft|3 Adults|Blanket|Air conditioning|Attached washroom
A-73893,RA-73821,Deluxe Non AC Room,Double Bed|160 sq.ft|3 Adults|Blanket|Attached washroom|Fan
A-07067,RA-24039,Deluxe Room,Double Bed|150 sq.ft|2 Adults|Flat-screen TV|Wake up service|TV|Air conditioning|Toiletries
A-70230,RA-93193,Superior Room · City view,Double Bed|310 sq.ft|3 Adults|Minibar|Blackout curtains|Wardrobe/closet|Blanket|TV
A-75219,RA-87913,Two-Bedroom Apartment With Kitchen,Double Bed|300 sq.ft|6 Adults|Blanket|TV|Toiletries|WiFi access|Water bottle
A-23894,RA-36643,"Junior Suite, Club lounge access, Junior Suite, 1 King",King Bed|807 sq.ft|3 Adults|Tea/coffee maker|Minibar|Duvet|Feather pillow|Streaming services
A-06027,RA-99829,5-Bedroom Apartment,
A-26389,RA-92983,Non AC Standard Room · City view,Double Bed|120 sq.ft|3 Adults|Minibar|Flat-screen TV|Linens|Blanket|TV
A-15329,RA-79263,Comfort Double Room,
A-20527,RA-34308,Standard Room · City view,Double Bed|120 sq.ft|3 Adults|Blanket|Air conditioning|Attached washroom|Fan
A-21852,RA-00582,Executive King Room,
A-79140,RA-25994,Deluxe Double Room with Shower,
A-69127,RA-62908,Executive Triple Room A/C · City view,Triple Bed|330 sq.ft|4 Adults|Fridge|Sofa|Wardrobe/closet|Blanket|TV
A-91931,RA-79697,Family room - Double bed with single bed · City view,Double Bed|400 sq.ft|3 Adults|Linens|Blanket|TV|Air conditioning|Towels
A-48328,RA-14641,1 Queen Three Bay Suite,679 sq.ft|1 Adult|Fridge|Blackout curtains|Wardrobe/closet|TV|Ironing facilities
A-35072,RA-34654,Classic Room,Double Bed|130 sq.ft|2 Adults|Fridge|Blanket|TV|Ironing facilities|Air conditioning
A-92314,RA-02542,Premium Room Twin Bed · Grounds,Twin Bed|301 sq.ft|2 Adults|Fridge|Minibar|Blackout curtains|Flat-screen TV|Duvet
A-48328,RA-97755,"Suite, 1 Queen Bed, Balcony",440 sq.ft|2 Adults|Coffee machine|Fridge|Minibar|Blackout curtains|Dining area
A-99316,RA-23896,Three Bedroom Apartment,King Bed|800 sq.ft|5 Adults|Fridge|Wine glasses|Blackout curtains|Flat-screen TV|Separate living room
A-23116,RA-10408,Comfort Classic - Twin Bed · City view,Twin Bed|200 sq.ft|2 Adults|Fridge|Sofa|Air conditioning|WiFi access|Water bottle
A-75562,RA-20272,Superior Deluxe Room · City view,Double Bed|120 sq.ft|3 Adults|Blanket|TV|Water bottle|Attached washroom|Fan
A-17187,RA-67074,Deluxe Room · City view,Double Bed|200 sq.ft|3 Adults|Blanket|TV|Toiletries|WiFi access|Water bottle
A-16100,RA-55091,Deluxe Double Rooms · City view,King Bed|1722 sq.ft|3 Adults|Blanket|Attached washroom|Fan
A-18472,RA-85983,Standard Double Room · City view,Double Bed|180 sq.ft|3 Adults|TV|Air conditioning|Towels|Private bathroom|Fan
A-68920,RA-36650,Executive Double Room,3 Adults|Fridge|Wine glasses|Sofa|TV|Ironing facilities
A-88065,RA-96207,Deluxe Twin,
A-32648,RA-39738,PREMIER TWIN ROOM · City view,Twin Bed|450 sq.ft|2 Adults|Blanket|Air conditioning|Attached washroom
A-77276,RA-46092,Classic Room,Double Bed|130 sq.ft|2 Adults|Wardrobe/closet|TV|Air conditioning|Towels|Fan|Shower
A-82737,RA-16534,Grand Suite Room · City view,Double Bed|170 sq.ft|2 Adults|Blanket|Air conditioning|Attached washroom
A-27353,RA-41294,Standard Double Room · City view,Double Bed|140 sq.ft|3 Adults|Air conditioning|Towels|Fan|Shampoo
A-56051,RA-21572,Club Class Room · City view,Double Bed|160 sq.ft|3 Adults|Fridge|Blanket|TV|Air conditioning|Heating
A-07438,RA-72836,"Deluxe Room, 2 Twin Beds",
A-92962,RA-87703,Twin Room,
A-54736,RA-63153,Standard 1bhk apartment · City view,Double Bed|500 sq.ft|3 Adults|Blanket|TV|Air conditioning|WiFi access|Water bottle
A-47501,RA-05120,Standard Room · City view,Double Bed|200 sq.ft|3 Adults|Blanket|TV|Air conditioning|Toiletries|Towels
A-96027,RA-71237,Deluxe room · City view,Double Bed|3 Adults|Blanket|Air conditioning|WiFi access|Attached washroom|Clothes rack
A-10840,RA-76895,Standard Double Room,Double Bed|140 sq.ft|2 Adults|Ironing facilities|Air conditioning|Towels|Shower|Conditioner
A-85340,RA-99174,"Junior Suite, 1 Bedroom Junior Suite, 1 King",King Bed|689 sq.ft|3 Adults|Tea/coffee maker|Minibar|Duvet|Feather pillow|Air conditioning
A-45700,RA-78228,Standard Non Ac Room · City view,Double Bed|300 sq.ft|2 Adults|Pillow menu|Blackout curtains|Flat-screen TV|Linens|Wardrobe/closet
A-68485,RA-83228,Queen Room with Balcony · City view,Queen Bed|110 sq.ft|3 Adults|Blanket|Attached washroom|Fan
A-54510,RA-93119,Deluxe AC Room · City view,Double Bed|180 sq.ft|3 Adults|Blanket|Water bottle|Attached washroom
A-30497,RA-79167,Standard Non AC Room · City view,Double Bed|144 sq.ft|3 Adults|Wardrobe/closet|Blanket|TV|WiFi access|Clothes rack
A-84482,RA-45523,Deluxe Room,Double Bed|140 sq.ft|2 Adults|Flat-screen TV|Wake up service|TV|Air conditioning|Toiletries
A-01492,RA-59772,King Suite · City view,Double Bed|250 sq.ft|2 Adults|TV|Air conditioning|Towels|Private bathroom|Fan
A-07571,RA-73369,Entire 2BHK Executive Apartment - Unit 2 · City view,Double Bed|1700 sq.ft|4 Adults|Blanket|TV|Air conditioning|WiFi access|Water bottle
A-14575,RA-07494,Premium Room,Double Bed|220 sq.ft|2 Adults|Flat-screen TV|Dining area|Walk-in closet|Linens|Wardrobe/closet
A-49665,RA-18007,Triple Bed AC Room · City view,Double Bed|225 sq.ft|3 Adults|Blanket|TV|Towels|WiFi access|Cushions
A-21035,RA-10740,Two-Bedroom Apartment · City view,Double Bed|1200 sq.ft|4 Adults|Blackout curtains|Sofa|Blanket|TV|Air conditioning
A-22804,RA-80586,"Executive Room, 1 Queen Bed, City View · Courtyard",QueenBed|312 sq.ft|3 Adults|Minibar|Blackout curtains|Flat-screen TV|Ironing facilities|Toiletries
A-61437,RA-50119,Suite Room · City view,King Bed|230 sq.ft|2 Adults|Blackout curtains|Flat-screen TV|Linens|Wardrobe/closet|Wake up service
A-33257,RA-67190,Deluxe Room · City view,Double Bed|3 Adults|Sofa|Blanket|WiFi access|Clothes rack|Charging points|Trash can
A-40326,RA-52753,Studio Room,1 double bed|194 sq.ft|2 Guests|Tea/coffee maker|Fridge|Blackout curtains|Flat-screen TV|Linens
A-74326,RA-89473,Deluxe Room,Double Bed|150 sq.ft|2 Adults|Flat-screen TV|Wake up service|TV|Air conditioning|Toiletries
A-67065,RA-03642,Business Room,Double Bed|215 sq.ft|3 Adults|Tea/coffee maker|Blackout curtains|Sofa|Duvet|Blanket
A-12319,RA-87612,King Suites Room · City view,King Bed|180 sq.ft|3 Adults|Blanket|Water bottle|Attached washroom
A-55982,RA-07405,Two BHK Service Apartment · City view,Double Bed|168 sq.ft|5 Adults|Dining area|Sofa|Blanket|TV|Iron
A-19664,RA-92848,Deluxe Four Bed AC · City view,Double Bed|300 sq.ft|4 Adults|Wardrobe/closet|Blanket|TV|Air conditioning|Toiletries
A-68667,RA-80038,Double Room with Balcony · Landmark view,Double Bed|250 sq.ft|3 Adults|Wardrobe/closet|Blanket|TV|Air conditioning|Towels
A-60352,RA-25791,Executive AC room · City view,Double Bed|200 sq.ft|3 Adults|Wardrobe/closet|Blanket|TV|Air conditioning|Toiletries
A-85174,RA-83016,Family AC Room · City view,King Bed|310 sq.ft|3 Adults|Blanket|Water bottle|Attached washroom
A-63396,RA-27031,Deluxe Room · City view,Double Bed|225 sq.ft|3 Adults|Blanket|TV|Air conditioning|Toiletries|Towels
A-14775,RA-05192,Classic,Double Bed|130 sq.ft|2 Adults|Flat-screen TV|Attached washroom|Fan
A-21863,RA-32752,King Room with Balcony · City view,King Bed|320 sq.ft|3 Adults|Sofa|Wardrobe/closet|Blanket|TV|Ironing facilities
A-21949,RA-69044,Luxury 1 Bedroom Apartment · City view,Double Bed|646 sq.ft|3 Adults|Fridge|Blanket|TV|Air conditioning|WiFi access
A-43933,RA-50823,Smart Studio,Queen Bed|290 sq.ft|2 Adults|Blanket|TV|Air conditioning|Toiletries|Towels
A-82813,RA-87451,"Club Room, 1 Queen Bed, Smoking, Tower",
A-49194,RA-45783,Deluxe Room,151 sq.ft|2 Guests|Flat-screen TV|Linens|TV|Air conditioning|Toiletries
A-05680,RA-38439,"Executive Double Room, Balcony, City View",
A-49016,RA-37573,Standard Double · City view,Double Bed|140 sq.ft|2 Adults|Wardrobe/closet|Blanket|TV|Air conditioning|Toiletries
A-45700,RA-14712,Standard Ac Room · City view,Twin Bed|250 sq.ft|2 Adults|Blackout curtains|Flat-screen TV|Linens|Feather pillow|Wardrobe/closet
A-12030,RA-05155,SUITE ROOM · City view,Double Bed|3 Adults|Fridge|Sofa|TV|Air conditioning|WiFi access
A-67695,RA-05026,Deluxe,
A-37444,RA-02262,Pool Side Cottage · Pool view,Double Bed|484 sq.ft|3 Adults|Blanket|Water bottle|Housekeeping|Attached washroom|Clothes rack
A-79411,RA-56740,Executive Twin Room · City view,Twin Bed|220 sq.ft|2 Adults|Blanket|Attached washroom|Fan
A-10534,RA-34145,Comfort Room,
A-55967,RA-72957,Deluxe Double AC · City view,Grand King Bed|3 Adults|Wardrobe/closet|Blanket|TV|WiFi access|Water bottle
A-24642,RA-19655,Classic Triple Room,
A-46386,RA-83459,Executive Room · City view,Double Bed|295 sq.ft|2 Adults|Fridge|Blanket|Water bottle|Attached washroom|Fan|Desk
A-95067,RA-17557,"Premium Room, 1 Queen Bed",
A-13270,RA-99942,Twin Room with View · City view,Double Bed|350 sq.ft|3 Adults|Wardrobe/closet|Blanket|TV|Air conditioning|Toiletries
A-78529,RA-04136,Junior Suite Room · City view,Double Bed|400 sq.ft|3 Adults|Blanket|Air conditioning|Water bottle|Attached washroom
A-80317,RA-80255,Suite · City view,Double Bed|540 sq.ft|3 Adults|Minibar|Dining table|Sofa|TV|Ironing facilities
A-39184,RA-43570,Superior AC Room,Double Bed|100 sq.ft|3 Adults|Fridge|Wardrobe/closet|Blanket|TV|Air conditioning
A-37989,RA-18266,House,
A-94019,RA-60743,Nazaara G4 · City view,Queen Bed|110 sq.ft|3 Adults|Blanket|Attached washroom|Fan
A-40891,RA-45508,Deluxe Room,
A-84952,RA-12995,Basic Double Room,
A-12046,RA-75403,Twin Bed Room · City view,Double Bed|150 sq.ft|3 Adults|Blanket|TV|Air conditioning|Toiletries|Towels
A-00371,RA-54241,Superior Room Twin · City view,Twin Bed|120 sq.ft|3 Adults|Blanket|TV|Air conditioning|WiFi access|Water bottle
A-95500,RA-40783,Suite · City view,Double Bed|150 sq.ft|2 Adults|TV|Towels|Fan|Shower|Desk|Trash can
A-72062,RA-27912,Premium Room,Double Bed|240 sq.ft|2 Adults|Flat-screen TV|Wake up service|TV|Air conditioning|Toiletries
A-53956,RA-29869,Deluxe Room · City view,Double Bed|150 sq.ft|3 Adults|TV|Air conditioning|Towels
A-88403,RA-78442,Aqua · City view,Queen Bed|204 sq.ft|3 Adults|Dining area|Wardrobe/closet|Blanket|TV|Air conditioning
A-78529,RA-92154,Superior Room · City view,Double Bed|185 sq.ft|3 Adults|Blanket|Air conditioning|Water bottle|Attached washroom|Clothes rack
A-17010,RA-54143,Deluxe Twin Room Type A,
A-62473,RA-80854,Triple Room without Air Conditioning,
A-87822,RA-29401,Standard Room · City view,Double Bed|150 sq.ft|3 Adults|Blanket|TV|Air conditioning|Toiletries|Towels
A-54777,RA-63455,"Deluxe Double Room, Air conditioning",
A-85174,RA-36052,Deluxe Room With Balcony · City view,King Bed|260 sq.ft|3 Adults|Blanket|Water bottle|Attached washroom
A-85340,RA-36386,"Guest room, 2 Double",Double Bed|344 sq.ft|3 Adults|Tea/coffee maker|Minibar|Duvet|Feather pillow|Air conditioning
A-80977,RA-66188,Deluxe Room,Double Bed|170 sq.ft|3 Adults|Blackout curtains|Blanket|TV|Air conditioning|WiFi access
A-27839,RA-62187,Premium Room,
A-40326,RA-17162,Standard Room,
A-18469,RA-93718,Deluxe Room,
A-87816,RA-69312,"Standard Room, 1 Queen Bed",205 sq.ft|2 Adults|Coffee machine|Fridge|Blackout curtains|Wardrobe/closet|TV
A-67751,RA-07050,Suite,Double Bed|100 sq.ft|2 Adults
A-04979,RA-47570,Classic Room,2 Adults|Wardrobe/closet|Blanket|TV|Air conditioning|Toiletries
A-85515,RA-74787,Classic,100 sq.ft|2 Adults|Flat-screen TV|Attached washroom|Fan
A-41836,RA-75006,Suite,
A-39489,RA-67652,Room,
A-97677,RA-86138,Luxury Room Lake View King Bed · Lake view,King Bed|355 sq.ft|3 Adults|Fridge|Blackout curtains|Flat-screen TV|Duvet|Linens
A-17130,RA-25519,Economy Room,QueenBed|151 sq.ft|2 Adults|Toiletries|Private bathroom|Shower|Desk|Room service
A-91275,RA-76772,Classic,Double Bed|130 sq.ft|2 Adults|Flat-screen TV|Blanket|Air conditioning|Water bottle|Attached washroom|Fan
A-73893,RA-33534,Premium AC Room,Double Bed|160 sq.ft|3 Adults|Blanket|Air conditioning|Fan
A-30580,RA-98394,Azure · City view,Double Bed|256 sq.ft|3 Adults|Fridge|Minibar|Separate living room|Wardrobe/closet|Blanket
A-96234,RA-83015,Classic Double Room,
A-21577,RA-45103,Standard Twin,Twin Bed|185 sq.ft|3 Adults|Flat-screen TV|Duvet|Linens|Feather pillow|Wardrobe/closet
A-76184,RA-21314,The Den Room,
A-95885,RA-45973,Deluxe Room,Double Bed|150 sq.ft|2 Adults|Blanket|TV|Toiletries|Towels|WiFi access
A-29395,RA-00780,Classic Room,3 Adults|Wardrobe/closet|TV|Air conditioning|Towels|Fan|Shower
A-51641,RA-12128,Superior AC Room · City view,Double Bed|180 sq.ft|3 Adults|Blanket|Water bottle|Attached washroom
A-40349,RA-87064,Standard NON AC ROOM · City view,Double Bed|160 sq.ft|3 Adults|Linens|Blanket|TV|Towels|WiFi access
A-59269,RA-37075,Suite Room · City view,King Bed|144 sq.ft|3 Adults|Blanket|TV|Air conditioning|WiFi access|Water bottle
A-75266,RA-92016,Standard Room,151 sq.ft|2 Guests|Flat-screen TV|TV|Air conditioning|Toiletries|Towels
A-64438,RA-70033,Economy Double Room,
A-83890,RA-27992,Suite Room,King Bed|180 sq.ft|3 Adults|Blanket|Air conditioning|Fan
A-22704,RA-33059,Junior Suite · City view,Double Bed|100 sq.ft|2 Adults|Blanket|TV|Air conditioning|WiFi access|Water bottle
A-32094,RA-84790,"Winter Green, Studio, 2 Twin, No view",Twin Bed|269 sq.ft|3 Adults|Tea/coffee maker|Air conditioning|Water bottle|Geyser|Safe|Cable channels
A-38455,RA-30761,Non AC Room · City view,King Bed|120 sq.ft|2 Adults|Blanket|TV|Toiletries|Towels|WiFi access
A-22726,RA-38344,"Signature Room, 1 King Bed (Long Stay) · City view",KingBed|840 sq.ft|4 Adults|Wine/champagne|Minibar|Blackout curtains|Dining area|Dining table
A-23099,RA-56170,Club Suite Room · City view,Double Bed|317 sq.ft|2 Adults|Fridge|Blanket|TV|WiFi access|Attached washroom
A-57307,RA-39423,Executive Room Non AC · City view,Double Bed|180 sq.ft|3 Adults|Wardrobe/closet|Blanket|TV|Towels|WiFi access
A-63793,RA-02368,Deluxe Room,Double Bed|120 sq.ft|2 Adults|Blackout curtains|Blanket|Attached washroom|Fan|Charging points|Dustbin
A-22152,RA-01951,Super Deluxe · City view,Double Bed|3 Adults|Wardrobe/closet|Blanket|TV|Air conditioning|Toiletries
A-01611,RA-51399,Grand Suites - AC Room,King Bed|120 sq.ft|3 Adults|Blackout curtains|Blanket|TV|Air conditioning|WiFi access
A-23894,RA-29572,"Deluxe Suite, Club lounge access, Suite, 1 King",King Bed|613 sq.ft|3 Adults|Tea/coffee maker|Minibar|Duvet|Feather pillow|Streaming services
A-63585,RA-69496,Double Room AC,Double Bed|140 sq.ft|3 Adults|Blackout curtains|Blanket|TV|Air conditioning|WiFi access
A-94010,RA-89493,Executive Room,
A-21571,RA-00023,Four Bedded Executive NON AC · City view,Double Bed|324 sq.ft|4 Adults|Fridge|Minibar|TV|Air conditioning|Towels
A-14358,RA-30157,1 Bedroom Apartment · City view,Double Bed|600 sq.ft|3 Adults|Tea/coffee maker|Fridge|Flat-screen TV|Wardrobe/closet|Blanket
A-99080,RA-06235,Double Deluxe Room Ac · City view,Twin Bed|150 sq.ft|3 Adults|Fridge|Blanket|Air conditioning|WiFi access|Water bottle
A-21496,RA-41259,Standard Room AC,Double Bed|120 sq.ft|2 Adults|Blanket|TV|Air conditioning|WiFi access|Water bottle
A-81265,RA-75913,Deluxe,King Bed|130 sq.ft|2 Adults|Blackout curtains|Blanket|Charging points
A-07086,RA-32590,Villa,7503 sq.ft|6 Guests|Wardrobe/closet|TV|Ironing facilities|Air conditioning|Toiletries
A-49545,RA-16158,Deluxe Double Room · City view,Double Bed|180 sq.ft|3 Adults|Minibar|Sofa|Blanket|TV|Ironing facilities
A-93984,RA-99477,Deluxe Double Room - Non AC · City view,Double Bed|180 sq.ft|3 Adults|Wardrobe/closet|Blanket|TV|Towels|WiFi access
A-56547,RA-90701,Executive Room · City view,Double Bed|249 sq.ft|3 Adults|Blanket|TV|Air conditioning|Toiletries|WiFi access
A-73153,RA-10440,"Standard Double Room, Balcony, City View",
A-29104,RA-56352,ROOM WITH KITCHEN AND BALCONY,
A-92024,RA-22668,Premium Pool View Room · City view,Double Bed|320 sq.ft|3 Adults|Fridge|Wardrobe/closet|Blanket|Water bottle|Attached washroom
A-21496,RA-81469,Superior Deluxe Room AC,Double Bed|140 sq.ft|3 Adults|Blanket|TV|Air conditioning|Toiletries|WiFi access
A-98435,RA-90804,Standard Twin,Twin Bed|140 sq.ft|2 Adults|Wardrobe/closet|Blanket|Toiletries|WiFi access|Water bottle
A-61780,RA-19632,Executive Room · City view,Double Bed|175 sq.ft|3 Adults|Flat-screen TV|TV|Air conditioning|Mirror
A-77891,RA-37596,Executive Twin Room · City view,Double Bed|3 Adults|Blanket|TV|Air conditioning|Water bottle|Attached washroom
A-30464,RA-23046,Suite - 1 Double Bed - City View · City view,Double Bed|350 sq.ft|3 Adults|Blanket|Water bottle|Attached washroom
A-59423,RA-48008,Standard Room,
A-02701,RA-04146,Standard Room · City view,Double Bed|140 sq.ft|2 Adults|Linens|Blanket|TV|Towels|Cushions
A-53278,RA-22899,Deluxe Twin bed · City view,Double Bed|240 sq.ft|3 Adults|Flat-screen TV|Linens|Blanket|TV|Toiletries
A-76271,RA-18672,Deluxe Suite · City view,Double Bed|363 sq.ft|3 Adults|Blanket|Water bottle|Attached washroom|Clothes rack|Fan
A-22726,RA-74752,"Deluxe Room, 1 King Bed",
A-90693,RA-33191,Executive Twin Room,Twin Bed|180 sq.ft|2 Adults|Blanket|TV|Toiletries|Towels|WiFi access
A-07393,RA-27148,"Deluxe Double or Twin Room, City View · City view",QueenBed|180 sq.ft|3 Adults|Wardrobe/closet|Toiletries|Private bathroom|Shower|Body soap
A-63145,RA-56012,Standard Room,
A-02171,RA-73898,Deluxe AC Room · City view,Double Bed|166 sq.ft|3 Adults|Blanket|TV|Air conditioning|Towels|WiFi access
A-75821,RA-50581,Classic,Queen Bed|143 sq.ft|3 Adults|Tea/coffee maker|Coffee machine|Fridge|Blackout curtains|Flat-screen TV
A-46829,RA-74949,Premium,Double Bed|125 sq.ft|2 Adults|Blanket|Air conditioning|Attached washroom|Fan
A-80800,RA-72901,Superior Room · City view,Double Bed|190 sq.ft|2 Adults|Blanket|Air conditioning|WiFi access|Water bottle|Attached washroom
A-60891,RA-01532,Standard Non AC Room,Double Bed|110 sq.ft|2 Adults|Blanket|Towels|Attached washroom|Fan|Charging points
A-25504,RA-28229,Premium Room In a Houseboat Full time AC,
A-15126,RA-11265,"Deluxe Double Room, Balcony","TwinXLBed,FullBed|150 sq.ft|3 Adults|Wardrobe/closet|Ironing facilities|Toiletries|Bathtub|Private bathroom"
A-78529,RA-86583,Executive Twin Room · City view,Twin Bed|240 sq.ft|3 Adults|Blanket|Air conditioning|Attached washroom
A-17482,RA-01204,Standard Room,
A-49112,RA-31830,Deluxe Room · City view,Double Bed|256 sq.ft|3 Adults|Minibar|Flat-screen TV|Wardrobe/closet|Blanket|TV
A-55340,RA-07610,Double Room,
A-82852,RA-84398,Deluxe,2153 sq.ft|2 Guests|Dining table|Linens|Washing machine|Microwave|Toiletries
A-46812,RA-94716,Classic,2 Adults|Flat-screen TV|Attached washroom|Fan
A-81435,RA-28641,Family Room · City view,Double Bed|180 sq.ft|3 Adults|Dining table|Ironing facilities|Air conditioning|Microwave|Towels
A-84923,RA-45244,Double Room · City view,Double Bed|120 sq.ft|3 Adults|Minibar|Linens|Blanket|TV|Towels
A-89418,RA-79510,Non AC Room,3 Guests
A-72898,RA-26960,Deluxe Room,
A-64943,RA-16922,Deluxe Twin Room · City view,Twin Bed|150 sq.ft|3 Adults|Blanket|Water bottle|Attached washroom|Clothes rack|Fan|Charging points
A-14143,RA-36646,Standard,Double Bed|150 sq.ft|2 Adults|Blanket|Attached washroom|Fan
A-31424,RA-69650,Deluxe Room,Double Bed|1938 sq.ft|3 Adults|Minibar|Sofa|Blanket|TV|Toiletries
A-46719,RA-18099,Standard,
A-12319,RA-87719,Stanza Executive Room · City view,Double Bed|200 sq.ft|3 Adults|Blanket|Water bottle|Attached washroom
A-42698,RA-58431,Standard Room Non A/c · City view,Double Bed|125 sq.ft|3 Adults|Minibar|Flat-screen TV|Linens|Blanket|TV
A-09049,RA-56704,Suite,Double Bed|100 sq.ft|2 Adults|Blanket|TV|Air conditioning|Toiletries|Towels
A-88093,RA-20395,Premier King Room · City view,Double Bed|250 sq.ft|3 Adults|Blanket|TV|Air conditioning|WiFi access|Water bottle
A-88510,RA-41637,Family Suite · City view,Double Bed|190 sq.ft|3 Adults|Dining table|Wardrobe/closet|Blanket|TV|Toiletries
A-60980,RA-43159,Deluxe King Room with AC · Balcony,King Bed|200 sq.ft|3 Adults|Blackout curtains|Wardrobe/closet|TV|Air conditioning|Toiletries
A-96665,RA-63796,Deluxe Room · City view,Double Bed|140 sq.ft|3 Adults|Blanket|Water bottle|Attached washroom|Toilet paper|Mirror
A-92550,RA-77633,Executive Room,Double Bed|100 sq.ft|2 Adults|Flat-screen TV|Wake up service|TV|Air conditioning|Toiletries
A-43890,RA-49294,Superior Twin Room · City view,Twin Bed|220 sq.ft|3 Adults|Fridge|Sofa|Wardrobe/closet|Blanket|TV
A-38070,RA-28814,Deluxe Club Room · Street View,King Bed|350 sq.ft|3 Adults|Fridge|Blackout curtains|Flat-screen TV|Wardrobe/closet|Blanket
A-19544,RA-10648,Deluxe Room,Double Bed|100 sq.ft|2 Adults|Blackout curtains|Blanket|TV|WiFi access|Attached washroom
A-15287,RA-07269,Superior,
A-13616,RA-04409,"Deluxe Double or Twin Room, Balcony, City View · City view",TwinBed|195 sq.ft|9 Adults|Fridge|TV|Microwave|Oven|Hairdryer
A-29121,RA-63938,Classic,Double Bed|130 sq.ft|3 Adults|Blanket|Attached washroom|Fan
A-65172,RA-05227,Deluxe,
A-50705,RA-16440,Basic Room · City view,Double Bed|150 sq.ft|2 Adults|Blanket|Air conditioning|WiFi access|Water bottle|Attached washroom
A-42951,RA-74115,Standard Double AC,King Bed|120 sq.ft|2 Adults|Blanket|TV|Air conditioning|WiFi access|Water bottle
A-20053,RA-08261,Suite Room · City view,King Bed|500 sq.ft|3 Adults|Blanket|TV|Air conditioning|Toiletries|WiFi access
A-92314,RA-99048,Luxury Suite · Garden view,King Bed|764 sq.ft|3 Adults|Fridge|Minibar|Blackout curtains|Flat-screen TV|Sofa
A-40470,RA-36012,Standard Double Room,
A-83693,RA-99284,AZURE Suite Apartment A6,
A-92229,RA-72760,Junior Suite,Double Bed|177 sq.ft|2 Adults|Blanket|Attached washroom|First aid kit
A-11609,RA-28883,Classic Room,Double Bed|100 sq.ft|2 Adults|Fridge|Wardrobe/closet|TV|Air conditioning|Washing machine
A-21720,RA-76994,Executive Suite,King Bed|484 sq.ft|3 Adults|Fridge|Minibar|Blackout curtains|Flat-screen TV|Separate living room
A-55491,RA-84756,Deluxe Non- Air Conditioning Room,
A-23696,RA-25803,Classic with City View,Double Bed|100 sq.ft|2 Adults|Blanket|Attached washroom|Fan
A-92994,RA-23638,Deluxe Room,Double Bed|170 sq.ft|3 Adults|Blanket|Air conditioning|Fan
A-21902,RA-26345,Executive King Room,Double Bed|240 sq.ft|3 Adults|Blanket|TV|Air conditioning|Toiletries|Bathtub
A-17296,RA-00301,Standard Room,
A-32386,RA-90210,Executive Room · City view,300 sq.ft|3 Adults|Minibar|Blackout curtains|TV|Ironing facilities|Toiletries
A-29931,RA-20990,Deluxe Queen Room · City view,Double Bed|150 sq.ft|3 Adults|Blanket|TV|Air conditioning|WiFi access|Water bottle
A-17183,RA-57444,Bamboo Cottage,
A-78334,RA-63432,Standard Room,
A-18821,RA-02004,Family AC Room · City view,Double Bed|120 sq.ft|3 Adults|Blackout curtains|Blanket|Water bottle|Attached washroom|Charging points
A-81789,RA-74574,Executive Twin Room,Twin Bed|130 sq.ft|2 Adults|Blanket|Towels|WiFi access|Water bottle|Housekeeping
A-87337,RA-99625,Studio Room,Double Bed|180 sq.ft|2 Adults|Tea/coffee maker|Minibar|Blackout curtains|Flat-screen TV|Walk-in closet
A-73300,RA-86283,Family Room · City view,Double Bed|180 sq.ft|3 Adults|Minibar|Flat-screen TV|Linens|Blanket|TV
A-08424,RA-08106,Standard Room,Double Bed|120 sq.ft|2 Adults|Blanket|Attached washroom|Fan
A-56920,RA-97704,Premium Room · City view,Double Bed|120 sq.ft|2 Adults|Blanket|Water bottle|Attached washroom
A-61576,RA-90606,Standard Room,4306 sq.ft|2 Guests|Wine glasses|Dining table|Sofa|Wardrobe/closet|Extra long beds (> 6.5 ft)
A-74228,RA-72309,Deluxe Room · City view,Double Bed|150 sq.ft|2 Adults|Flat-screen TV|Linens|Wardrobe/closet|Wake up service|Blanket
A-04240,RA-83476,Three Bed Room · City view,Double Bed|210 sq.ft|3 Adults|Blanket|Attached washroom|Fan
A-08901,RA-60565,Deluxe Double Room · City view,King Bed|240 sq.ft|3 Adults|Wardrobe/closet|Blanket|TV|Air conditioning|WiFi access
A-62202,RA-44370,Executive Terrace Room · City view,Double Bed|425 sq.ft|3 Adults|Blanket|Ironing facilities|Air conditioning|WiFi access|Water bottle
A-68961,RA-65067,King Club Room · City view,King Bed|420 sq.ft|3 Adults|Air conditioning|Water bottle|Attached washroom|Accessible by elevator
A-41410,RA-12509,Classic,Double Bed|100 sq.ft|3 Adults|Flat-screen TV|Attached washroom|Fan
A-10603,RA-30830,Super Deluxe Room ( AC ) · City view,King Bed|100 sq.ft|2 Adults|Wardrobe/closet|Blanket|TV|Air conditioning|Toiletries
A-09106,RA-18997,DELUXE DOUBLE BED ROOM A/C,Double Bed|140 sq.ft|2 Adults|Feather pillow|Blanket|Ironing facilities|Air conditioning|Attached washroom
A-75224,RA-36879,Superior Double Room,Double Bed|170 sq.ft|3 Adults|Wardrobe/closet|TV|Ironing facilities|Air conditioning|Toiletries
A-75730,RA-16495,Standard Room,Double Bed|180 sq.ft|3 Adults|Blackout curtains|Flat-screen TV|Wardrobe/closet|Blanket|TV
A-96215,RA-21596,Deluxe Family Room · City view,Double Bed|110 sq.ft|3 Adults|Blanket|Attached washroom|Fan
A-74401,RA-62329,Standard Non AC Room · City view,Double Bed|250 sq.ft|3 Adults|Wardrobe/closet|Blanket|Water bottle|Attached washroom|Clothes rack
A-63518,RA-49265,"Premium Room, 1 King Bed · City view",King Bed|410 sq.ft|3 Adults|Blanket|Air conditioning|Toiletries|WiFi access|Water bottle
A-89049,RA-70517,Executive Room AC · City view,Double Bed|150 sq.ft|3 Adults|Minibar|Flat-screen TV|Linens|Blanket|TV
A-85496,RA-82982,Standard Room,Double Bed|120 sq.ft|2 Adults|TV|Cushions|Water bottle|Housekeeping|Attached washroom
A-94833,RA-22774,Deluxe Room Non AC · City view,Double Bed|200 sq.ft|3 Adults|Wardrobe/closet|Blanket|Water bottle|Housekeeping|Attached washroom
A-27811,RA-03715,Double Room (Sunshine) · City view,Queen Bed|205 sq.ft|3 Adults|Dining area|Linens|Wardrobe/closet|Wake up service|Blanket
A-37259,RA-50691,Premium Twin,Double Bed|250 sq.ft|3 Adults|Blanket|TV|Air conditioning|Toiletries|Towels
A-51291,RA-58989,1BHK on Ground Floor (AC in Bedroom) · City view,Double Bed|325 sq.ft|3 Adults|Blanket|TV|Air conditioning|Toiletries|Towels
A-75372,RA-73785,Citrus Room,King Bed|220 sq.ft|2 Adults|Blanket|TV|WiFi access|Attached washroom
A-89705,RA-09848,Deluxe Room AC · City view,Double Bed|200 sq.ft|3 Adults|Minibar|Flat-screen TV|Linens|TV|Toiletries
A-70971,RA-06991,Executive Room,
A-05517,RA-15854,Family Room,Double Bed|100 sq.ft|2 Adults|Blanket|Attached washroom|Fan
A-80010,RA-39999,Family Room,
A-88065,RA-62379,Deluxe King,
A-48879,RA-13471,"Standard Double Room, Non Smoking, City View",
A-14041,RA-09713,Deluxe Double Room,King Bed|205 sq.ft|2 Adults|Blanket|Air conditioning|Attached washroom|Fan|Accessible by elevator|First aid kit
A-87816,RA-77146,Standard Room,215 sq.ft|2 Adults|Coffee machine|Fridge|Blackout curtains|Wardrobe/closet|TV
A-07042,RA-17088,Deluxe Double Room with Balcony,Double Bed|100 sq.ft|2 Adults|Blackout curtains|Blanket|TV|Air conditioning|WiFi access
A-62104,RA-04157,Triple Deluxe Room · City view,Triple Bed|180 sq.ft|3 Adults|TV|Ironing facilities|Heating|Water bottle|Housekeeping
A-04169,RA-86009,Standard Room,
A-58431,RA-41808,Executive Double Room,FullBed|3 Adults|Coffee machine|Minibar|Wardrobe/closet|Ironing facilities|Toiletries
A-36218,RA-32571,Deluxe Twin Room · City view,Twin Bed|160 sq.ft|2 Adults|Fridge|Blanket|Air conditioning|WiFi access|Housekeeping
A-53396,RA-19746,Deluxe Room · City view,Double Bed|110 sq.ft|2 Adults|Fridge|Wardrobe/closet|Blanket|TV|Water bottle
A-37948,RA-12063,Classic Room,3 Adults|Wardrobe/closet|TV|Air conditioning|Towels|Fan|Shower
A-22704,RA-40774,Studio · City view,Double Bed|100 sq.ft|2 Adults|Blanket|TV|Air conditioning|Toiletries|WiFi access
A-87816,RA-60733,"Standard Room, 2 Twin Beds",205 sq.ft|2 Adults|Coffee machine|Fridge|Blackout curtains|Wardrobe/closet|TV
A-94019,RA-04417,Nazaara 103 · City view,Queen Bed|110 sq.ft|3 Adults|Blanket|Attached washroom|Fan
A-77931,RA-26615,Executive Room · City view,Double Bed|180 sq.ft|2 Adults|Blanket|Air conditioning|Water bottle|Accessible by elevator
A-02304,RA-18083,Teakwood- Twin Bed · City view,Double Bed|200 sq.ft|3 Adults|Blanket|TV|Water bottle|Clothes rack|Fan
A-97430,RA-44814,Executive Room · City view,Double Bed|210 sq.ft|3 Adults|Fridge|Blanket|TV|Ironing facilities|Air conditioning
A-80720,RA-44863,Economy 2 Bedroom Suite · City view,King Bed|250 sq.ft|6 Adults|Fridge|Wardrobe/closet|Blanket|TV|Attached washroom
A-25914,RA-37440,Super Deluxe AC · City view,Double Bed|120 sq.ft|3 Adults|Linens|Blanket|TV|Towels|Cushions
A-92380,RA-66581,Ivory Suite · City view,Double Bed|450 sq.ft|3 Adults|Blanket|Air conditioning|WiFi access|Water bottle|Attached washroom
A-12929,RA-54723,Premium Room · City view,Double Bed|100 sq.ft|3 Adults|Blanket|Water bottle|Attached washroom|Clothes rack|Fan
A-35676,RA-84850,Standard Non AC Double Room · City view,Double Bed|160 sq.ft|3 Adults|Minibar|TV|Toiletries|Towels|Bathtub
A-88510,RA-41798,Family Suite Non AC Room · City view,Double Bed|350 sq.ft|4 Adults|Wardrobe/closet|Blanket|Air conditioning|WiFi access|Water bottle
A-67135,RA-55355,"Family Double Room, 1 King Bed · City view",KingBed|155 sq.ft|2 Adults|Minibar|Blackout curtains|Ironing facilities|Toiletries|Hairdryer
A-58130,RA-18795,Classic Room,120 sq.ft|3 Adults|Blanket|TV|Air conditioning|Toiletries|Towels
A-82459,RA-17861,Standard Family Double,194 sq.ft|2 Guests|Linens|Wardrobe/closet|Ironing facilities|Air conditioning|Toiletries
A-57448,RA-30470,Executive Twin Room,
A-35314,RA-76223,Deluxe Room,Double Bed|200 sq.ft|2 Adults|Wardrobe/closet|TV|Air conditioning|Toiletries|WiFi access
A-43933,RA-49070,Flexi Suite,Queen Bed|345 sq.ft|2 Adults|Blanket|TV|Air conditioning|Toiletries|Towels
A-30100,RA-17116,Deluxe,2 Adults
A-27202,RA-37083,Twin Superior Capsule Pod,Twin Bed|39 sq.ft|2 Adults|Blanket|Iron|Air conditioning|Heating|Toiletries
A-70958,RA-22416,Suite,
A-93844,RA-08086,Suite Room AC · City view,Double Bed|200 sq.ft|3 Adults|Fridge|Separate living room|Sofa|Wardrobe/closet|Blanket
A-40114,RA-87022,Super Deluxe Room,5382 sq.ft|1 Adult|Fridge|Sofa|Linens|Wardrobe/closet|Extra long beds (> 6.5 ft)
A-76271,RA-40362,Penthouse Suite · City view,Double Bed|394 sq.ft|3 Adults|Blanket|TV|Air conditioning|Toiletries|WiFi access
A-59039,RA-94882,Double Room Non AC,Double Bed|169 sq.ft|3 Adults|Attached washroom|Fan|First aid kit
A-37886,RA-12935,Deluxe Room · City view,Double Bed|120 sq.ft|3 Adults|TV|Air conditioning|Toiletries|Towels|Housekeeping
A-35405,RA-83148,Deluxe,2 Adults
A-92229,RA-47846,Executive Suite,Double Bed|410 sq.ft|2 Adults|Blanket|Attached washroom|Fan
A-16795,RA-04569,Suite Room · City view,Double Bed|400 sq.ft|2 Adults|Blanket|Air conditioning|WiFi access|Attached washroom|Charging points
A-60405,RA-18856,Classic,Double Bed|100 sq.ft|2 Adults|Flat-screen TV|Fan
A-51096,RA-29000,City Room,
A-19397,RA-56100,House,
A-43725,RA-33830,Deluxe Room with 1 King Bed,
A-56545,RA-26302,Standard King,Double Bed|150 sq.ft|3 Adults|Flat-screen TV|Duvet|Linens|Wardrobe/closet|Wake up service
A-18592,RA-76996,Deluxe Double Room · City view,Double Bed|190 sq.ft|3 Adults|Blanket|TV|WiFi access|Attached washroom|Shower|Charging points
A-26489,RA-00730,Executive Triple Room,2 Adults|Dining table|Ironing facilities|Air conditioning|Towels|Fan
A-00396,RA-17777,Luxury Room,Double Bed|625 sq.ft|3 Adults|Blackout curtains|Blanket|Air conditioning|Attached washroom|Fan
A-83682,RA-60891,Classic Room,Double Bed|120 sq.ft|3 Adults|Wardrobe/closet|Blanket|TV|Air conditioning|Towels
A-02343,RA-65016,Standard Room · City view,Queen Bed|250 sq.ft|2 Adults|Duvet|Linens|Wardrobe/closet|Wake up service|Blanket
A-22158,RA-57274,"Executive Double or Twin Room, City View · City view",TwinBed|220 sq.ft|2 Adults|Coffee machine|Minibar|Blackout curtains|Wardrobe/closet|Streaming services
A-09115,RA-91281,Studio Room · City view,3 Adults|Blanket|Water bottle|Attached washroom|Clothes rack|Fan|Charging points
A-09796,RA-23133,Deluxe Room,
A-51770,RA-86778,Deluxe Room · City view,King Bed|200 sq.ft|3 Adults|Blanket|Air conditioning|Attached washroom|Fan|Accessible by elevator|First aid kit
A-97559,RA-64315,Deluxe Room · City view,Queen Bed|210 sq.ft|3 Adults|Blanket|Air conditioning|Attached washroom|Fan
A-54440,RA-84377,EXECUTIVE DOUBLE ROOM · City view,Double Bed|300 sq.ft|3 Adults|Blackout curtains|Blanket|TV|Air conditioning|Attached washroom
A-21006,RA-06912,Deluxe with Balcony,Double Bed|100 sq.ft|2 Adults
A-43062,RA-92600,Deluxe Triple Room,1 single bed|140 sq.ft|3 Guests|Flat-screen TV|Sofa|Linens|Wardrobe/closet|Extra long beds (> 6.5 ft)
A-84624,RA-32082,Family Room · City view,Double Bed|646 sq.ft|4 Adults|Blanket|TV|Air conditioning|WiFi access|Water bottle
A-35449,RA-14771,Deluxe King Room,
A-15644,RA-46113,Deluxe Rooms,King Bed|227 sq.ft|2 Adults|Blackout curtains|Blanket|Air conditioning|WiFi access|Attached washroom
A-26962,RA-33083,Executive Double Room · City view,225 sq.ft|3 Adults|Fridge|Minibar|Sofa|Blanket|TV
A-19738,RA-56771,"Suite, Balcony, Garden View",
A-47571,RA-15207,Deluxe Twin or Double Room · City view,Double Bed|210 sq.ft|3 Adults|Blanket|TV|Ironing facilities|Air conditioning|Toiletries
A-99031,RA-70431,Superior Double Room,Double Bed|200 sq.ft|3 Adults|Blackout curtains|Flat-screen TV|Dining area|Walk-in closet|Blanket
A-07258,RA-89359,Executive Room · City view,Double Bed|250 sq.ft|3 Adults|Blanket|TV|Toiletries|WiFi access|Water bottle
A-56614,RA-64529,Deluxe Room · City view,Double Bed|125 sq.ft|3 Adults|Flat-screen TV|Linens|Blanket|Towels|Cushions
A-59079,RA-94050,House,
A-75381,RA-00516,Family Triple,1615 sq.ft|3 Guests|Flat-screen TV|Linens|Toiletries|Towels|Fan
A-05036,RA-92468,Deluxe Room with Balcony · City view,King Bed|300 sq.ft|3 Adults|Blanket|Water bottle|Attached washroom
A-80242,RA-72435,Deluxe Room,2 Guests
A-29011,RA-42260,Standard Queen,Queen Bed|120 sq.ft|2 Adults|Blanket|WiFi access|Water bottle|Attached washroom|Fan
A-29835,RA-34291,Premium Comfort Room,King Bed|210 sq.ft|3 Adults|Blackout curtains|Flat-screen TV|Feather pillow|Blanket|TV
A-40891,RA-00181,Suite - Lounge Access,
A-64684,RA-62181,Deluxe Twin Room AC · City view,Twin Bed|240 sq.ft|3 Adults|Blanket|TV|WiFi access|Water bottle|Attached washroom|Shower
A-56393,RA-80060,Sumo Suite,Double Bed|232 sq.ft|3 Adults|Fridge|Blanket|TV|Air conditioning|WiFi access
A-00938,RA-93504,Classic,Queen Bed|110 sq.ft|2 Adults|Fridge|Flat-screen TV|Wardrobe/closet|Blanket|TV
A-93482,RA-31517,Suite,2 Guests
A-34136,RA-98365,Deluxe Double Room,Double Bed|200 sq.ft|3 Adults|Blanket|Water bottle|Attached washroom|Fan|Desk|Electric kettle
A-86774,RA-11631,Resh · City view,Double Bed|288 sq.ft|3 Adults|Sofa|Wardrobe/closet|Blanket|TV|Air conditioning
A-08773,RA-22650,Deluxe Room,
A-11170,RA-55137,Classic,Queen Bed|195 sq.ft|3 Adults|Tea/coffee maker|Coffee machine|Fridge|Dining area|Wardrobe/closet
A-06027,RA-15607,Quadruple Room with Kitchen,
A-77425,RA-90310,"Deluxe Room, 1 Bedroom, City View",
A-99277,RA-86864,Standard Twin,Twin Bed|140 sq.ft|2 Adults|Blanket|Toiletries|WiFi access|Water bottle|Housekeeping
A-29931,RA-20180,Premium King Rooms · City view,Double Bed|180 sq.ft|3 Adults|Blanket|TV|Air conditioning|WiFi access|Water bottle
A-30100,RA-05101,Classic Room,Double Bed|100 sq.ft|2 Adults|Blanket|Attached washroom|Fan|Electric kettle
A-70612,RA-92744,Double Deluxe Room AC · City view,Double Bed|3 Adults|Wardrobe/closet|Blanket|TV|Air conditioning|WiFi access
A-81378,RA-13224,Superior Room · City view,Double Bed|3 Adults|Blanket|TV|Air conditioning|WiFi access|Water bottle
A-22319,RA-55243,JUNIOR SUITE ROOM · City view,Double Bed|574 sq.ft|3 Adults|Fridge|Wardrobe/closet|Blanket|TV|Air conditioning
A-94270,RA-04593,Two Bedroom Apartment,
A-35201,RA-55245,Club Room (Fortune Club Room) · City view,301 sq.ft|3 Adults|Fridge|Minibar|Sofa|Blanket|TV
A-26136,RA-19585,Deluxe Room with Balcony · City view,Double Bed|220 sq.ft|3 Adults|Blanket|Air conditioning|Water bottle|Housekeeping|Attached washroom
A-51891,RA-47420,Double Room · City view,Double Bed|100 sq.ft|3 Adults|Blanket|Attached washroom
A-32195,RA-67474,Economy Double Room · City view,Double Bed|225 sq.ft|3 Adults|Blanket|Air conditioning|WiFi access|Water bottle|Housekeeping
A-93716,RA-53744,Deluxe Room,2153 sq.ft|1 Adult|Wardrobe/closet|TV|Air conditioning|Toiletries|Towels
A-63067,RA-04976,Deluxe Room,
A-33797,RA-04104,Executive Room,King Bed|220 sq.ft|3 Adults|Flat-screen TV|Wardrobe/closet|Blanket|TV|Toiletries
A-11329,RA-84342,Deluxe King Room · City view,King Bed|240 sq.ft|3 Adults|Wardrobe/closet|Blanket|Air conditioning|WiFi access|Water bottle
A-44506,RA-40166,Deluxe Double Room,4177 sq.ft|2 Guests
A-22935,RA-84787,Sai Nivas - 2BHK - Flat 1 · City view,Queen Bed|1000 sq.ft|3 Adults|Blanket|Water bottle|Attached washroom|Trash can
A-43530,RA-13177,Deluxe Room · City view,Double Bed|3 Adults|Blanket|TV|WiFi access|Water bottle|Attached washroom
A-41018,RA-66166,Deluxe Quadruple Room · City view,Double Bed|300 sq.ft|4 Adults|Flat-screen TV|Blanket|TV|Toiletries|Towels
A-99804,RA-09825,Standard Double Room,Double Bed|150 sq.ft|2 Adults|Flat-screen TV|Air conditioning|WiFi access|Attached washroom|Fan
A-47877,RA-88960,Superior King Room · Garden view,King Bed|273 sq.ft|3 Adults|Fridge|Blackout curtains|Flat-screen TV|Separate living room|Sofa
A-87816,RA-38527,"Standard Room, 1 Queen Bed, Balcony (Turf View) · Garden view",226 sq.ft|2 Adults|Coffee machine|Fridge|Blackout curtains|Wardrobe/closet|TV
A-45482,RA-89162,Deluxe Room · City view,Double Bed|190 sq.ft|3 Adults|Fridge|Air conditioning|Fan|Electric kettle
A-56906,RA-34225,Deluxe Suite Room ( 1 King Bed & 2 Single beds) · City view,King Bed|250 sq.ft|3 Adults|Blanket|Water bottle|Attached washroom
A-71559,RA-52119,Family Suite with Balcony,2691 sq.ft|2 Guests|Fridge
A-82326,RA-23492,Deluxe Twin Room · City view,Twin Bed|218 sq.ft|3 Adults|Blanket|Attached washroom|Fan
A-54570,RA-63542,Standard Room · City view,Double Bed|270 sq.ft|3 Adults|Blanket|TV|WiFi access|Water bottle|Attached washroom
A-56906,RA-49234,Club Twin Room · City view,3 Adults|Blanket|Water bottle|Attached washroom|Fan|Desk
A-99899,RA-31311,AC Standard Room,
A-21084,RA-47898,Executive room - 2 Single Beds · City view,Twin Bed|320 sq.ft|3 Adults|Minibar|Blackout curtains|Sofa|Wardrobe/closet|Blanket
A-65840,RA-38459,Club Room · City view,Double Bed|3 Adults|Tea/coffee maker|Coffee machine|Dining table|Sofa|Blanket
A-51452,RA-89614,CLASSIC,Double Bed|130 sq.ft|2 Adults|Blanket|Air conditioning|Attached washroom
A-99714,RA-45546,Non - AC Deluxe Room,1292 sq.ft|2 Guests
A-31301,RA-01863,Family Room · City view,King Bed|160 sq.ft|2 Adults|Blackout curtains|TV|Air conditioning|WiFi access|Attached washroom
A-99922,RA-34990,Deluxe Duplex,
A-79411,RA-89126,Executive Twin Room With Balcony · Balcony,Twin Bed|250 sq.ft|2 Adults|Blanket|Attached washroom|Fan
A-33393,RA-39629,Family Room · City view,Double Bed|300 sq.ft|3 Adults|Flat-screen TV|Linens|Blanket|TV|Air conditioning
A-99774,RA-48604,Deluxe Apartment,4306 sq.ft|2 Guests|Fridge|Flat-screen TV|Separate living room|Sofa|Linens
A-08114,RA-05912,Premium Queen Room · City view,Queen Bed|290 sq.ft|2 Adults|Blackout curtains|Blanket|Air conditioning|Toiletries|Towels
A-03125,RA-53940,Deluxe Double Room · City view,Double Bed|120 sq.ft|3 Adults|Flat-screen TV|Linens|Blanket|TV|Towels
A-06146,RA-92294,Deluxe Room,Double Bed|185 sq.ft|2 Adults|Flat-screen TV|Linens|Wardrobe/closet|TV|Ironing facilities
A-05275,RA-90795,Deluxe Room · City view,Double Bed|120 sq.ft|2 Adults|Minibar|Flat-screen TV|Linens|Blanket|TV
A-60784,RA-68076,Standard Room · City view,Double Bed|150 sq.ft|3 Adults|TV|WiFi access|Water bottle|Attached washroom|Fan|Accessible by elevator
A-95500,RA-33556,Deluxe Room · City view,Double Bed|140 sq.ft|3 Adults|Sofa|Blanket|TV|Air conditioning|Toiletries
A-10734,RA-94554,Standard Twin,Twin Bed|140 sq.ft|2 Adults|Wardrobe/closet|Blanket|Toiletries|WiFi access|Water bottle
A-19647,RA-14102,Standard 1 BHK with Balcony · City view,Queen Bed|210 sq.ft|3 Adults|Blanket|Attached washroom|Fan
A-14735,RA-47771,Room Assigned on Arrival,
A-19687,RA-31178,Executive Double Room · City view,Double Bed|272 sq.ft|2 Adults|Fridge|Blanket|TV|Air conditioning|Toiletries
A-80720,RA-76457,Luxury Triple Room · City view,Triple Bed|225 sq.ft|3 Adults|Fridge|Flat-screen TV|Linens|Wardrobe/closet|Blanket
A-97927,RA-82118,Deluxe Room Air Conditioning,
A-24169,RA-04498,Superior Room,
A-27543,RA-27238,Guesthouse,
A-10311,RA-92196,Single Suite,King Bed|750 sq.ft|2 Adults|Fridge|Minibar|Separate living room|Sofa|Wardrobe/closet
A-89932,RA-73041,"Executive Room, 1 Bedroom, Garden View · Garden view",183 sq.ft|3 Adults|Coffee machine|Air conditioning|Toiletries|Private bathroom|Shower
A-42244,RA-46314,Executive Suite,
A-25031,RA-60410,"Suite, 1 King Bed · City view",KingBed|581 sq.ft|3 Adults|Pillow menu|Wine/champagne|Coffee machine|Fridge|Minibar
A-99271,RA-42398,Standard Double Room · City view,Double Bed|120 sq.ft|3 Adults|Air conditioning|Towels|Fan|Shampoo|Desk
A-92559,RA-10343,Deluxe A/C Rooms,Queen Bed|200 sq.ft|2 Adults|Blanket|Air conditioning|Toiletries|Attached washroom|Shower
A-25821,RA-78320,Deluxe Room with Balcony · City view,Double Bed|200 sq.ft|2 Adults|Wardrobe/closet|Blanket|TV|Air conditioning|Toiletries
A-75266,RA-67426,Executive,173 sq.ft|2 Guests|Flat-screen TV|Wardrobe/closet|TV|Air conditioning|Toiletries
A-96180,RA-11154,Deluxe,Double Bed|125 sq.ft|2 Adults|Blanket|Attached washroom|Fan
A-66370,RA-40008,Deluxe Room · City view,Double Bed|150 sq.ft|2 Adults|Dining area|Sofa|Wardrobe/closet|Blanket|TV
A-42861,RA-89791,Standard Room,Queen Bed|160 sq.ft|2 Adults|Flat-screen TV|Linens|Blanket|Air conditioning|Toiletries
A-53072,RA-63508,Deluxe Room · City view,Double Bed|180 sq.ft|2 Adults|Flat-screen TV|Linens|Wardrobe/closet|Wake up service|Blanket
A-04366,RA-13832,Classic,Double Bed|100 sq.ft|2 Adults|Blanket|Attached washroom|Fan
A-09445,RA-50106,Standard Twin,Twin Bed|120 sq.ft|2 Adults|Duvet|Blanket|Toiletries|Towels|WiFi access
A-73263,RA-58823,Standard Room,King Bed|190 sq.ft|2 Adults|Flat-screen TV|Linens|Blanket|Air conditioning|Toiletries
A-99316,RA-52625,Penthouse Room With Balcony · City view,King Bed|320 sq.ft|3 Adults|Fridge|Wine glasses|Blackout curtains|Flat-screen TV|Dining table
A-97677,RA-66630,Deluxe Room Pool View Twin Bed · Pool view,Twin Bed|355 sq.ft|3 Adults|Fridge|Blackout curtains|Flat-screen TV|Duvet|Linens
A-76659,RA-83175,Executive Double Room · City view,Double Bed|235 sq.ft|3 Adults|Tea/coffee maker|Minibar|Flat-screen TV|Linens|Blanket
A-42083,RA-74923,Standard Room · City view,Queen Bed|2282 sq.ft|2 Adults|Blanket|Attached washroom|Fan
A-51638,RA-56690,Executive Suite · City view,Double Bed|150 sq.ft|3 Adults|Flat-screen TV|Linens|Wardrobe/closet|Blanket|TV
A-52559,RA-47538,Deluxe Room,162 sq.ft|2 Guests|Tea/coffee maker|Dining table|Sofa|Linens|Wardrobe/closet
A-73659,RA-52004,Standard King Room · City view,Double Bed|260 sq.ft|3 Adults|TV|Ironing facilities|Air conditioning|Towels|Shower
A-34477,RA-43723,Premium Room · City view,Double Bed|3 Adults|Blanket|Water bottle|Clothes rack|Mirror|Charging points|Trash can
A-33330,RA-84015,Deluxe Room with Balcony · City view,King Bed|110 sq.ft|3 Adults|Blackout curtains|Duvet|Blanket|TV|Air conditioning
A-76286,RA-45356,Family Triple Room,
A-60352,RA-84501,Deluxe A/C Room · City view,Double Bed|200 sq.ft|3 Adults|Wardrobe/closet|Blanket|TV|Air conditioning|Toiletries
A-81789,RA-33492,Premium Queen,Queen Bed|130 sq.ft|2 Adults|Blanket|Towels|WiFi access|Water bottle|Attached washroom
A-86779,RA-29499,Double Room with Private Bathroom,151 sq.ft|2 Guests|Linens|Wardrobe/closet|Ironing facilities|Air conditioning|Toiletries
A-35449,RA-52985,Premier Pool View Twin Room,334 sq.ft|1 Adult|Tea/coffee maker|Fridge|Minibar|Blackout curtains|Sofa
A-90693,RA-79070,Premium Room,Double Bed|200 sq.ft|2 Adults|Blanket|TV|Toiletries|Towels|WiFi access
A-46407,RA-38874,Standard Double or Twin Room · City view,Double Bed|100 sq.ft|3 Adults|Fridge|Minibar|Sofa|Air conditioning|Private bathroom
A-27566,RA-07437,Deluxe Suite,
A-15916,RA-10497,Executive Rooms · City view,Double Bed|225 sq.ft|3 Adults|Minibar|Linens|Blanket|TV|Towels
A-60699,RA-45958,Executive Room · City view,Double Bed|220 sq.ft|3 Adults|Air conditioning|Water bottle|Housekeeping|Attached washroom|Clothes rack
A-44506,RA-01101,Triple Bedroom AC,2369 sq.ft|3 Guests
A-81095,RA-23078,Deluxe NON AC Room · City view,Double Bed|150 sq.ft|2 Adults|Flat-screen TV|Linens|Blanket|TV|Towels
A-78730,RA-56406,Family Room,
A-74596,RA-48702,Signature Room,Double Bed|140 sq.ft|2 Adults|Blanket|TV|Air conditioning|Toiletries|Towels
A-21265,RA-36752,Standard Room (Queen) · City view,QueenBed|194 sq.ft|2 Adults|Minibar|Blackout curtains|Wardrobe/closet|TV|Ironing facilities
A-42951,RA-22624,Triple Bed AC,Triple Bed|150 sq.ft|3 Adults|Blanket|TV|Air conditioning|WiFi access|Water bottle
A-88971,RA-33277,Deluxe Suite Room · City view,Double Bed|500 sq.ft|3 Adults|Fridge|Dining table|TV|Ironing facilities|Air conditioning
A-17130,RA-89496,Basic Room,QueenBed|151 sq.ft|2 Adults|Toiletries|Private bathroom|Shower|Desk|Room service
A-94981,RA-95945,Standard Double Room · City view,Double Bed|120 sq.ft|2 Adults|Ironing facilities|Air conditioning|Towels|Shower|Conditioner
A-03685,RA-58257,Premium AC Room · City view,Double Bed|250 sq.ft|3 Adults|Blanket|TV|Air conditioning|WiFi access|Water bottle
A-99714,RA-48680,2BHK,3014 sq.ft|4 Guests|Air conditioning
A-80260,RA-27528,Classic Room,Queen Bed|140 sq.ft|2 Adults|Tea/coffee maker|Coffee machine|Fridge|Wardrobe/closet|Blanket
A-59078,RA-35712,Classic with Balcony,King Bed|120 sq.ft|2 Adults|Blackout curtains|Fan|Charging points
A-32094,RA-03975,"Winter Green Premium, Guest room, 1 Queen, City view · City view",Queen Bed|269 sq.ft|3 Adults|Tea/coffee maker|Air conditioning|Water bottle|Geyser|Safe|Cable channels
A-51154,RA-75767,Suite Room · City view,Double Bed|600 sq.ft|3 Adults|Fridge|Blanket|TV|Air conditioning|WiFi access
A-57002,RA-16117,Superior Apartment,
A-80720,RA-94792,Luxury Room W Bathtub,King Bed|320 sq.ft|2 Adults|Blackout curtains|Blanket|Air conditioning|Bathtub|Attached washroom
A-74140,RA-85900,"Premium Double Room, 1 King Bed",
A-97677,RA-44088,Deluxe Room Pool View King Bed · Pool view,King Bed|355 sq.ft|3 Adults|Fridge|Minibar|Blackout curtains|Flat-screen TV|Duvet
A-55830,RA-71217,Standard Room · City view,Double Bed|199 sq.ft|2 Adults|Cushions|Water bottle|Housekeeping|Attached washroom|Fan
A-59467,RA-82219,Deluxe Suite Room · City view,King Bed|200 sq.ft|3 Adults|Blanket|Water bottle|Attached washroom|Clothes rack|Fan
A-99316,RA-68823,Penthouse Room · City view,King Bed|300 sq.ft|3 Adults|Fridge|Wine glasses|Blackout curtains|Flat-screen TV|Dining table
A-53396,RA-60908,Executive Room · Quiet street view,Double Bed|210 sq.ft|3 Adults|Fridge|Wardrobe/closet|Blanket|Air conditioning|Water bottle
A-36450,RA-44710,Deluxe Room,2 Adults|TV|Bathtub or shower|Private bathroom|Desk|Smoking policy – smoking available
A-33183,RA-48726,Executive Twin Bed · City view,Double Bed|156 sq.ft|3 Adults|Fridge|Flat-screen TV|Linens|Blanket|TV
A-68020,RA-65654,Standard Room · City view,Double Bed|200 sq.ft|3 Adults|Blanket|TV|Air conditioning|Toiletries|WiFi access
A-57974,RA-64310,Double Room,3230 sq.ft|2 Guests|Flat-screen TV|Dining table|Linens|Wardrobe/closet|Air conditioning
A-06195,RA-30706,Superior Twin · City view,Double Bed|550 sq.ft|3 Adults|Minibar|Sofa|Blanket|TV|Cushions
A-52340,RA-62324,Classic,Queen Bed|100 sq.ft|3 Adults|Blackout curtains|Wardrobe/closet|Blanket|TV|Air conditioning
A-16593,RA-39741,Premium Room,
A-90379,RA-76579,Saver Single,Single Bed|110 sq.ft|2 Adults|Blackout curtains|Fan|Charging points
A-25363,RA-59892,"Suite, 1 King Bed, City View (Suite Room)",1023 sq.ft|1 Adult|Fridge|Wardrobe/closet|Desk|Trash can
A-69115,RA-49824,Deluxe Double Room,180 sq.ft|2 Adults|Fridge|Wardrobe/closet|Blanket|TV|Ironing facilities
A-81308,RA-58688,Executive Suite with Bathtub · City view,Double Bed|668 sq.ft|3 Adults|Fridge|Minibar|Blackout curtains|Duvet|Linens
A-46711,RA-99949,Suite Room,Double Bed|200 sq.ft|3 Adults|Blanket|TV|Air conditioning|Toiletries|Towels
A-07437,RA-89574,EXECUTIVE AC ROOM,King Bed|192 sq.ft|2 Adults|Blackout curtains|Blanket|TV|Air conditioning|WiFi access
A-94712,RA-00570,Deluxe Double Room · City view,Double Bed|300 sq.ft|3 Adults|Blanket|TV|Air conditioning|WiFi access|Water bottle
A-91579,RA-05317,Standard Room · City view,Double Bed|120 sq.ft|3 Adults|Blanket|Air conditioning|Attached washroom|Fan
A-20808,RA-28598,Ex - Deluxe Room · City view,Double Bed|285 sq.ft|3 Adults|Fridge|Minibar|Separate living room|Wardrobe/closet|Blanket
A-13270,RA-09496,Suite with City View · City view,Double Bed|350 sq.ft|3 Adults|Blackout curtains|Wardrobe/closet|Blanket|TV|Air conditioning
A-17652,RA-17409,Villa,King Bed|400 sq.ft|10 Adults|WiFi access|Attached washroom|Fan|Desk
A-78729,RA-54675,Classic,Double Bed|100 sq.ft|2 Adults|Blanket|Attached washroom|Fan
A-30796,RA-54838,EXECUTIVE AC ROOM · City view,Double Bed|260 sq.ft|3 Adults|Blanket|Water bottle|Attached washroom
A-96882,RA-84709,Executive Suite,453 sq.ft|2 Guests|Tea/coffee maker|Fridge|Minibar|Flat-screen TV|Linens
A-59550,RA-84813,Standard Room · City view,Double Bed|200 sq.ft|3 Adults|Blanket|TV|Air conditioning|Toiletries|Towels
A-80457,RA-46126,Premium Suite · City view,King Bed|230 sq.ft|3 Adults|Blanket|Attached washroom|Fan
A-50705,RA-70991,Standard Twin Room · City view,Twin Bed|160 sq.ft|2 Adults|Blanket|Air conditioning|Water bottle|Attached washroom|Clothes rack
A-08306,RA-25199,Triple Room · City view,Queen Bed|120 sq.ft|4 Adults|Blanket|Water bottle|Attached washroom
A-15002,RA-40029,Standard Twin Room,
A-99463,RA-25049,Premium Room · City view,Double Bed|10 sq.ft|3 Adults|Wardrobe/closet|TV|Ironing facilities|Air conditioning|Heating
A-05181,RA-89832,Deluxe Room · City view,Queen Bed|160 sq.ft|3 Adults|Flat-screen TV|Duvet|Linens|Blanket|TV
A-60438,RA-25549,Standard Double Room · City view,Double Bed|145 sq.ft|2 Adults|TV|Towels|Fan|Shower|Shampoo|Desk
A-99080,RA-42669,Four Bed Executive Ac · City view,Double Bed|180 sq.ft|5 Adults|Fridge|Blanket|Air conditioning|WiFi access|Water bottle
A-24140,RA-78892,Deluxe,
A-92434,RA-42496,Premium Room · City view,Double Bed|200 sq.ft|3 Adults|Sofa|Blanket|TV|Toiletries|WiFi access
A-41021,RA-98079,Classic,Double Bed|100 sq.ft|2 Adults|Blanket|Attached washroom|Fan
A-60795,RA-87358,Deluxe,1712 sq.ft|4 Guests|Flat-screen TV|Dining table|Linens|Wardrobe/closet|Air conditioning
A-51291,RA-05450,2BHK (AC in Bedroom) · City view,Double Bed|550 sq.ft|4 Adults|Sofa|Blanket|TV|Air conditioning|Toiletries
A-77213,RA-87590,Deluxe Twin Room · City view,Twin Bed|470 sq.ft|3 Adults|Fridge|Wardrobe/closet|Ironing facilities|Clothes dryer|Dental kit
A-69606,RA-30919,Executive Double or Twin Room · City view,Double Bed|325 sq.ft|3 Adults|Fridge|Minibar|Flat-screen TV|Linens|Blanket
A-94163,RA-63437,Premium Room,
A-08901,RA-61994,Standard Triple Room A/C · City view,Double Bed|230 sq.ft|3 Adults|Wardrobe/closet|Blanket|TV|Air conditioning|WiFi access
A-54409,RA-77672,Standard Room,Double Bed|200 sq.ft|3 Adults|Blanket|Toiletries|WiFi access|Attached washroom
A-15126,RA-63522,"Deluxe Double or Twin Room, Balcony",FullBed|3 Adults|Wardrobe/closet|Ironing facilities|Toiletries|Bathtub|Private bathroom
A-12319,RA-09270,Queen Suites Room · City view,Queen Bed|200 sq.ft|4 Adults|Blanket|Water bottle|Attached washroom
A-91530,RA-47187,Standard Double Room · City view,Double Bed|120 sq.ft|3 Adults|Feather pillow|TV|Ironing facilities|Air conditioning|Towels
A-97052,RA-47589,Deluxe Room · City view,Double Bed|320 sq.ft|3 Adults|Fridge|TV|Ironing facilities|Air conditioning|Towels
A-94572,RA-35833,Superior Deluxe King Room,
A-69380,RA-74566,Standard Twin,Twin Bed|140 sq.ft|2 Adults|Blanket|Toiletries|WiFi access|Water bottle|Housekeeping
A-78730,RA-00667,Economy Room,
A-40114,RA-56578,Royal Suite,5382 sq.ft|1 Adult|Fridge|Wine glasses|Separate living room|Dining table|Sofa
A-90330,RA-08850,Deluxe King room with balcony · City view,King Bed|200 sq.ft|3 Adults|Blackout curtains|Blanket|Air conditioning|Attached washroom|Fan
A-29322,RA-25364,Standared Room,Double Bed|200 sq.ft|3 Adults|Blanket|Toiletries|WiFi access|Attached washroom
A-07354,RA-33319,Standard Room NON AC,Double Bed|100 sq.ft|2 Adults|Blackout curtains|Blanket|Attached washroom|Fan|Charging points|Dustbin
A-02934,RA-08523,3BHK · Balcony,King Bed|800 sq.ft|6 Adults|Fridge|Flat-screen TV|Duvet|Wardrobe/closet|TV
A-06977,RA-32324,6 Bed AC Dorm Female · City view,Single Bed|6 Adults|Blanket|Air conditioning|Mirror|Charging points|Trash can
A-56920,RA-35085,Deluxe Room · City view,Double Bed|100 sq.ft|2 Adults|Blanket|Water bottle|Attached washroom
A-56051,RA-95274,Suite Room · City view,Double Bed|170 sq.ft|3 Adults|Fridge|Blanket|TV|Air conditioning|Water bottle
A-02235,RA-12495,Standard Room,Double Bed|299 sq.ft|3 Adults|Blanket|TV|Ironing facilities|Air conditioning|Heating
A-80873,RA-47045,Standard Double Room · City view,Double Bed|85 sq.ft|3 Adults|Blanket|TV|Water bottle|Fan|Shower
A-42701,RA-34108,Deluxe Double Room,
A-87411,RA-45151,The Haven by Jade · Garden view,Double Bed|2000 sq.ft|10 Adults|Pool towels|Blanket|TV|Air conditioning|Toiletries
A-41437,RA-76203,Cottage,259 sq.ft|2 Guests|Tea/coffee maker|Flat-screen TV|Linens|Wardrobe/closet|TV
A-38250,RA-11502,Deluxe Double or Twin,3014 sq.ft|2 Guests
A-53678,RA-75227,Luxury Premium - Non Smoking · City view,Double Bed|240 sq.ft|2 Adults|Minibar|Wardrobe/closet|TV|Air conditioning|Towels
A-48635,RA-36216,Deluxe Non AC Double Room · City view,Double Bed|3 Adults|Blanket|TV|Air conditioning|WiFi access|Water bottle
A-04138,RA-47915,4 Bed Family Room · City view,Double Bed|260 sq.ft|4 Adults|Blanket|TV|Toiletries|WiFi access|Water bottle
A-55478,RA-95369,House,
A-11940,RA-67428,Nature Bedroom with Balcony · City view,Queen Bed|215 sq.ft|3 Adults|Linens|Wardrobe/closet|Wake up service|Blanket|TV
A-05680,RA-28664,"Superior Double Room, Balcony, City View",
A-68264,RA-15037,Executive Room · City view,Double Bed|200 sq.ft|3 Adults|Blackout curtains|Flat-screen TV|Blanket|TV|Air conditioning
A-06487,RA-30074,Deluxe Double Room,Double Bed|105 sq.ft|2 Adults|Tea/coffee maker|Blackout curtains|Flat-screen TV|Linens|Wardrobe/closet
A-15714,RA-86132,"Superior Villa, Garden View",
A-90806,RA-08766,Executive · City view,Double Bed|200 sq.ft|3 Adults|Blanket|TV|Air conditioning|WiFi access|Attached washroom|Shower
A-11604,RA-42179,Deluxe Room · City view,Double Bed|3 Adults|Blanket|Water bottle|Attached washroom|Clothes rack|Fan
A-60930,RA-75660,FAMILY SUITE · City view,King Bed|402 sq.ft|3 Adults|Minibar|Blanket|WiFi access|Cushions|Water bottle
A-35449,RA-36649,Deluxe Twin Room,
A-07702,RA-26621,Deluxe Double Room,Double Bed|152 sq.ft|2 Adults|Tea/coffee maker|Blackout curtains|Flat-screen TV|Linens|Wardrobe/closet
A-63518,RA-15670,Deluxe Suite · City view,Double Bed|780 sq.ft|3 Adults|Blanket|Toiletries|WiFi access|Water bottle|Attached washroom
A-33946,RA-30526,Premium Room · City view,King Bed|288 sq.ft|3 Adults|Blanket|TV|Ironing facilities|Air conditioning|Air purifier
A-74546,RA-21144,Premium Room · City view,King Bed|240 sq.ft|3 Adults|Duvet|Air conditioning|Toiletries|WiFi access|Housekeeping
A-57650,RA-70507,One-Bedroom Apartment,205 sq.ft|2 Guests|Fridge|Flat-screen TV|Dining table|Sofa|Linens
A-14595,RA-67687,Premium Room,King Bed|250 sq.ft|3 Adults|Tea/coffee maker|Flat-screen TV|Linens|Wardrobe/closet|Wake up service
A-25031,RA-01197,"Room, 1 King Bed · Park View",KingBed|431 sq.ft|3 Adults|Pillow menu|Wine/champagne|Coffee machine|Fridge|Minibar
A-58175,RA-93187,Classic,108 sq.ft|2 Guests|Flat-screen TV|Linens|Wardrobe/closet|TV|Air conditioning
A-20808,RA-99268,Executive Suite Room · City view,Double Bed|620 sq.ft|4 Adults|Fridge|Minibar|Separate living room|Wardrobe/closet|Blanket
A-61624,RA-23749,Family Room · City view,King Bed|450 sq.ft|2 Adults|Blackout curtains|Sofa|Blanket|TV|Air conditioning
A-89990,RA-31695,Double Room · City view,Double Bed|120 sq.ft|2 Adults|Minibar|Flat-screen TV|Linens|Blanket|TV
A-10733,RA-36506,Standard Queen Room · City view,Queen Bed|160 sq.ft|3 Adults|Blanket|TV|Air conditioning|WiFi access|Water bottle
A-81435,RA-31428,Superior Double Room · City view,Double Bed|150 sq.ft|3 Adults|Ironing facilities|Air conditioning|Towels|Fan|Shower|Desk
A-85712,RA-39748,Executive Twin Room · City view,Twin Bed|144 sq.ft|3 Adults|Blackout curtains|Flat-screen TV|Wardrobe/closet|Blanket|TV
A-23189,RA-85400,Standard Twin,Twin Bed|140 sq.ft|2 Adults|Wardrobe/closet|Blanket|Toiletries|WiFi access|Water bottle
A-25031,RA-57729,"Apartment, 3 Bedrooms · City view",FullBed|1453 sq.ft|6 Adults|Pillow menu|Wine/champagne|Coffee machine|Fridge|Minibar
A-93345,RA-18156,AC 3 Bedroom House,1938 sq.ft|6 Guests|Air conditioning
A-95471,RA-59065,Executive Suite,Double Bed|150 sq.ft|3 Adults|Air conditioning|WiFi access|Water bottle|Private bathroom|Attached washroom
A-79140,RA-97154,Deluxe Double Room,
A-80467,RA-54774,Deluxe AC Room · City view,Double Bed|220 sq.ft|3 Adults|Wardrobe/closet|Desk|Trash can
A-11523,RA-26548,Deluxe Room · City view,Double Bed|190 sq.ft|3 Adults|Blanket|TV|WiFi access|Water bottle|Attached washroom|Shower
A-26991,RA-86763,Apartment,5167 sq.ft|2 Guests|Private pool|Tea/coffee maker|Minibar|Flat-screen TV|Separate living room
A-33723,RA-23725,Deluxe AC Room · City view,King Bed|120 sq.ft|3 Adults|Blanket|TV|Toiletries|Towels|WiFi access
A-39526,RA-86702,Suite · City view,Double Bed|225 sq.ft|3 Adults|Minibar|Blanket|TV|Ironing facilities|Air conditioning
A-53524,RA-29593,1BHK apartment,King Bed|250 sq.ft|3 Adults|Blanket|TV|Ironing facilities|Air conditioning|Toiletries
A-47816,RA-79525,Suite Room · City view,Double Bed|3 Adults|Wardrobe/closet|Blanket|TV|Air conditioning|WiFi access
A-43571,RA-91841,Queen Room with Balcony. · City view,Queen Bed|250 sq.ft|2 Adults|Blanket|Attached washroom|Fan
A-61679,RA-73625,Deluxe Double Room,
A-04037,RA-96436,Deluxe King,1615 sq.ft|2 Guests|Flat-screen TV|Linens|Wardrobe/closet|Extra long beds (> 6.5 ft)|TV
A-90461,RA-86025,Executive Queen,Queen Bed|180 sq.ft|2 Adults|Fridge|Minibar|Blackout curtains|Duvet|Linens
A-81117,RA-44822,Classic 1BHK Apartment · City view,Double Bed|600 sq.ft|3 Adults|Sofa|Blanket|TV|WiFi access|Water bottle
A-68607,RA-56685,Suite,King Bed|140 sq.ft|2 Adults|Blackout curtains|Air conditioning|Charging points
A-42244,RA-93584,"Standard Room, City View",
A-88177,RA-59066,Deluxe Private Room in Shared Apartment · City view,Double Bed|240 sq.ft|3 Adults|Blanket|TV|Air conditioning|WiFi access|Water bottle
A-14551,RA-03746,Standard Double Room,151 sq.ft|2 Guests|Flat-screen TV|Linens|Wardrobe/closet|TV|Air conditioning
A-60795,RA-81601,Standard,2799 sq.ft|2 Guests|Air conditioning|LAN Internet access|Smoking policy – non-smoking available
A-91686,RA-33822,Standard Twin Room,183 sq.ft|2 Guests|Dining table|Linens|Wardrobe/closet|Ironing facilities|Air conditioning
A-36856,RA-51956,Premier Suite · City view,Double Bed|748 sq.ft|3 Adults|Blanket|Water bottle|Attached washroom
A-79415,RA-92077,Deluxe Double Room,
A-19358,RA-57891,Executive Room · City view,Double Bed|272 sq.ft|3 Adults|Fridge|Dining table|Wardrobe/closet|Blanket|TV
A-09167,RA-70842,Executive Room,
A-09267,RA-49364,Deluxe Room,
A-42478,RA-70670,Deluxe Room,Double Bed|150 sq.ft|2 Adults|Flat-screen TV|Wake up service|TV|Air conditioning|Toiletries
A-43823,RA-53411,Hoodo Zoe -Country Style Apartment - 102 W Balc,King Bed|475 sq.ft|3 Adults|Fridge|Blackout curtains|Dining table|Sofa|Wardrobe/closet
A-19664,RA-32972,Deluxe Double AC · City view,Double Bed|150 sq.ft|3 Adults|Sofa|Wardrobe/closet|Blanket|TV|Air conditioning
A-00154,RA-88526,House,
A-43933,RA-65177,Signature Suite with Separate Living Area,Queen Bed|355 sq.ft|2 Adults|Blanket|TV|Air conditioning|Toiletries|Towels
A-85174,RA-07527,Executive Room · City view,Queen Bed|100 sq.ft|3 Adults|Blanket|Water bottle|Attached washroom
A-62641,RA-63523,Standard Room,140 sq.ft|2 Adults|Coffee machine|Wardrobe/closet|Toiletries|Private bathroom|Shower
A-87190,RA-75129,Standard AC Room · City view,Double Bed|120 sq.ft|3 Adults|Blanket|TV|Water bottle|Attached washroom|Clothes rack
A-68485,RA-14092,Deluxe Room With Balcony · City view,Queen Bed|110 sq.ft|3 Adults|Blanket|Attached washroom|Fan
A-49503,RA-40394,Deluxe Twin · City view,Double Bed|180 sq.ft|2 Adults|Minibar|Sofa|Feather pillow|TV|Ironing facilities
A-47887,RA-74660,Family Room · Pool view,Double Bed|225 sq.ft|4 Adults|Blanket|Air conditioning|WiFi access|Water bottle|Attached washroom
A-28894,RA-34214,Standard Double Room,Double Bed|180 sq.ft|2 Adults|Flat-screen TV|Duvet|Linens|Wardrobe/closet|Wake up service
A-74276,RA-37308,Premium Suit Room · City view,King Bed|330 sq.ft|2 Adults|Flat-screen TV|TV|Air conditioning|Toiletries|Towels
A-24002,RA-26028,Superior Twin Room,2 Adults|Coffee machine|Ironing facilities|Private bathroom|Safe|Electric kettle
A-62963,RA-84687,Double,King Bed|110 sq.ft|2 Adults|Blackout curtains|Fan|Charging points
A-75825,RA-84835,Standard Room · City view,Queen Bed|120 sq.ft|3 Adults|Linens|TV|Cushions|Water bottle|Housekeeping
A-37285,RA-63323,Deluxe Room · City view,Double Bed|120 sq.ft|3 Adults|Blanket|Water bottle|Attached washroom
A-84144,RA-38108,Premium Deluxe,323 sq.ft|3 Guests|Flat-screen TV|Sofa|Air conditioning|Toiletries|Towels
A-89308,RA-02273,"Standard Room, 1 King Bed, Non AC, Private Bathroom, Garden View · Garden view",KingBed|180 sq.ft|2 Adults|Wine/champagne|TV|Air conditioning|Hairdryer|Shower
